-- ==========================================
-- بيانات شاملة لجميع الجداول
-- Comprehensive Data for All Tables
-- ==========================================

-- ==========================================
-- 1. الجامعات السعودية - Saudi Universities
-- ==========================================

INSERT INTO Universities (Name, Location) VALUES
-- الجامعات الحكومية - Government Universities
('جامعة الملك سعود', 'الرياض'),
('جامعة الملك عبدالعزيز', 'جدة'),
('جامعة الملك فهد للبترول والمعادن', 'الظهران'),
('جامعة الإمام محمد بن سعود الإسلامية', 'الرياض'),
('جامعة أم القرى', 'مكة المكرمة'),
('جامعة الملك خالد', 'أبها'),
('جامعة القصيم', 'بريدة'),
('جامعة طيبة', 'المدينة المنورة'),
('جامعة حائل', 'حائل'),
('جامعة الجوف', 'سكاكا'),
('جامعة نجران', 'نجران'),
('جامعة الباحة', 'الباحة'),
('جامعة تبوك', 'تبوك'),
('جامعة جازان', 'جازان'),
('جامعة الأمير سطام بن عبدالعزيز', 'الخرج'),
('جامعة شقراء', 'شقراء'),
('جامعة المجمعة', 'المجمعة'),
('جامعة الحدود الشمالية', 'عرعر'),
('جامعة بيشة', 'بيشة'),
('جامعة حفر الباطن', 'حفر الباطن'),
('جامعة الملك فيصل', 'الأحساء'),
('جامعة الإمام عبدالرحمن بن فيصل', 'الدمام'),
('جامعة الملك سلمان بن عبدالعزيز', 'الرياض'),
('جامعة الطائف', 'الطائف'),
-- الجامعات الخاصة - Private Universities
('جامعة الفيصل', 'الرياض'),
('جامعة الأميرة نورة بنت عبدالرحمن', 'الرياض'),
('جامعة الملك سعود بن عبدالعزيز للعلوم الصحية', 'الرياض'),
('جامعة الأمير سلطان', 'الرياض'),
('جامعة الأمير محمد بن فهد', 'الخبر'),
('جامعة اليمامة', 'الرياض'),
('جامعة دار العلوم', 'الرياض'),
('جامعة الريادة', 'الرياض'),
('جامعة البترجي', 'جدة'),
('جامعة عفت', 'جدة'),
('جامعة الملك عبدالله للعلوم والتقنية', 'ثول'),
('جامعة الملك سعود جامعة مشتركة للعلوم الصحية', 'الرياض'),
('جامعة سلمان بن عبدالعزيز', 'الخرج'),
('جامعة الجوف للعلوم والتقنية', 'سكاكا');

-- ==========================================
-- 2. التخصصات - Majors
-- ==========================================

INSERT INTO Majors (Name, Description) VALUES
-- التخصصات الطبية - Medical Majors
('الطب والجراحة', 'تخصص شامل في العلوم الطبية والتشخيص والعلاج'),
('طب الأسنان', 'تخصص في صحة الفم والأسنان والتشخيص والعلاج'),
('الصيدلة', 'دراسة الأدوية وصناعتها واستخداماتها العلاجية'),
('التمريض', 'الرعاية الصحية والتمريض للمرضى'),
('العلاج الطبيعي', 'إعادة تأهيل المرضى باستخدام العلاج الطبيعي'),
('العلاج الوظيفي', 'مساعدة المرضى على استعادة القدرات الوظيفية'),
('العلوم الطبية التطبيقية', 'تطبيق العلوم الطبية في الممارسة السريرية'),
('البصريات والعلوم البصرية', 'تشخيص وعلاج مشاكل العين والنظر'),
('التغذية العلاجية', 'تطبيق علم التغذية في العلاج والوقاية'),
('صحة الأسنان', 'صحة الفم والأسنان والمجتمع'),
('الطب البيطري', 'رعاية الحيوانات وتشخيص أمراضها'),
('الصحة العامة', 'تعزيز الصحة والوقاية من الأمراض'),
-- الهندسة والتقنية - Engineering and Technology
('هندسة الحاسب', 'تصميم وتطوير أنظمة الكمبيوتر'),
('هندسة البرمجيات', 'تطوير البرمجيات وتطبيقات الحاسوب'),
('هندسة الشبكات', 'تصميم وإدارة شبكات الحاسوب'),
('أمن المعلومات', 'حماية أنظمة المعلومات والشبكات'),
('ذكاء اصطناعي', 'تطوير أنظمة ذكية تعتمد على التعلم الآلي'),
('علوم البيانات', 'تحليل البيانات الضخمة واستخراج المعلومات'),
('الهندسة الكهربائية', 'تصميم الأنظمة الكهربائية والإلكترونية'),
('الهندسة الإلكترونية', 'تصميم الدوائر الإلكترونية والأنظمة'),
('الهندسة الميكانيكية', 'تصميم وتطوير الآلات والأنظمة الميكانيكية'),
('الهندسة المدنية', 'تصميم وبناء المنشآت والبنية التحتية'),
('الهندسة المعمارية', 'تصميم المباني والمنشآت المعمارية'),
('الهندسة الكيميائية', 'تصميم العمليات الكيميائية والصناعية'),
('هندسة البترول', 'استخراج ومعالجة البترول والغاز'),
('الهندسة الصناعية', 'تحسين العمليات الصناعية والإنتاجية'),
('الهندسة النووية', 'تطبيقات الطاقة النووية والوقاية الإشعاعية'),
('هندسة الطيران', 'تصميم الطائرات والفضاء'),
('الهندسة الطبية', 'تطبيق الهندسة في الطب والأجهزة الطبية'),
('هندسة التعدين', 'استخراج المعادن والمواد الخام'),
('هندسة المواد', 'دراسة وتطوير المواد والمركبات'),
('الهندسة البيئية', 'حماية البيئة وإدارة الموارد الطبيعية'),
('هندسة الميكاترونيكس', 'دمج الميكانيكا والإلكترونيات والبرمجيات'),
-- إدارة الأعمال - Business Administration
('إدارة الأعمال', 'إدارة المؤسسات والعمليات التجارية'),
('المحاسبة', 'تسجيل وتتبع المعاملات المالية'),
('التسويق', 'تطوير وتنفيذ استراتيجيات التسويق'),
('التمويل', 'إدارة الأموال والاستثمارات'),
('الاقتصاد', 'دراسة الاقتصاد والأنظمة المالية'),
('إدارة الموارد البشرية', 'إدارة شؤون الموظفين والموارد البشرية'),
('الإدارة السياحية والفندقية', 'إدارة قطاع السياحة والفنادق'),
('العلاقات العامة', 'إدارة العلاقات والتواصل المؤسسي'),
('ريادة الأعمال', 'إنشاء وإدارة المشاريع الجديدة'),
('التسويق الإلكتروني', 'التسويق عبر الإنترنت ووسائل التواصل'),
('إدارة المبيعات', 'تطوير وتنفيذ استراتيجيات المبيعات'),
('الإدارة المالية', 'إدارة الشؤون المالية والمالية الشخصية'),
-- العلوم الأساسية - Basic Sciences
('الرياضيات', 'دراسة الأرقام والكميات والأنماط'),
('الفيزياء', 'دراسة المادة والطاقة والقوانين الطبيعية'),
('الكيمياء', 'دراسة المواد وتحولاتها وخصائصها'),
('العلوم الحيوية', 'دراسة الكائنات الحية والأنظمة البيولوجية'),
('الأحياء الدقيقة', 'دراسة الكائنات الدقيقة والبكتيريا'),
('الكيمياء الحيوية', 'دراسة العمليات الكيميائية في الكائنات الحية'),
('العلوم البيئية', 'دراسة البيئة والمحافظة عليها'),
('الجيولوجيا', 'دراسة الأرض والموارد الطبيعية'),
('الفيزياء الطبية', 'تطبيق الفيزياء في الطب والتصوير الطبي'),
-- علوم الحاسب - Computer Sciences
('علوم الحاسب', 'دراسة البرمجة والخوارزميات ونظم الحاسوب'),
('هندسة الحاسب والشبكات', 'تصميم شبكات الحاسوب والأنظمة'),
('نظم المعلومات', 'تطوير أنظمة المعلومات الإدارية'),
('رسوميات الحاسب', 'تصميم الرسومات والواجهات الرقمية'),
('ألعاب الحاسب', 'تطوير ألعاب الكمبيوتر والتطبيقات التفاعلية'),
-- الدراسات الإسلامية - Islamic Studies
('الشريعة', 'دراسة الأحكام الشرعية والفقه الإسلامي'),
('الفقه', 'دراسة الأحكام الشرعية التفصيلية'),
('أصول الفقه', 'دراسة منهجية الاستنباط الفقهي'),
('التفسير والحديث', 'دراسة القرآن الكريم والسنة النبوية'),
('اللغة العربية', 'دراسة الأدب واللغة العربية وآدابها'),
('الدراسات القرآنية', 'دراسة القرآن الكريم وعلومه'),
('الدعوة الإسلامية', 'أساليب وطرق الدعوة إلى الإسلام'),
-- التربية والعلوم الإنسانية - Education and Humanities
('التربية', 'التعليم وطرق التدريس'),
('التربية الخاصة', 'تعليم ذوي الاحتياجات الخاصة'),
('علم النفس', 'دراسة السلوك والعمليات العقلية'),
('علم الاجتماع', 'دراسة المجتمع والظواهر الاجتماعية'),
('التاريخ', 'دراسة الأحداث الماضية والسياق التاريخي'),
('الجغرافيا', 'دراسة الأرض والبيئة البشرية والطبيعية'),
('التربية الرياضية', 'التعليم في مجال الرياضة واللياقة البدنية'),
('التربية الفنية', 'التعليم في الفنون والتصميم'),
-- الفنون والتصميم - Arts and Design
('التصميم الجرافيكي', 'تصميم الرسوم والهوية البصرية'),
('التصميم الداخلي', 'تصميم المساحات والأماكن الداخلية'),
('العمارة', 'تصميم المباني والمنشآت المعمارية'),
('الفنون الجميلة', 'الإبداع في الفنون التشكيلية'),
('الرسوم المتحركة', 'إنشاء رسوم متحركة وأفلام'),
('التصوير الفوتوغرافي', 'فن التصوير والمعالجة البصرية'),
-- القانون - Law
('القانون', 'دراسة القوانين والأنظمة القانونية'),
('القضاء', 'الأنظمة القضائية والإجراءات القانونية'),
('الأنظمة', 'دراسة الأنظمة السعودية'),
-- الإعلام - Media
('الإعلام', 'الصحافة والإعلام الجماهيري'),
('العلاقات العامة والإعلام', 'إدارة الاتصال والإعلام المؤسسي'),
('الصحافة', 'كتابة الأخبار والتقارير الصحفية'),
('الإذاعة والتلفزيون', 'إنتاج البرامج الإذاعية والتلفزيونية'),
-- الزراعة - Agriculture
('الزراعة', 'علوم الزراعة والإنتاج الزراعي'),
('الاقتصاد الزراعي', 'الجوانب الاقتصادية للزراعة'),
('علوم الغذاء والتغذية', 'دراسة الأغذية والتغذية'),
-- علوم البحار - Marine Sciences
('علوم البحار', 'دراسة البيئة البحرية والموارد البحرية'),
('الهندسة البحرية', 'تصميم السفن والمنشآت البحرية'),
-- علوم الطيران - Aviation Sciences
('إدارة الطيران', 'إدارة العمليات الجوية والمطارات'),
('الملاحة الجوية', 'تخطيط وتنفيذ الرحلات الجوية'),
-- العلوم الأمنية - Security Sciences
('الأمن السيبراني', 'حماية الأنظمة والمعلومات من التهديدات الإلكترونية'),
-- تخصصات أخرى - Other Majors
('اللغة الإنجليزية', 'دراسة اللغة الإنجليزية وآدابها'),
('الترجمة', 'الترجمة بين اللغات المختلفة'),
('الدراسات الدولية', 'دراسة العلاقات الدولية والسياسة العالمية'),
('الإحصاء', 'تحليل البيانات والدراسات الإحصائية');

-- ==========================================
-- 3. ربط الجامعات بالتخصصات - University Majors Mapping
-- ==========================================

-- جامعة الملك سعود
INSERT INTO UniversityMajors (UniversityID, MajorID) VALUES
-- الطب
(1, 1), (1, 2), (1, 3), (1, 4), (1, 7), (1, 9),
-- الهندسة
(1, 13), (1, 14), (1, 15), (1, 16), (1, 17), (1, 18), (1, 19), (1, 20), (1, 23), (1, 24), (1, 25), (1, 26),
-- إدارة الأعمال
(1, 36), (1, 37), (1, 38), (1, 39), (1, 40), (1, 41), (1, 42),
-- العلوم
(1, 48), (1, 49), (1, 50), (1, 51), (1, 53),
-- علوم الحاسب
(1, 56), (1, 59), (1, 60), (1, 61), (1, 62),
-- التربية
(1, 67), (1, 68), (1, 69), (1, 72),
-- القانون
(1, 77), (1, 78), (1, 79),
-- الإعلام
(1, 81), (1, 82),
-- الزراعة
(1, 87), (1, 88);

-- جامعة الملك عبدالعزيز
INSERT INTO UniversityMajors (UniversityID, MajorID) VALUES
-- الطب
(2, 1), (2, 2), (2, 3), (2, 4), (2, 7), (2, 9), (2, 12),
-- الهندسة
(2, 13), (2, 14), (2, 16), (2, 17), (2, 18), (2, 19), (2, 20), (2, 23), (2, 24), (2, 26),
-- علوم البحر
(2, 89), (2, 90),
-- علوم الأرض
(2, 52),
-- الأرصاد
(2, 53),
-- إدارة الأعمال
(2, 36), (2, 37), (2, 38), (2, 39), (2, 40), (2, 41),
-- الآداب
(2, 69), (2, 70), (2, 71), (2, 72),
-- الفنون
(2, 74), (2, 75),
-- علوم الحاسب
(2, 56), (2, 59), (2, 60),
-- الإعلام
(2, 81), (2, 83);

-- جامعة الملك فهد للبترول والمعادن
INSERT INTO UniversityMajors (UniversityID, MajorID) VALUES
-- الهندسة البترول
(3, 20),
-- الهندسة الكيميائية
(3, 19),
-- الهندسة الميكانيكية
(3, 16),
-- الهندسة الكهربائية
(3, 14),
-- الهندسة المدنية
(3, 17),
-- الهندسة الصناعية
(3, 22),
-- علوم الحاسب
(3, 56), (3, 59), (3, 60),
-- الفيزياء
(3, 49),
-- الكيمياء
(3, 50),
-- الرياضيات
(3, 48),
-- الهندسة المعمارية
(3, 15),
-- الهندسة الطبية
(3, 25),
-- إدارة الأعمال
(3, 36), (3, 37);

-- جامعة الإمام محمد بن سعود الإسلامية
INSERT INTO UniversityMajors (UniversityID, MajorID) VALUES
-- الشريعة
(4, 63), (4, 64), (4, 65), (4, 66), (4, 67),
-- الإعلام
(4, 81), (4, 82),
-- الاقتصاد
(4, 40),
-- علوم الحاسب
(4, 56), (4, 59),
-- القانون
(4, 77), (4, 78), (4, 79),
-- التربية
(4, 72);

-- جامعة أم القرى
INSERT INTO UniversityMajors (UniversityID, MajorID) VALUES
-- الطب
(5, 1), (5, 2), (5, 3), (5, 4), (5, 7),
-- الهندسة
(5, 13), (5, 14), (5, 16), (5, 17), (5, 18), (5, 19), (5, 20),
-- العلوم التطبيقية
(5, 48), (5, 49), (5, 50), (5, 51),
-- الشريعة
(5, 63), (5, 64), (5, 65),
-- اللغة العربية
(5, 67),
-- التربية
(5, 72),
-- إدارة الأعمال
(5, 36), (5, 37), (5, 39),
-- التصاميم
(5, 74), (5, 75);

-- جامعة الملك خالد
INSERT INTO UniversityMajors (UniversityID, MajorID) VALUES
-- الطب
(6, 1), (6, 2), (6, 3), (6, 4), (6, 7),
-- الهندسة
(6, 13), (6, 14), (6, 16), (6, 17), (6, 18), (6, 19), (6, 20), (6, 23), (6, 26),
-- العلوم
(6, 48), (6, 49), (6, 50), (6, 51),
-- الآداب
(6, 70), (6, 71), (6, 72),
-- التربية
-- (6, 72), -- removed duplicate
-- إدارة الأعمال
(6, 36), (6, 37), (6, 38),
-- علوم الحاسب
(6, 56), (6, 59),
-- الشريعة
(6, 63), (6, 64);

-- جامعة القصيم
INSERT INTO UniversityMajors (UniversityID, MajorID) VALUES
-- الطب
(7, 1), (7, 2), (7, 3), (7, 4), (7, 7),
-- الهندسة
(7, 13), (7, 14), (7, 16), (7, 17), (7, 18), (7, 19), (7, 20), (7, 23), (7, 26),
-- العلوم
(7, 48), (7, 49), (7, 50), (7, 51),
-- الزراعة
(7, 87), (7, 88),
-- الشريعة
(7, 63), (7, 64),
-- اللغة العربية
(7, 67),
-- التربية
(7, 72),
-- الاقتصاد والإدارة
(7, 36), (7, 37), (7, 38), (7, 40),
-- علوم الحاسب
(7, 56), (7, 59);

-- جامعة طيبة
INSERT INTO UniversityMajors (UniversityID, MajorID) VALUES
-- الطب
(8, 1), (8, 2), (8, 3), (8, 4), (8, 7),
-- الهندسة
(8, 13), (8, 14), (8, 16), (8, 17), (8, 18), (8, 19), (8, 20), (8, 23),
-- العلوم
(8, 48), (8, 49), (8, 50), (8, 51),
-- الآداب
(8, 70), (8, 71), (8, 72),
-- التربية
-- (8, 72), -- removed duplicate
-- علوم الحاسب
(8, 56), (8, 59),
-- إدارة الأعمال
(8, 36), (8, 37),
-- القانون
(8, 77);

-- جامعة حائل
INSERT INTO UniversityMajors (UniversityID, MajorID) VALUES
-- الطب
(9, 1), (9, 2), (9, 3), (9, 4), (9, 7),
-- الهندسة
(9, 13), (9, 14), (9, 16), (9, 17), (9, 18), (9, 19), (9, 20),
-- العلوم
(9, 48), (9, 49), (9, 50), (9, 51),
-- الآداب
(9, 70), (9, 71), (9, 72),
-- التربية
-- (9, 72), -- removed duplicate
-- علوم الحاسب
(9, 56), (9, 59),
-- إدارة الأعمال
(9, 36), (9, 37);
-- التمريض
-- (9, 4); -- removed duplicate

-- جامعة الجوف
INSERT INTO UniversityMajors (UniversityID, MajorID) VALUES
-- الطب
(10, 1), (10, 2), (10, 3), (10, 4), (10, 7),
-- الهندسة
(10, 13), (10, 14), (10, 16), (10, 17), (10, 18), (10, 19), (10, 20),
-- العلوم
(10, 48), (10, 49), (10, 50), (10, 51),
-- الآداب
(10, 70), (10, 71), (10, 72),
-- التربية
-- (10, 72), -- removed duplicate
-- علوم الحاسب
(10, 56), (10, 59),
-- إدارة الأعمال
(10, 36), (10, 37),
-- الشريعة
(10, 63), (10, 64);

-- جامعة نجران
INSERT INTO UniversityMajors (UniversityID, MajorID) VALUES
-- الطب
(11, 1), (11, 2), (11, 3), (11, 4), (11, 7),
-- الهندسة
(11, 13), (11, 14), (11, 16), (11, 17), (11, 18), (11, 19), (11, 20),
-- العلوم
(11, 48), (11, 49), (11, 50), (11, 51),
-- الآداب
(11, 70), (11, 71), (11, 72),
-- التربية
-- (11, 72), -- removed duplicate
-- علوم الحاسب
(11, 56), (11, 59),
-- إدارة الأعمال
(11, 36), (11, 37),
-- الشريعة
(11, 63), (11, 64);

-- جامعة الباحة
INSERT INTO UniversityMajors (UniversityID, MajorID) VALUES
-- الطب
(12, 1), (12, 2), (12, 3), (12, 4), (12, 7),
-- الهندسة
(12, 13), (12, 14), (12, 16), (12, 17), (12, 18), (12, 19), (12, 20),
-- العلوم
(12, 48), (12, 49), (12, 50), (12, 51),
-- الآداب
(12, 70), (12, 71), (12, 72),
-- التربية
-- (12, 72), -- removed duplicate
-- علوم الحاسب
(12, 56), (12, 59),
-- إدارة الأعمال
(12, 36), (12, 37);
-- التمريض
-- (12, 4); -- removed duplicate

-- جامعة تبوك
INSERT INTO UniversityMajors (UniversityID, MajorID) VALUES
-- الطب
(13, 1), (13, 2), (13, 3), (13, 4), (13, 7),
-- الهندسة
(13, 13), (13, 14), (13, 16), (13, 17), (13, 18), (13, 19), (13, 20),
-- العلوم
(13, 48), (13, 49), (13, 50), (13, 51),
-- الآداب
(13, 70), (13, 71), (13, 72),
-- التربية
-- (13, 72), -- removed duplicate
-- علوم الحاسب
(13, 56), (13, 59),
-- إدارة الأعمال
(13, 36), (13, 37),
-- الشريعة
(13, 63), (13, 64);

-- جامعة جازان
INSERT INTO UniversityMajors (UniversityID, MajorID) VALUES
-- الطب
(14, 1), (14, 2), (14, 3), (14, 4), (14, 7),
-- الهندسة
(14, 13), (14, 14), (14, 16), (14, 17), (14, 18), (14, 19), (14, 20),
-- العلوم
(14, 48), (14, 49), (14, 50), (14, 51),
-- الآداب
(14, 70), (14, 71), (14, 72),
-- التربية
-- (14, 72), -- removed duplicate
-- علوم الحاسب
(14, 56), (14, 59),
-- إدارة الأعمال
(14, 36), (14, 37);
-- التمريض
-- (14, 4); -- removed duplicate

-- جامعة الأمير سطام بن عبدالعزيز
INSERT INTO UniversityMajors (UniversityID, MajorID) VALUES
-- الطب
(15, 1), (15, 2), (15, 3), (15, 4), (15, 7),
-- الهندسة
(15, 13), (15, 14), (15, 16), (15, 17), (15, 18), (15, 19), (15, 20),
-- العلوم
(15, 48), (15, 49), (15, 50), (15, 51),
-- الآداب
(15, 70), (15, 71), (15, 72),
-- التربية
-- (15, 72), -- removed duplicate
-- علوم الحاسب
(15, 56), (15, 59),
-- إدارة الأعمال
(15, 36), (15, 37);
-- التمريض
-- (15, 4); -- removed duplicate

-- جامعة شقراء
INSERT INTO UniversityMajors (UniversityID, MajorID) VALUES
-- الطب
(16, 1), (16, 2), (16, 3), (16, 4), (16, 7),
-- الهندسة
(16, 13), (16, 14), (16, 16), (16, 17), (16, 18), (16, 19), (16, 20),
-- العلوم
(16, 48), (16, 49), (16, 50), (16, 51),
-- الآداب
(16, 70), (16, 71), (16, 72),
-- التربية
-- (16, 72), -- removed duplicate
-- علوم الحاسب
(16, 56), (16, 59),
-- إدارة الأعمال
(16, 36), (16, 37);
-- التمريض
-- (16, 4); -- removed duplicate

-- جامعة المجمعة
INSERT INTO UniversityMajors (UniversityID, MajorID) VALUES
-- الطب
(17, 1), (17, 2), (17, 3), (17, 4), (17, 7),
-- الهندسة
(17, 13), (17, 14), (17, 16), (17, 17), (17, 18), (17, 19), (17, 20),
-- العلوم
(17, 48), (17, 49), (17, 50), (17, 51),
-- الآداب
(17, 70), (17, 71), (17, 72),
-- التربية
-- (17, 72), -- removed duplicate
-- علوم الحاسب
(17, 56), (17, 59),
-- إدارة الأعمال
(17, 36), (17, 37);
-- التمريض
-- (17, 4); -- removed duplicate

-- جامعة الحدود الشمالية
INSERT INTO UniversityMajors (UniversityID, MajorID) VALUES
-- الطب
(18, 1), (18, 2), (18, 3), (18, 4), (18, 7),
-- الهندسة
(18, 13), (18, 14), (18, 16), (18, 17), (18, 18), (18, 19), (18, 20),
-- العلوم
(18, 48), (18, 49), (18, 50), (18, 51),
-- الآداب
(18, 70), (18, 71), (18, 72),
-- التربية
-- (18, 72), -- removed duplicate
-- علوم الحاسب
(18, 56), (18, 59),
-- إدارة الأعمال
(18, 36), (18, 37);
-- التمريض
-- (18, 4); -- removed duplicate

-- جامعة بيشة
INSERT INTO UniversityMajors (UniversityID, MajorID) VALUES
-- الطب
(19, 1), (19, 2), (19, 3), (19, 4), (19, 7),
-- الهندسة
(19, 13), (19, 14), (19, 16), (19, 17), (19, 18), (19, 19), (19, 20),
-- العلوم
(19, 48), (19, 49), (19, 50), (19, 51),
-- الآداب
(19, 70), (19, 71), (19, 72),
-- التربية
-- (19, 72), -- removed duplicate
-- علوم الحاسب
(19, 56), (19, 59),
-- إدارة الأعمال
(19, 36), (19, 37);
-- التمريض
-- (19, 4); -- removed duplicate

-- جامعة حفر الباطن
INSERT INTO UniversityMajors (UniversityID, MajorID) VALUES
-- الطب
(20, 1), (20, 2), (20, 3), (20, 4), (20, 7),
-- الهندسة
(20, 13), (20, 14), (20, 16), (20, 17), (20, 18), (20, 19), (20, 20),
-- العلوم
(20, 48), (20, 49), (20, 50), (20, 51),
-- الآداب
(20, 70), (20, 71), (20, 72),
-- التربية
-- (20, 72), -- removed duplicate
-- علوم الحاسب
(20, 56), (20, 59),
-- إدارة الأعمال
(20, 36), (20, 37);
-- التمريض
-- (20, 4); -- removed duplicate

-- جامعة الإمام عبدالرحمن بن فيصل
INSERT INTO UniversityMajors (UniversityID, MajorID) VALUES
-- الطب
(22, 1), (22, 2), (22, 3), (22, 4), (22, 7), (22, 8), (22, 9),
-- الهندسة
(22, 13), (22, 14), (22, 16), (22, 17), (22, 18), (22, 19), (22, 20), (22, 23),
-- علوم الحاسب
(22, 56), (22, 59), (22, 60),
-- إدارة الأعمال
(22, 36), (22, 37), (22, 38),
-- التصميم الداخلي
(22, 75);

-- جامعة الملك فيصل
INSERT INTO UniversityMajors (UniversityID, MajorID) VALUES
-- الطب
(21, 1), (21, 2), (21, 3), (21, 4), (21, 7), (21, 11),
-- الهندسة
(21, 13), (21, 14), (21, 16), (21, 17), (21, 18), (21, 19), (21, 20), (21, 23),
-- العلوم
(21, 48), (21, 49), (21, 50), (21, 51),
-- علوم الحاسب
(21, 56), (21, 59),
-- إدارة الأعمال
(21, 36), (21, 37), (21, 38);

-- جامعة الطائف
INSERT INTO UniversityMajors (UniversityID, MajorID) VALUES
-- الطب
(24, 1), (24, 2), (24, 3), (24, 4), (24, 7),
-- الهندسة
(24, 13), (24, 14), (24, 16), (24, 17), (24, 18), (24, 19), (24, 20),
-- العلوم
(24, 48), (24, 49), (24, 50), (24, 51),
-- الآداب
(24, 70), (24, 71), (24, 72),
-- التربية
-- (24, 72), -- removed duplicate
-- علوم الحاسب
(24, 56), (24, 59),
-- إدارة الأعمال
(24, 36), (24, 37);

-- ==========================================
-- 4. الإداريون - Admins
-- ==========================================

INSERT INTO Admins (FullName, Email, PasswordHash, Role, AccessLevel, IsActive) VALUES
('أحمد بن محمد', 'admin@umr.edu.sa', '$2b$10$YourHashedPasswordHere1', 'admin', 'super', TRUE),
('سارة بنت عبدالله', 'sara.admin@umr.edu.sa', '$2b$10$YourHashedPasswordHere2', 'admin', 'admin', TRUE),
('خالد بن سعود', 'khalid.admin@umr.edu.sa', '$2b$10$YourHashedPasswordHere3', 'admin', 'admin', TRUE);

-- ==========================================
-- 5. المعلمون - Teachers
-- ==========================================

INSERT INTO Teachers (FullName, Email, PasswordHash, Role, AccessLevel, UniversityID) VALUES
('محمد أحمد العلي', 'm.ali@ksu.edu.sa', '$2b$10$YourHashedPasswordHere4', 'teacher', 'standard', 1),
('فاطمة خالد الزهراني', 'f.zahrani@kau.edu.sa', '$2b$10$YourHashedPasswordHere5', 'teacher', 'standard', 2),
('عبدالله سعد القحطاني', 'a.qahtani@kfupm.edu.sa', '$2b$10$YourHashedPasswordHere6', 'teacher', 'standard', 3),
('نورة حمد الدوسري', 'n.dosari@imamu.edu.sa', '$2b$10$YourHashedPasswordHere7', 'teacher', 'standard', 4),
('خالد عيسى الحربي', 'k.alharbi@uqu.edu.sa', '$2b$10$YourHashedPasswordHere8', 'teacher', 'standard', 5);

-- ==========================================
-- 6. الطلاب - Students
-- ==========================================

INSERT INTO Students (FullName, Email, PasswordHash, Age, Gender, AcademicData, Preferences) VALUES
('علي محمد الشمري', 'ali.shamri@student.edu', '$2b$10$StudentPasswordHere1', 18, 'M', '{"math":95,"science":88,"english":80}', 'الهندسة، الطب'),
('لينا أحمد العتيبي', 'lina.otaibi@student.edu', '$2b$10$StudentPasswordHere2', 17, 'F', '{"math":70,"science":90,"english":85}', 'الطب، التمريض'),
('يوسف عبدالرحمن الدوسري', 'y.dosari@student.edu', '$2b$10$StudentPasswordHere3', 19, 'M', '{"math":80,"science":85,"english":75}', 'هندسة الحاسب، الذكاء الاصطناعي'),
('ريم سعد العنزي', 'reem.alanzi@student.edu', '$2b$10$StudentPasswordHere4', 18, 'F', '{"math":90,"science":92,"english":88}', 'الطب والجراحة'),
('فهد خالد الزهراني', 'f.zahrani@student.edu', '$2b$10$StudentPasswordHere5', 20, 'M', '{"math":85,"science":80,"english":82}', 'إدارة الأعمال، التسويق'),
('نوف محمد القحطاني', 'nouf.qahtani@student.edu', '$2b$10$StudentPasswordHere6', 18, 'F', '{"math":75,"science":88,"english":90}', 'الصيدلة'),
('تركي عبدالله الحربي', 'turki.alharbi@student.edu', '$2b$10$StudentPasswordHere7', 19, 'M', '{"math":92,"science":95,"english":85}', 'الهندسة المدنية، الهندسة المعمارية'),
('سمر عيسى الشهري', 'samar.alshehri@student.edu', '$2b$10$StudentPasswordHere8', 17, 'F', '{"math":88,"science":85,"english":90}', 'التربية، علم النفس');

-- ==========================================
-- 7. الأسئلة - Questions
-- ==========================================

INSERT INTO Questions (Text, Category, Type) VALUES
('ما هي المجالات التي تهمك أكثر؟', 'interest', 'multiple_choice'),
('ما هدفك المهني بعد التخرج؟', 'career', 'text'),
('هل تفضل التعلم من خلال الفيديو والصور؟', 'learning_style', 'yes_no'),
('هل تتعلم أفضل عبر الاستماع للشرح؟', 'learning_style', 'yes_no'),
('ما هي نقاط قوتك الأكاديمية؟', 'academic', 'multiple_choice'),
('ما هي اهتماماتك الشخصية؟', 'personal', 'multiple_choice'),
('ما هي الخبرات العملية التي ترغب في اكتسابها؟', 'experience', 'text'),
('ما هو مستوى الإبداع الذي ترغب في ممارسته؟', 'creativity', 'scale'),
('هل تفضل العمل في فريق أم بشكل مستقل؟', 'work_style', 'choice'),
('ما هو تخصصك المفضل في المدرسة الثانوية؟', 'academic', 'choice');

-- ==========================================
-- 8. الإجابات - Answers
-- ==========================================

INSERT INTO Answers (StudentID, QuestionID, Answer) VALUES
(1, 1, 'الهندسة، الطب'),
(1, 2, 'أن أصبح مهندساً محترفاً'),
(1, 3, 'نعم'),
(1, 4, 'لا'),
(1, 5, 'الرياضيات، العلوم'),
(2, 1, 'الطب، التمريض'),
(2, 2, 'أن أصبح طبيبة متخصصة'),
(2, 3, 'نعم'),
(2, 4, 'نعم'),
(2, 5, 'العلوم، الأحياء'),
(3, 1, 'هندسة الحاسب، الذكاء الاصطناعي'),
(3, 2, 'مطور ذكاء اصطناعي'),
(3, 3, 'نعم'),
(3, 4, 'لا'),
(3, 5, 'الرياضيات، علوم الحاسب'),
(4, 1, 'الطب والجراحة'),
(4, 2, 'طبيبة جراحة'),
(4, 3, 'نعم'),
(4, 4, 'نعم'),
(4, 5, 'العلوم، الكيمياء');

-- ==========================================
-- 9. أنماط التعلم - Learning Styles
-- ==========================================

INSERT INTO LearningStyles (StudentID, VisualScore, AuditoryScore, ReadingScore, KinestheticScore, DominantStyle, SuggestedStrategies) VALUES
(1, 80, 40, 30, 50, 'بصري', 'استخدم الرسوم التوضيحية والمخططات والفيديو التعليمي'),
(2, 60, 70, 50, 40, 'سمعي', 'استخدم الملفات الصوتية والتسجيلات والمحاضرات'),
(3, 75, 35, 45, 55, 'بصري', 'استخدم البرمجة التفاعلية والتجارب البصرية'),
(4, 65, 65, 50, 45, 'مختلط', 'استخدم مجموعة متنوعة من أساليب التعلم'),
(5, 70, 50, 60, 40, 'بصري/قراءة', 'استخدم العروض التقديمية والكتب والدراسات'),
(6, 60, 70, 55, 50, 'سمعي', 'استخدم المحاضرات الصوتية والمناقشات الجماعية');

-- ==========================================
-- 10. التفاعلات - Interactions
-- ==========================================

INSERT INTO Interactions (StudentID, InteractionType, MessageContent, EngagementLevel) VALUES
(1, 'website_visit', 'زيارة الموقع الرئيسي', 5),
(1, 'question_submitted', 'إرسال استفسار', 7),
(2, 'website_visit', 'تصفح التخصصات الطبية', 6),
(3, 'chat_interaction', 'محادثة مع الموجه الأكاديمي', 8),
(4, 'website_visit', 'تقديم طلب', 7);

-- ==========================================
-- 11. التوصيات - Recommendations
-- ==========================================

INSERT INTO Recommendations (StudentID, MajorID, RecommendationText, ConfidenceScore, ModelVersion) VALUES
(1, 13, 'درجاتك العالية في الرياضيات والعلوم واهتمامك بالهندسة تدل على ملاءمتك الكبيرة لتخصص هندسة الحاسب.', 0.93, 'v2.0'),
(1, 1, 'ملاءمة جيدة لتخصص الطب والجراحة بناءً على قدراتك الأكاديمية.', 0.78, 'v2.0'),
(2, 1, 'نتائجك المتميزة في العلوم واهتمامك بالطب تجعلك مرشحاً قوياً جداً لتخصص الطب والجراحة.', 0.95, 'v2.0'),
(2, 4, 'تخصص التمريض مناسب لك بناءً على اهتمامك في الرعاية الصحية.', 0.82, 'v2.0'),
(3, 13, 'قدراتك الاستثنائية في الرياضيات وعلوم الحاسب تؤهلك بشكل ممتاز لتخصص هندسة الحاسب.', 0.96, 'v2.0'),
(3, 14, 'ذكاء اصطناعي - تخصص متقدم يناسب مهاراتك التقنية', 0.89, 'v2.0'),
(4, 1, 'نتائجك المتميزة في الكيمياء والعلوم تؤهلك لتخصص الطب والجراحة.', 0.94, 'v2.0');

-- ==========================================
-- 12. الطلبات - Applications
-- ==========================================

INSERT INTO Applications (StudentID, UniversityID, MajorID, Status, Notes) VALUES
(1, 1, 13, 'pending', 'طالب جديد'),
(2, 2, 1, 'under-review', 'قيد المراجعة'),
(3, 3, 13, 'accepted', 'تم القبول - مبارك!'),
(4, 1, 1, 'pending', 'بانتظار إعلان النتائج'),
(5, 1, 36, 'under-review', 'قيد المراجعة النهائية'),
(6, 1, 3, 'pending', 'بانتظار المقابلة');

-- ==========================================
-- 13. المتابعة - Monitors
-- ==========================================

INSERT INTO Monitors (TeacherID, StudentID) VALUES
(1, 1), (1, 2), (1, 3),
(2, 4), (2, 5),
(3, 6), (3, 7), (3, 8),
(4, 2), (4, 6),
(5, 1), (5, 3);

-- ==========================================
-- 14. ملاحظات المتابعة - Tracking Notes
-- ==========================================

INSERT INTO TrackingNotes (StudentID, TeacherID, NoteType, Note) VALUES
(1, 1, 'academic', 'الطالب يظهر اهتماماً كبيراً بالهندسة. يُنصح بمراجعة المسار الأكاديمي.'),
(2, 1, 'academic', 'نتائج ممتازة في العلوم. ستكون مرشحة قوية للطب.'),
(3, 3, 'academic', 'قدرات استثنائية في البرمجة والرياضيات. يفضل تخصص هندسة الحاسب.'),
(1, 1, 'guidance', 'جلسة توجيه مكتملة بنجاح. الطالب واثق من خياراته.'),
(4, 2, 'academic', 'من ضمن أفضل الطلاب أكاديمياً. مستعد بشكل جيد للطب.'),
(5, 2, 'behavioral', 'نشط جداً في الأنشطة. شخصية قيادية.'),
(6, 3, 'academic', 'اهتمام واضح بالصيدلة. يُنصح بمراجعة شروط القبول.');

-- ==========================================
-- 15. المقابلات - Interviews
-- ==========================================

INSERT INTO Interviews (ApplicationID, StudentID, InterviewDate, InterviewTime, Location, InterviewerName, Status, Result) VALUES
(2, 2, '2024-03-15', '10:00:00', 'المبنى الطبي - جامعة الملك عبدالعزيز', 'د. فاطمة الزهراني', 'completed', 'accepted'),
(5, 5, '2024-03-20', '14:00:00', 'قسم إدارة الأعمال', 'د. أحمد العلي', 'scheduled', NULL),
(6, 6, '2024-03-25', '11:00:00', 'المبنى الطبي', 'د. خالد الحربي', 'scheduled', NULL);

-- ==========================================
-- 16. أحداث التقويم - Calendar Events
-- ==========================================

INSERT INTO CalendarEvents (UserID, UserType, Title, Description, EventDate, EventTime, EventType, Reminder, RelatedStudentID) VALUES
(1, 'teacher', 'اجتماع مع الطالب علي الشمري', 'مناقشة التوصيات الأكاديمية', '2024-03-10', '10:00:00', 'followup', TRUE, 1),
(2, 'teacher', 'انتهاء تقديم الطلبات', 'آخر موعد لتقديم طلبات القبول', '2024-04-01', NULL, 'deadline', TRUE, NULL),
(2, 'university', 'بدء الفصل الدراسي', 'بداية الفصل الدراسي الجديد', '2024-09-01', NULL, 'meeting', FALSE, NULL);

-- ==========================================
-- 17. إشعارات النظام - System Notifications
-- ==========================================

INSERT INTO SystemNotifications (UserID, UserType, Title, Message, NotificationType, IsRead) VALUES
(3, 'student', 'تم قبول طلبك', 'مبارك! تم قبول طلبك في جامعة الملك فهد للبترول والمعادن', 'success', FALSE),
(2, 'student', 'تم تحديد موعد المقابلة', 'تم تحديد موعد مقابلة لك في 15 مارس 2024', 'info', TRUE),
(5, 'student', 'قيد المراجعة', 'طلبك قيد المراجعة النهائية', 'info', FALSE),
(1, 'admin', 'تقرير شهري', 'التقرير الشهري جاهز للمراجعة', 'info', FALSE);

-- ==========================================
-- 18. المحتوى - Content
-- ==========================================

INSERT INTO Content (ContentType, Title, Content, Status, CreatedBy) VALUES
('announcement', 'بدء تقديم الطلبات', 'نعلن عن بدء استقبال طلبات القبول للعام الدراسي 2024-2025', 'published', 1),
('faq', 'ما هي شروط القبول؟', 'شروط القبول تشمل: شهادة الثانوية العامة، اختبار القدرات، والتحصيلي', 'published', 1),
('terms', 'شروط الاستخدام', 'الشروط والأحكام الخاصة باستخدام المنصة', 'published', 1),
('privacy', 'سياسة الخصوصية', 'بيان الخصوصية وحماية البيانات', 'published', 1);

-- ==========================================
-- 19. النظام إعدادات - System Settings
-- ==========================================

INSERT INTO SystemSettings (SettingKey, SettingValue, SettingType, Category, Description) VALUES
('system_name', 'نظام التوجيه الأكاديمي والجامعي', 'text', 'general', 'اسم النظام'),
('allow_student_registration', 'true', 'boolean', 'security', 'السماح بتسجيل الطلاب'),
('default_language', 'ar', 'text', 'localization', 'اللغة الافتراضية'),
('ai_enabled', 'true', 'boolean', 'ai', 'تفعيل الذكاء الاصطناعي'),
('recommendation_threshold', '0.75', 'number', 'ai', 'حد الثقة للتوصيات'),
('max_applications_per_student', '5', 'number', 'applications', 'الحد الأقصى لعدد الطلبات لكل طالب'),
('maintenance_mode', 'false', 'boolean', 'general', 'وضع الصيانة');

-- ==========================================
-- 20. الفصول الدراسية - Semesters
-- ==========================================

INSERT INTO Semesters (UniversityID, Name, Year, StartDate, EndDate, ApplicationStartDate, ApplicationEndDate, Status) VALUES
(1, 'فصل الخريف', '2024-2025', '2024-09-01', '2024-12-20', '2024-06-01', '2024-07-31', 'upcoming'),
(2, 'فصل الخريف', '2024-2025', '2024-09-01', '2024-12-20', '2024-06-01', '2024-07-31', 'upcoming'),
(3, 'فصل الخريف', '2024-2025', '2024-09-01', '2024-12-20', '2024-06-01', '2024-07-31', 'upcoming'),
(1, 'فصل الربيع', '2024-2025', '2025-01-12', '2025-05-10', '2024-12-01', '2025-01-10', 'upcoming');

-- ==========================================
-- 21. التقارير - Reports
-- ==========================================

INSERT INTO Reports (ReportName, Description, ReportType, Period, StartDate, EndDate, GeneratedBy, GeneratedAt) VALUES
('تقرير الطلبات الشهري', 'تقرير شامل عن الطلبات المقدمة', 'applications', 'monthly', '2024-02-01', '2024-02-29', 1, '2024-03-01 10:00:00'),
('تقرير المستخدمين', 'إحصائيات المستخدمين المسجلين', 'users', 'quarterly', '2024-01-01', '2024-03-31', 1, '2024-04-01 09:00:00'),
('تقرير التخصصات', 'تحليل التخصصات الأكثر طلباً', 'majors', 'custom', '2024-01-01', '2024-02-29', 1, '2024-03-05 14:00:00');

-- ==========================================
-- 22. سجل النشاط - Audit Logs
-- ==========================================

INSERT INTO AuditLogs (UserID, UserName, Action, Entity, Description, IPAddress, Severity) VALUES
(1, 'أحمد بن محمد', 'login', 'auth', 'تسجيل دخول الإداري', '192.168.1.100', 'low'),
(1, 'محمد أحمد العلي', 'create', 'recommendation', 'إنشاء توصية جديدة للطالب', '192.168.1.101', 'medium'),
(2, 'فاطمة الزهراني', 'update', 'application', 'تحديث حالة الطلب', '192.168.1.102', 'medium'),
(1, 'أحمد بن محمد', 'delete', 'content', 'حذف محتوى إعلاني', '192.168.1.100', 'high');

-- ==========================================
-- 23. سجل النسخ الاحتياطية - Backup Records
-- ==========================================

INSERT INTO BackupRecords (BackupType, FilePath, FileSize, Status, CreatedBy, CreatedAt, CompletedAt) VALUES
('full', '/backups/full_backup_2024_03_01.sql', 1048576000, 'success', 1, '2024-03-01 02:00:00', '2024-03-01 03:30:00'),
('incremental', '/backups/inc_backup_2024_03_02.sql', 52428800, 'success', 1, '2024-03-02 02:00:00', '2024-03-02 02:15:00'),
('full', '/backups/full_backup_2024_04_01.sql', 1073741824, 'in-progress', 1, '2024-04-01 02:00:00', NULL);

-- ==========================================
-- 24. المحادثات - Conversations
-- ==========================================

INSERT INTO Conversations (Participant1ID, Participant1Type, Participant2ID, Participant2Type, LastMessageAt, LastMessageText, UnreadCount) VALUES
(1, 'teacher', 1, 'student', '2024-03-05 14:30:00', 'شكراً لك على التوجيه', 0),
(2, 'teacher', 2, 'student', '2024-03-08 10:15:00', 'متى موعد المقابلة؟', 1),
(1, 'admin', 1, 'teacher', '2024-03-10 09:00:00', 'تم تحديث النظام', 2);

-- ==========================================
-- 25. الرسائل - Messages
-- ==========================================

INSERT INTO Messages (ConversationID, SenderID, SenderType, ReceiverID, ReceiverType, Message, IsRead) VALUES
(1, 1, 'teacher', 1, 'student', 'أهلاً بك في النظام! كيف يمكنني مساعدتك؟', TRUE),
(1, 1, 'student', 1, 'teacher', 'شكراً، أريد الاستفسار عن التخصصات', TRUE),
(1, 1, 'teacher', 1, 'student', 'بالطبع، ما التخصص الذي يهمك؟', TRUE),
(1, 1, 'student', 1, 'teacher', 'أهتم بالهندسة', TRUE),
(1, 1, 'teacher', 1, 'student', 'ممتاز! دعني أساعدك في اختيار التخصص المناسب', TRUE),
(1, 1, 'student', 1, 'teacher', 'شكراً لك على التوجيه', TRUE),
(2, 2, 'student', 2, 'teacher', 'متى موعد المقابلة؟', FALSE);

-- ==========================================
-- تم الانتهاء - End of Seed Data
-- ==========================================
