-- phpMyAdmin SQL Dump
-- version 5.2.1
-- https://www.phpmyadmin.net/
--
-- Host: mysql5047.site4now.net
-- Generation Time: Nov 09, 2025 at 08:15 PM
-- Server version: 5.7.33
-- PHP Version: 8.3.8

SET SQL_MODE = "NO_AUTO_VALUE_ON_ZERO";
START TRANSACTION;
SET time_zone = "+00:00";


/*!40101 SET @OLD_CHARACTER_SET_CLIENT=@@CHARACTER_SET_CLIENT */;
/*!40101 SET @OLD_CHARACTER_SET_RESULTS=@@CHARACTER_SET_RESULTS */;
/*!40101 SET @OLD_COLLATION_CONNECTION=@@COLLATION_CONNECTION */;
/*!40101 SET NAMES utf8mb4 */;

--
-- Database: `db_abf0c2_umj`
--

-- --------------------------------------------------------

--
-- Table structure for table `admins`
--

CREATE TABLE `admins` (
  `AdminID` int(11) NOT NULL,
  `FullName` varchar(100) COLLATE utf8mb4_unicode_ci NOT NULL,
  `Email` varchar(100) COLLATE utf8mb4_unicode_ci NOT NULL,
  `PasswordHash` varchar(255) COLLATE utf8mb4_unicode_ci NOT NULL,
  `Role` varchar(50) COLLATE utf8mb4_unicode_ci NOT NULL DEFAULT 'admin',
  `AccessLevel` varchar(50) COLLATE utf8mb4_unicode_ci DEFAULT NULL,
  `IsActive` tinyint(1) DEFAULT '1',
  `CreatedAt` datetime DEFAULT CURRENT_TIMESTAMP,
  `LastLoginAt` datetime DEFAULT NULL
) ENGINE=InnoDB DEFAULT CHARSET=utf8mb4 COLLATE=utf8mb4_unicode_ci;

--
-- Dumping data for table `admins`
--

INSERT INTO `admins` (`AdminID`, `FullName`, `Email`, `PasswordHash`, `Role`, `AccessLevel`, `IsActive`, `CreatedAt`, `LastLoginAt`) VALUES
(1, 'أحمد بن محمد', 'admin@umr.edu.sa', '$2a$10$frvwvzOIeXOwlEAfNbjmHeW3xdiKi.SFLUv8Bdvzz1Pad4YL0YD4W', 'admin', 'super', 1, '2025-11-01 23:30:13', '2025-11-09 00:40:10'),
(2, 'سارة بنت عبدالله', 'sara.admin@umr.edu.sa', '$2a$10$1XQd7.xkkPzkN7rsL6NiFuZHuKYT3WGNQWLZgOgIw.iymYUfexPB6', 'admin', 'admin', 1, '2025-11-01 23:30:13', NULL),
(3, 'خالد بن سعود', 'khalid.admin@umr.edu.sa', '$2a$10$wMitoHUvauO2jMqs/bzmwOiurNKqU03UpL6aB7l34YZnyEQKuqTGi', 'admin', 'admin', 1, '2025-11-01 23:30:13', NULL);

-- --------------------------------------------------------

--
-- Table structure for table `aisettings`
--

CREATE TABLE `aisettings` (
  `SettingID` int(11) NOT NULL DEFAULT '1',
  `ApiKey` text COLLATE utf8mb4_unicode_ci,
  `Provider` varchar(50) COLLATE utf8mb4_unicode_ci NOT NULL DEFAULT 'deepseek',
  `Model` varchar(100) COLLATE utf8mb4_unicode_ci NOT NULL DEFAULT 'deepseek-chat',
  `Temperature` decimal(3,2) NOT NULL DEFAULT '0.70',
  `MaxTokens` int(11) NOT NULL DEFAULT '2000',
  `EnableAIFeatures` tinyint(1) NOT NULL DEFAULT '1',
  `EnableRecommendations` tinyint(1) NOT NULL DEFAULT '1',
  `EnableAnalysis` tinyint(1) NOT NULL DEFAULT '1',
  `ApiEndpoint` varchar(500) COLLATE utf8mb4_unicode_ci NOT NULL DEFAULT 'https://api.deepseek.com/v1/chat/completions',
  `RequestTimeout` int(11) NOT NULL DEFAULT '30',
  `CreatedAt` datetime DEFAULT CURRENT_TIMESTAMP,
  `UpdatedAt` datetime DEFAULT CURRENT_TIMESTAMP ON UPDATE CURRENT_TIMESTAMP
) ENGINE=InnoDB DEFAULT CHARSET=utf8mb4 COLLATE=utf8mb4_unicode_ci;

--
-- Dumping data for table `aisettings`
--

INSERT INTO `aisettings` (`SettingID`, `ApiKey`, `Provider`, `Model`, `Temperature`, `MaxTokens`, `EnableAIFeatures`, `EnableRecommendations`, `EnableAnalysis`, `ApiEndpoint`, `RequestTimeout`, `CreatedAt`, `UpdatedAt`) VALUES
(1, NULL, 'deepseek', 'deepseek-chat', 0.70, 2000, 1, 1, 1, 'https://api.deepseek.com/v1/chat/completions', 30, '2025-11-02 14:52:39', '2025-11-02 14:52:39');

-- --------------------------------------------------------

--
-- Table structure for table `answers`
--

CREATE TABLE `answers` (
  `AnswerID` int(11) NOT NULL,
  `StudentID` int(11) NOT NULL,
  `QuestionID` int(11) NOT NULL,
  `Answer` text COLLATE utf8mb4_unicode_ci
) ENGINE=InnoDB DEFAULT CHARSET=utf8mb4 COLLATE=utf8mb4_unicode_ci;

--
-- Dumping data for table `answers`
--

INSERT INTO `answers` (`AnswerID`, `StudentID`, `QuestionID`, `Answer`) VALUES
(1, 1, 1, 'الهندسة، الطب'),
(2, 1, 2, 'أن أصبح مهندساً محترفاً'),
(3, 1, 3, 'نعم'),
(4, 1, 4, 'لا'),
(5, 1, 5, 'الرياضيات، العلوم'),
(6, 2, 1, 'الطب، التمريض'),
(7, 2, 2, 'أن أصبح طبيبة متخصصة'),
(8, 2, 3, 'نعم'),
(9, 2, 4, 'نعم'),
(10, 2, 5, 'العلوم، الأحياء'),
(11, 3, 1, 'هندسة الحاسب، الذكاء الاصطناعي'),
(12, 3, 2, 'مطور ذكاء اصطناعي'),
(13, 3, 3, 'نعم'),
(14, 3, 4, 'لا'),
(15, 3, 5, 'الرياضيات، علوم الحاسب'),
(16, 4, 1, 'الطب والجراحة'),
(17, 4, 2, 'طبيبة جراحة'),
(18, 4, 3, 'نعم'),
(19, 4, 4, 'نعم'),
(20, 4, 5, 'العلوم، الكيمياء');

-- --------------------------------------------------------

--
-- Table structure for table `applications`
--

CREATE TABLE `applications` (
  `ApplicationID` int(11) NOT NULL,
  `StudentID` int(11) NOT NULL,
  `UniversityID` int(11) NOT NULL,
  `MajorID` int(11) NOT NULL,
  `AppliedAt` datetime DEFAULT CURRENT_TIMESTAMP,
  `Status` enum('pending','under-review','accepted','rejected') COLLATE utf8mb4_unicode_ci DEFAULT 'pending',
  `Notes` text COLLATE utf8mb4_unicode_ci,
  `Documents` json DEFAULT NULL
) ENGINE=InnoDB DEFAULT CHARSET=utf8mb4 COLLATE=utf8mb4_unicode_ci;

--
-- Dumping data for table `applications`
--

INSERT INTO `applications` (`ApplicationID`, `StudentID`, `UniversityID`, `MajorID`, `AppliedAt`, `Status`, `Notes`, `Documents`) VALUES
(1, 1, 1, 13, '2025-11-01 23:30:15', 'accepted', NULL, NULL),
(2, 2, 2, 1, '2025-11-01 23:30:15', 'under-review', 'قيد المراجعة', NULL),
(3, 3, 3, 13, '2025-11-01 23:30:15', 'accepted', 'تم القبول - مبارك!', NULL),
(4, 4, 1, 1, '2025-11-01 23:30:15', 'pending', 'بانتظار إعلان النتائج', NULL),
(5, 5, 1, 36, '2025-11-01 23:30:15', 'under-review', 'قيد المراجعة النهائية', NULL),
(6, 6, 1, 3, '2025-11-01 23:30:15', 'pending', 'بانتظار المقابلة', NULL),
(7, 1, 108, 13, '2025-11-05 08:43:33', 'pending', NULL, NULL),
(8, 1, 107, 13, '2025-11-05 08:44:17', 'pending', NULL, NULL);

-- --------------------------------------------------------

--
-- Table structure for table `auditlogs`
--

CREATE TABLE `auditlogs` (
  `LogID` int(11) NOT NULL,
  `UserID` int(11) NOT NULL,
  `UserName` varchar(100) COLLATE utf8mb4_unicode_ci NOT NULL,
  `Action` varchar(50) COLLATE utf8mb4_unicode_ci NOT NULL,
  `Entity` varchar(50) COLLATE utf8mb4_unicode_ci NOT NULL,
  `Description` text COLLATE utf8mb4_unicode_ci,
  `IPAddress` varchar(45) COLLATE utf8mb4_unicode_ci DEFAULT NULL,
  `UserAgent` mediumtext COLLATE utf8mb4_unicode_ci,
  `Severity` enum('low','medium','high','critical') COLLATE utf8mb4_unicode_ci DEFAULT 'medium',
  `CreatedAt` datetime DEFAULT CURRENT_TIMESTAMP
) ENGINE=InnoDB DEFAULT CHARSET=utf8mb4 COLLATE=utf8mb4_unicode_ci;

--
-- Dumping data for table `auditlogs`
--

INSERT INTO `auditlogs` (`LogID`, `UserID`, `UserName`, `Action`, `Entity`, `Description`, `IPAddress`, `UserAgent`, `Severity`, `CreatedAt`) VALUES
(1, 1, 'أحمد بن محمد', 'login', 'auth', 'تسجيل دخول الإداري', '192.168.1.100', NULL, 'low', '2025-11-01 23:30:18'),
(2, 1, 'محمد أحمد العلي', 'create', 'recommendation', 'إنشاء توصية جديدة للطالب', '192.168.1.101', NULL, 'medium', '2025-11-01 23:30:18'),
(3, 2, 'فاطمة الزهراني', 'update', 'application', 'تحديث حالة الطلب', '192.168.1.102', NULL, 'medium', '2025-11-01 23:30:18'),
(4, 1, 'أحمد بن محمد', 'delete', 'content', 'حذف محتوى إعلاني', '192.168.1.100', NULL, 'high', '2025-11-01 23:30:18'),
(5, 1, 'أحمد بن محمد', 'login', 'system', 'User login', '::1', 'PostmanRuntime/7.49.0', 'low', '2025-11-02 06:43:14'),
(6, 1, 'أحمد بن محمد', 'login', 'system', 'User login', '::1', 'node', 'low', '2025-11-02 06:54:44'),
(7, 1, 'أحمد بن محمد', 'login', 'system', 'User login', '::1', 'Mozilla/5.0 (Windows NT 10.0; Win64; x64) AppleWebKit/537.36 (KHTML, like Gecko) Chrome/141.0.0.0 Safari/537.36', 'low', '2025-11-02 06:54:45'),
(8, 1, 'أحمد بن محمد', 'create', 'user', 'تم إنشاء مستخدم جديد - أحمد محمد', '192.168.1.100', 'Mozilla/5.0 (Windows NT 10.0; Win64; x64) AppleWebKit/537.36', 'medium', '2025-10-28 07:33:00'),
(9, 1, 'أحمد بن محمد', 'create', 'major', 'تم إضافة تخصص جديد - هندسة البرمجيات', '192.168.1.101', 'Mozilla/5.0 (Windows NT 10.0; Win64; x64) AppleWebKit/537.36', 'medium', '2025-10-29 07:33:00'),
(10, 1, 'أحمد بن محمد', 'create', 'application', 'تم إنشاء طلب جديد - طلب قبول طالب', '192.168.1.102', 'Mozilla/5.0 (Windows NT 10.0; Win64; x64) AppleWebKit/537.36', 'low', '2025-10-30 07:33:00'),
(11, 1, 'أحمد بن محمد', 'update', 'system', 'تم تعديل إعدادات النظام - تغيير فترة القبول', '192.168.1.103', 'Mozilla/5.0 (Windows NT 10.0; Win64; x64) AppleWebKit/537.36', 'high', '2025-10-31 07:33:00'),
(12, 1, 'أحمد بن محمد', 'update', 'major', 'تم تحديث معلومات التخصص - علوم الحاسب', '192.168.1.104', 'Mozilla/5.0 (Windows NT 10.0; Win64; x64) AppleWebKit/537.36', 'medium', '2025-11-01 07:33:00'),
(13, 1, 'أحمد بن محمد', 'update', 'application', 'تم تحديث حالة طلب - قبول طالب', '192.168.1.105', 'Mozilla/5.0 (Windows NT 10.0; Win64; x64) AppleWebKit/537.36', 'medium', '2025-11-01 19:33:00'),
(14, 1, 'أحمد بن محمد', 'delete', 'user', 'تم حذف مستخدم - مستخدم غير نشط', '192.168.1.106', 'Mozilla/5.0 (Windows NT 10.0; Win64; x64) AppleWebKit/537.36', 'critical', '2025-11-02 01:33:00'),
(15, 1, 'أحمد بن محمد', 'delete', 'student', 'تم حذف بيانات طالب - إلغاء تسجيل', '192.168.1.107', 'Mozilla/5.0 (Windows NT 10.0; Win64; x64) AppleWebKit/537.36', 'high', '2025-11-02 04:33:00'),
(16, 1, 'أحمد بن محمد', 'login', 'system', 'تم تسجيل دخول المستخدم', '192.168.1.108', 'Mozilla/5.0 (Windows NT 10.0; Win64; x64) AppleWebKit/537.36', 'low', '2025-11-02 05:33:00'),
(17, 1, 'أحمد بن محمد', 'login', 'system', 'تم تسجيل دخول المستخدم', '192.168.1.109', 'Mozilla/5.0 (Windows NT 10.0; Win64; x64) AppleWebKit/537.36', 'low', '2025-11-02 06:33:00'),
(18, 1, 'أحمد بن محمد', 'view', 'dashboard', 'تم عرض لوحة التحكم', '192.168.1.110', 'Mozilla/5.0 (Windows NT 10.0; Win64; x64) AppleWebKit/537.36', 'low', '2025-11-02 07:03:00'),
(19, 1, 'أحمد بن محمد', 'view', 'reports', 'تم عرض التقارير', '192.168.1.111', 'Mozilla/5.0 (Windows NT 10.0; Win64; x64) AppleWebKit/537.36', 'low', '2025-11-02 07:18:00'),
(20, 1, 'أحمد بن محمد', 'login', 'system', 'User login', '::1', 'node', 'low', '2025-11-02 08:08:25'),
(21, 1, 'أحمد بن محمد', 'login', 'system', 'User login', '::1', 'Mozilla/5.0 (Windows NT 10.0; Win64; x64) AppleWebKit/537.36 (KHTML, like Gecko) Chrome/141.0.0.0 Safari/537.36', 'low', '2025-11-02 08:08:27'),
(22, 1, 'أحمد بن محمد', 'login', 'system', 'User login', '::1', 'node', 'low', '2025-11-02 08:28:27'),
(23, 1, 'أحمد بن محمد', 'login', 'system', 'User login', '::1', 'Mozilla/5.0 (Windows NT 10.0; Win64; x64) AppleWebKit/537.36 (KHTML, like Gecko) Chrome/141.0.0.0 Safari/537.36', 'low', '2025-11-02 08:28:28'),
(24, 1, 'مدير جامعة الملك سعود', 'login', 'system', 'User login', '::1', 'PostmanRuntime/7.49.1', 'low', '2025-11-02 08:54:14'),
(25, 1, 'مدير جامعة الملك سعود', 'login', 'system', 'User login', '::1', 'node', 'low', '2025-11-02 08:54:30'),
(26, 1, 'مدير جامعة الملك سعود', 'login', 'system', 'User login', '::1', 'Mozilla/5.0 (Windows NT 10.0; Win64; x64) AppleWebKit/537.36 (KHTML, like Gecko) Chrome/141.0.0.0 Safari/537.36', 'low', '2025-11-02 08:54:31'),
(27, 1, 'محمد أحمد العلي', 'login', 'system', 'User login', '::1', 'node', 'low', '2025-11-02 08:54:59'),
(28, 1, 'محمد أحمد العلي', 'login', 'system', 'User login', '::1', 'Mozilla/5.0 (Windows NT 10.0; Win64; x64) AppleWebKit/537.36 (KHTML, like Gecko) Chrome/141.0.0.0 Safari/537.36', 'low', '2025-11-02 08:55:00'),
(29, 1, 'أحمد بن محمد', 'login', 'system', 'User login', '::1', 'node', 'low', '2025-11-02 08:59:46'),
(30, 1, 'أحمد بن محمد', 'login', 'system', 'User login', '::1', 'Mozilla/5.0 (Windows NT 10.0; Win64; x64) AppleWebKit/537.36 (KHTML, like Gecko) Chrome/141.0.0.0 Safari/537.36', 'low', '2025-11-02 08:59:47'),
(31, 1, 'أحمد بن محمد', 'login', 'system', 'User login', '::1', 'node', 'low', '2025-11-02 09:03:06'),
(32, 1, 'أحمد بن محمد', 'login', 'system', 'User login', '::1', 'Mozilla/5.0 (Windows NT 10.0; Win64; x64) AppleWebKit/537.36 (KHTML, like Gecko) Chrome/141.0.0.0 Safari/537.36', 'low', '2025-11-02 09:03:07'),
(33, 1, 'أحمد بن محمد', 'login', 'system', 'User login', '::1', 'node', 'low', '2025-11-02 09:33:02'),
(34, 1, 'أحمد بن محمد', 'login', 'system', 'User login', '::1', 'Mozilla/5.0 (Windows NT 10.0; Win64; x64) AppleWebKit/537.36 (KHTML, like Gecko) Chrome/141.0.0.0 Safari/537.36', 'low', '2025-11-02 09:33:03'),
(35, 1, 'مدير جامعة الملك سعود', 'login', 'system', 'User login', '::1', 'node', 'low', '2025-11-02 09:33:42'),
(36, 1, 'مدير جامعة الملك سعود', 'login', 'system', 'User login', '::1', 'Mozilla/5.0 (Windows NT 10.0; Win64; x64) AppleWebKit/537.36 (KHTML, like Gecko) Chrome/141.0.0.0 Safari/537.36', 'low', '2025-11-02 09:33:43'),
(37, 1, 'محمد أحمد العلي', 'login', 'system', 'User login', '::1', 'node', 'low', '2025-11-02 09:35:14'),
(38, 1, 'محمد أحمد العلي', 'login', 'system', 'User login', '::1', 'Mozilla/5.0 (Windows NT 10.0; Win64; x64) AppleWebKit/537.36 (KHTML, like Gecko) Chrome/141.0.0.0 Safari/537.36', 'low', '2025-11-02 09:35:14'),
(39, 1, 'مدير جامعة الملك سعود', 'login', 'system', 'User login', '::1', 'node', 'low', '2025-11-02 09:35:59'),
(40, 1, 'مدير جامعة الملك سعود', 'login', 'system', 'User login', '::1', 'Mozilla/5.0 (Windows NT 10.0; Win64; x64) AppleWebKit/537.36 (KHTML, like Gecko) Chrome/141.0.0.0 Safari/537.36', 'low', '2025-11-02 09:35:59'),
(41, 1, 'أحمد بن محمد', 'login', 'system', 'User login', '::1', 'node', 'low', '2025-11-02 14:43:31'),
(42, 1, 'أحمد بن محمد', 'login', 'system', 'User login', '::1', 'Mozilla/5.0 (Windows NT 10.0; Win64; x64) AppleWebKit/537.36 (KHTML, like Gecko) Chrome/141.0.0.0 Safari/537.36', 'low', '2025-11-02 14:43:33'),
(43, 1, 'محمد أحمد العلي', 'login', 'system', 'User login', '::1', 'node', 'low', '2025-11-02 15:28:39'),
(44, 1, 'محمد أحمد العلي', 'login', 'system', 'User login', '::1', 'Mozilla/5.0 (Windows NT 10.0; Win64; x64) AppleWebKit/537.36 (KHTML, like Gecko) Chrome/141.0.0.0 Safari/537.36', 'low', '2025-11-02 15:28:40'),
(45, 1, 'محمد أحمد العلي', 'login', 'system', 'User login', '::1', 'node', 'low', '2025-11-02 15:28:59'),
(46, 1, 'محمد أحمد العلي', 'login', 'system', 'User login', '::1', 'Mozilla/5.0 (Windows NT 10.0; Win64; x64) AppleWebKit/537.36 (KHTML, like Gecko) Chrome/141.0.0.0 Safari/537.36', 'low', '2025-11-02 15:29:00'),
(47, 1, 'مدير جامعة الملك سعود', 'login', 'system', 'User login', '::1', 'node', 'low', '2025-11-02 15:29:14'),
(48, 1, 'مدير جامعة الملك سعود', 'login', 'system', 'User login', '::1', 'Mozilla/5.0 (Windows NT 10.0; Win64; x64) AppleWebKit/537.36 (KHTML, like Gecko) Chrome/141.0.0.0 Safari/537.36', 'low', '2025-11-02 15:29:15'),
(49, 1, 'علي محمد الشمري', 'login', 'system', 'User login', '127.0.0.1', 'Mozilla/5.0 (Windows NT 10.0; Win64; x64) AppleWebKit/537.36 (KHTML, like Gecko) Chrome/141.0.0.0 Safari/537.36', 'low', '2025-11-04 10:20:25'),
(50, 1, 'علي محمد الشمري', 'login', 'system', 'User login', '10.5.0.2', 'Dart/3.9 (dart:io)', 'low', '2025-11-04 10:22:49'),
(51, 1, 'علي محمد الشمري', 'login', 'system', 'User login', '10.5.0.2', 'Dart/3.9 (dart:io)', 'low', '2025-11-04 10:33:22'),
(52, 1, 'مدير جامعة الملك سعود', 'login', 'system', 'User login', '127.0.0.1', 'node', 'low', '2025-11-04 17:08:28'),
(53, 1, 'مدير جامعة الملك سعود', 'login', 'system', 'User login', '127.0.0.1', 'Mozilla/5.0 (Windows NT 10.0; Win64; x64) AppleWebKit/537.36 (KHTML, like Gecko) Chrome/141.0.0.0 Safari/537.36', 'low', '2025-11-04 17:08:30'),
(54, 1, 'علي محمد الشمري', 'login', 'system', 'User login', '127.0.0.1', 'Dart/3.9 (dart:io)', 'low', '2025-11-04 17:24:28'),
(55, 1, 'علي محمد الشمري', 'login', 'system', 'User login', '127.0.0.1', 'Dart/3.9 (dart:io)', 'low', '2025-11-04 17:32:45'),
(56, 1, 'علي محمد الشمري', 'login', 'system', 'User login', '127.0.0.1', 'Dart/3.9 (dart:io)', 'low', '2025-11-04 17:33:36'),
(57, 1, 'علي محمد الشمري', 'login', 'system', 'User login', '127.0.0.1', 'Dart/3.9 (dart:io)', 'low', '2025-11-04 18:05:16'),
(58, 1, 'علي محمد الشمري', 'login', 'system', 'User login', '127.0.0.1', 'Dart/3.9 (dart:io)', 'low', '2025-11-04 18:05:17'),
(59, 1, 'علي محمد الشمري', 'login', 'system', 'User login', '127.0.0.1', 'Dart/3.9 (dart:io)', 'low', '2025-11-04 18:12:31'),
(60, 1, 'علي محمد الشمري', 'login', 'system', 'User login', '127.0.0.1', 'Dart/3.9 (dart:io)', 'low', '2025-11-04 18:21:52'),
(61, 1, 'علي محمد الشمري', 'login', 'system', 'User login', '127.0.0.1', 'Dart/3.9 (dart:io)', 'low', '2025-11-04 18:25:41'),
(62, 1, 'علي محمد الشمري', 'login', 'system', 'User login', '127.0.0.1', 'Dart/3.9 (dart:io)', 'low', '2025-11-04 18:32:34'),
(63, 1, 'علي محمد الشمري', 'login', 'system', 'User login', '127.0.0.1', 'Dart/3.9 (dart:io)', 'low', '2025-11-04 18:39:52'),
(64, 1, 'علي محمد الشمري', 'login', 'system', 'User login', '127.0.0.1', 'Dart/3.9 (dart:io)', 'low', '2025-11-04 18:52:20'),
(65, 1, 'علي محمد الشمري', 'login', 'system', 'User login', '127.0.0.1', 'Dart/3.9 (dart:io)', 'low', '2025-11-04 18:59:08'),
(66, 1, 'علي محمد الشمري', 'login', 'system', 'User login', '127.0.0.1', 'Dart/3.9 (dart:io)', 'low', '2025-11-04 19:12:38'),
(67, 1, 'علي محمد الشمري', 'login', 'system', 'User login', '127.0.0.1', 'Dart/3.9 (dart:io)', 'low', '2025-11-04 19:23:04'),
(68, 1, 'علي محمد الشمري', 'login', 'system', 'User login', '127.0.0.1', 'Dart/3.9 (dart:io)', 'low', '2025-11-04 21:59:49'),
(69, 1, 'علي محمد الشمري', 'login', 'system', 'User login', '127.0.0.1', 'Dart/3.9 (dart:io)', 'low', '2025-11-04 22:01:49'),
(70, 1, 'علي محمد الشمري', 'login', 'system', 'User login', '127.0.0.1', 'Dart/3.9 (dart:io)', 'low', '2025-11-05 07:16:36'),
(71, 1, 'علي محمد الشمري', 'login', 'system', 'User login', '127.0.0.1', 'Dart/3.9 (dart:io)', 'low', '2025-11-05 07:20:14'),
(72, 1, 'علي محمد الشمري', 'login', 'system', 'User login', '127.0.0.1', 'Dart/3.9 (dart:io)', 'low', '2025-11-05 08:22:25'),
(73, 1, 'علي محمد الشمري', 'login', 'system', 'User login', '127.0.0.1', 'Dart/3.9 (dart:io)', 'low', '2025-11-05 08:22:25'),
(74, 1, 'علي محمد الشمري', 'login', 'system', 'User login', '127.0.0.1', 'Dart/3.9 (dart:io)', 'low', '2025-11-05 08:25:17'),
(75, 1, 'علي محمد الشمري', 'login', 'system', 'User login', '127.0.0.1', 'Dart/3.9 (dart:io)', 'low', '2025-11-05 08:31:16'),
(76, 1, 'علي محمد الشمري', 'login', 'system', 'User login', '127.0.0.1', 'Dart/3.9 (dart:io)', 'low', '2025-11-05 08:33:20'),
(77, 1, 'علي محمد الشمري', 'login', 'system', 'User login', '127.0.0.1', 'Dart/3.9 (dart:io)', 'low', '2025-11-05 09:23:42'),
(78, 1, 'علي محمد الشمري', 'login', 'system', 'User login', '127.0.0.1', 'Dart/3.9 (dart:io)', 'low', '2025-11-05 10:32:33'),
(79, 1, 'علي محمد الشمري', 'login', 'system', 'User login', '127.0.0.1', 'Dart/3.9 (dart:io)', 'low', '2025-11-05 11:27:48'),
(80, 1, 'علي محمد الشمري', 'login', 'system', 'User login', '127.0.0.1', 'Dart/3.9 (dart:io)', 'low', '2025-11-05 12:32:22'),
(81, 1, 'علي محمد الشمري', 'login', 'system', 'User login', '127.0.0.1', 'Dart/3.9 (dart:io)', 'low', '2025-11-05 12:39:11'),
(82, 1, 'علي محمد الشمري', 'login', 'system', 'User login', '127.0.0.1', 'Dart/3.9 (dart:io)', 'low', '2025-11-05 12:42:28'),
(83, 1, 'علي محمد الشمري', 'login', 'system', 'User login', '127.0.0.1', 'Dart/3.9 (dart:io)', 'low', '2025-11-05 12:42:32'),
(84, 1, 'علي محمد الشمري', 'login', 'system', 'User login', '127.0.0.1', 'Dart/3.9 (dart:io)', 'low', '2025-11-05 14:17:36'),
(85, 1, 'مدير جامعة الملك سعود', 'login', 'system', 'User login', '127.0.0.1', 'node', 'low', '2025-11-08 17:28:46'),
(86, 1, 'مدير جامعة الملك سعود', 'login', 'system', 'User login', '127.0.0.1', 'Mozilla/5.0 (Windows NT 10.0; Win64; x64) AppleWebKit/537.36 (KHTML, like Gecko) Chrome/142.0.0.0 Safari/537.36', 'low', '2025-11-08 17:28:48'),
(87, 1, 'مدير جامعة الملك سعود', 'login', 'system', 'User login', '127.0.0.1', 'node', 'low', '2025-11-08 17:55:17'),
(88, 1, 'مدير جامعة الملك سعود', 'login', 'system', 'User login', '127.0.0.1', 'Mozilla/5.0 (Windows NT 10.0; Win64; x64) AppleWebKit/537.36 (KHTML, like Gecko) Chrome/142.0.0.0 Safari/537.36', 'low', '2025-11-08 17:55:19'),
(89, 1, 'مدير جامعة الملك سعود', 'login', 'system', 'User login', '127.0.0.1', 'node', 'low', '2025-11-08 17:55:35'),
(90, 1, 'مدير جامعة الملك سعود', 'login', 'system', 'User login', '127.0.0.1', 'Mozilla/5.0 (Windows NT 10.0; Win64; x64) AppleWebKit/537.36 (KHTML, like Gecko) Chrome/142.0.0.0 Safari/537.36', 'low', '2025-11-08 17:55:37'),
(91, 1, 'أحمد بن محمد', 'login', 'system', 'User login', '127.0.0.1', 'node', 'low', '2025-11-08 17:56:35'),
(92, 1, 'أحمد بن محمد', 'login', 'system', 'User login', '127.0.0.1', 'Mozilla/5.0 (Windows NT 10.0; Win64; x64) AppleWebKit/537.36 (KHTML, like Gecko) Chrome/142.0.0.0 Safari/537.36', 'low', '2025-11-08 17:56:36'),
(93, 1, 'محمد أحمد العلي', 'login', 'system', 'User login', '127.0.0.1', 'node', 'low', '2025-11-08 17:57:09'),
(94, 1, 'محمد أحمد العلي', 'login', 'system', 'User login', '127.0.0.1', 'Mozilla/5.0 (Windows NT 10.0; Win64; x64) AppleWebKit/537.36 (KHTML, like Gecko) Chrome/142.0.0.0 Safari/537.36', 'low', '2025-11-08 17:57:10'),
(95, 1, 'مدير جامعة الملك سعود', 'login', 'system', 'User login', '127.0.0.1', 'node', 'low', '2025-11-08 17:57:19'),
(96, 1, 'مدير جامعة الملك سعود', 'login', 'system', 'User login', '127.0.0.1', 'Mozilla/5.0 (Windows NT 10.0; Win64; x64) AppleWebKit/537.36 (KHTML, like Gecko) Chrome/141.0.0.0 Safari/537.36', 'low', '2025-11-08 17:57:21'),
(97, 1, 'أحمد بن محمد', 'login', 'system', 'User login', '127.0.0.1', 'node', 'low', '2025-11-08 18:02:04'),
(98, 1, 'أحمد بن محمد', 'login', 'system', 'User login', '127.0.0.1', 'Mozilla/5.0 (Windows NT 10.0; Win64; x64) AppleWebKit/537.36 (KHTML, like Gecko) Chrome/141.0.0.0 Safari/537.36', 'low', '2025-11-08 18:02:06'),
(99, 1, 'محمد أحمد العلي', 'login', 'system', 'User login', '127.0.0.1', 'node', 'low', '2025-11-08 18:03:59'),
(100, 1, 'محمد أحمد العلي', 'login', 'system', 'User login', '127.0.0.1', 'Mozilla/5.0 (Windows NT 10.0; Win64; x64) AppleWebKit/537.36 (KHTML, like Gecko) Chrome/141.0.0.0 Safari/537.36', 'low', '2025-11-08 18:04:02'),
(101, 1, 'أحمد بن محمد', 'login', 'system', 'User login', '127.0.0.1', 'node', 'low', '2025-11-09 00:40:08'),
(102, 1, 'أحمد بن محمد', 'login', 'system', 'User login', '127.0.0.1', 'Mozilla/5.0 (Windows NT 10.0; Win64; x64) AppleWebKit/537.36 (KHTML, like Gecko) Chrome/141.0.0.0 Safari/537.36', 'low', '2025-11-09 00:40:10'),
(103, 1, 'مدير جامعة الملك سعود', 'login', 'system', 'User login', '127.0.0.1', 'node', 'low', '2025-11-09 01:11:58'),
(104, 1, 'مدير جامعة الملك سعود', 'login', 'system', 'User login', '127.0.0.1', 'Mozilla/5.0 (Windows NT 10.0; Win64; x64) AppleWebKit/537.36 (KHTML, like Gecko) Chrome/141.0.0.0 Safari/537.36', 'low', '2025-11-09 01:12:01'),
(105, 1, 'محمد أحمد العلي', 'login', 'system', 'User login', '127.0.0.1', 'node', 'low', '2025-11-09 01:31:20'),
(106, 1, 'محمد أحمد العلي', 'login', 'system', 'User login', '127.0.0.1', 'Mozilla/5.0 (Windows NT 10.0; Win64; x64) AppleWebKit/537.36 (KHTML, like Gecko) Chrome/141.0.0.0 Safari/537.36', 'low', '2025-11-09 01:31:22'),
(107, 1, 'علي محمد الشمري', 'login', 'system', 'User login', '127.0.0.1', 'Dart/3.9 (dart:io)', 'low', '2025-11-09 11:09:33'),
(108, 1, 'مدير جامعة الملك سعود', 'login', 'system', 'User login', '127.0.0.1', 'node', 'low', '2025-11-09 19:22:57'),
(109, 1, 'مدير جامعة الملك سعود', 'login', 'system', 'User login', '127.0.0.1', 'Mozilla/5.0 (Windows NT 10.0; Win64; x64) AppleWebKit/537.36 (KHTML, like Gecko) Chrome/142.0.0.0 Safari/537.36', 'low', '2025-11-09 19:22:59'),
(110, 1, 'مدير جامعة الملك سعود', 'login', 'system', 'User login', '127.0.0.1', 'node', 'low', '2025-11-09 19:46:38'),
(111, 1, 'مدير جامعة الملك سعود', 'login', 'system', 'User login', '127.0.0.1', 'Mozilla/5.0 (Windows NT 10.0; Win64; x64) AppleWebKit/537.36 (KHTML, like Gecko) Chrome/142.0.0.0 Safari/537.36 Edg/142.0.0.0', 'low', '2025-11-09 19:46:39');

-- --------------------------------------------------------

--
-- Table structure for table `backuprecords`
--

CREATE TABLE `backuprecords` (
  `BackupID` int(11) NOT NULL,
  `BackupType` enum('full','incremental','differential') COLLATE utf8mb4_unicode_ci NOT NULL,
  `FilePath` varchar(500) COLLATE utf8mb4_unicode_ci NOT NULL,
  `FileSize` bigint(20) DEFAULT NULL,
  `Status` enum('success','failed','in-progress') COLLATE utf8mb4_unicode_ci DEFAULT 'in-progress',
  `CreatedBy` int(11) DEFAULT NULL,
  `CreatedAt` datetime DEFAULT CURRENT_TIMESTAMP,
  `CompletedAt` datetime DEFAULT NULL,
  `ErrorMessage` mediumtext COLLATE utf8mb4_unicode_ci
) ENGINE=InnoDB DEFAULT CHARSET=utf8mb4 COLLATE=utf8mb4_unicode_ci;

--
-- Dumping data for table `backuprecords`
--

INSERT INTO `backuprecords` (`BackupID`, `BackupType`, `FilePath`, `FileSize`, `Status`, `CreatedBy`, `CreatedAt`, `CompletedAt`, `ErrorMessage`) VALUES
(1, 'full', '/backups/full_backup_2024_03_01.sql', 1048576000, 'success', 1, '2024-03-01 02:00:00', '2024-03-01 03:30:00', NULL),
(2, 'incremental', '/backups/inc_backup_2024_03_02.sql', 52428800, 'success', 1, '2024-03-02 02:00:00', '2024-03-02 02:15:00', NULL),
(3, 'full', '/backups/full_backup_2024_04_01.sql', 1073741824, 'in-progress', 1, '2024-04-01 02:00:00', NULL, NULL);

-- --------------------------------------------------------

--
-- Table structure for table `calendarevents`
--

CREATE TABLE `calendarevents` (
  `EventID` int(11) NOT NULL,
  `UserID` int(11) NOT NULL,
  `UserType` enum('teacher','university','admin') COLLATE utf8mb4_unicode_ci NOT NULL,
  `Title` varchar(200) COLLATE utf8mb4_unicode_ci NOT NULL,
  `Description` text COLLATE utf8mb4_unicode_ci,
  `EventDate` date NOT NULL,
  `EventTime` time DEFAULT NULL,
  `EventType` enum('followup','meeting','deadline','report','other') COLLATE utf8mb4_unicode_ci DEFAULT 'other',
  `Reminder` tinyint(1) DEFAULT '0',
  `RelatedStudentID` int(11) DEFAULT NULL,
  `CreatedAt` datetime DEFAULT CURRENT_TIMESTAMP
) ENGINE=InnoDB DEFAULT CHARSET=utf8mb4 COLLATE=utf8mb4_unicode_ci;

--
-- Dumping data for table `calendarevents`
--

INSERT INTO `calendarevents` (`EventID`, `UserID`, `UserType`, `Title`, `Description`, `EventDate`, `EventTime`, `EventType`, `Reminder`, `RelatedStudentID`, `CreatedAt`) VALUES
(1, 1, 'teacher', 'اجتماع مع الطالب علي الشمري', 'مناقشة التوصيات الأكاديمية', '2024-03-10', '10:00:00', 'followup', 1, 1, '2025-11-01 23:30:16'),
(2, 2, 'teacher', 'انتهاء تقديم الطلبات', 'آخر موعد لتقديم طلبات القبول', '2024-04-01', NULL, 'deadline', 1, NULL, '2025-11-01 23:30:16'),
(3, 2, 'university', 'بدء الفصل الدراسي', 'بداية الفصل الدراسي الجديد', '2024-09-01', NULL, 'meeting', 0, NULL, '2025-11-01 23:30:16');

-- --------------------------------------------------------

--
-- Table structure for table `content`
--

CREATE TABLE `content` (
  `ContentID` int(11) NOT NULL,
  `ContentType` enum('announcement','faq','terms','privacy') COLLATE utf8mb4_unicode_ci NOT NULL,
  `Title` varchar(200) COLLATE utf8mb4_unicode_ci NOT NULL,
  `Content` text COLLATE utf8mb4_unicode_ci NOT NULL,
  `Status` enum('published','draft') COLLATE utf8mb4_unicode_ci DEFAULT 'draft',
  `CreatedBy` int(11) DEFAULT NULL,
  `CreatedAt` datetime DEFAULT CURRENT_TIMESTAMP,
  `UpdatedAt` datetime DEFAULT CURRENT_TIMESTAMP ON UPDATE CURRENT_TIMESTAMP
) ENGINE=InnoDB DEFAULT CHARSET=utf8mb4 COLLATE=utf8mb4_unicode_ci;

--
-- Dumping data for table `content`
--

INSERT INTO `content` (`ContentID`, `ContentType`, `Title`, `Content`, `Status`, `CreatedBy`, `CreatedAt`, `UpdatedAt`) VALUES
(1, 'announcement', 'بدء تقديم الطلبات', 'نعلن عن بدء استقبال طلبات القبول للعام الدراسي 2024-2025', 'published', 1, '2025-11-01 23:30:16', '2025-11-01 23:30:16'),
(2, 'faq', 'ما هي شروط القبول؟', 'شروط القبول تشمل: شهادة الثانوية العامة، اختبار القدرات، والتحصيلي', 'published', 1, '2025-11-01 23:30:16', '2025-11-01 23:30:16'),
(3, 'terms', 'شروط الاستخدام', 'الشروط والأحكام الخاصة باستخدام المنصة', 'published', 1, '2025-11-01 23:30:16', '2025-11-01 23:30:16'),
(4, 'privacy', 'سياسة الخصوصية', 'بيان الخصوصية وحماية البيانات', 'published', 1, '2025-11-01 23:30:16', '2025-11-01 23:30:16');

-- --------------------------------------------------------

--
-- Table structure for table `conversations`
--

CREATE TABLE `conversations` (
  `ConversationID` int(11) NOT NULL,
  `Participant1ID` int(11) NOT NULL,
  `Participant1Type` enum('teacher','student','admin','university') COLLATE utf8mb4_unicode_ci NOT NULL,
  `Participant2ID` int(11) NOT NULL,
  `Participant2Type` enum('teacher','student','admin','university') COLLATE utf8mb4_unicode_ci NOT NULL,
  `LastMessageAt` datetime DEFAULT NULL,
  `LastMessageText` text COLLATE utf8mb4_unicode_ci,
  `UnreadCount` int(11) DEFAULT '0',
  `CreatedAt` datetime DEFAULT CURRENT_TIMESTAMP
) ENGINE=InnoDB DEFAULT CHARSET=utf8mb4 COLLATE=utf8mb4_unicode_ci;

--
-- Dumping data for table `conversations`
--

INSERT INTO `conversations` (`ConversationID`, `Participant1ID`, `Participant1Type`, `Participant2ID`, `Participant2Type`, `LastMessageAt`, `LastMessageText`, `UnreadCount`, `CreatedAt`) VALUES
(1, 1, 'teacher', 1, 'student', '2024-03-05 14:30:00', 'شكراً لك على التوجيه', 0, '2025-11-01 23:30:18'),
(2, 2, 'teacher', 2, 'student', '2024-03-08 10:15:00', 'متى موعد المقابلة؟', 1, '2025-11-01 23:30:18'),
(3, 1, 'admin', 1, 'teacher', '2024-03-10 09:00:00', 'تم تحديث النظام', 2, '2025-11-01 23:30:18');

-- --------------------------------------------------------

--
-- Table structure for table `interactions`
--

CREATE TABLE `interactions` (
  `InteractionID` int(11) NOT NULL,
  `StudentID` int(11) NOT NULL,
  `InteractionType` varchar(50) COLLATE utf8mb4_unicode_ci DEFAULT NULL,
  `MessageContent` text COLLATE utf8mb4_unicode_ci,
  `EngagementLevel` int(11) DEFAULT NULL,
  `CreatedAt` datetime DEFAULT CURRENT_TIMESTAMP
) ENGINE=InnoDB DEFAULT CHARSET=utf8mb4 COLLATE=utf8mb4_unicode_ci;

--
-- Dumping data for table `interactions`
--

INSERT INTO `interactions` (`InteractionID`, `StudentID`, `InteractionType`, `MessageContent`, `EngagementLevel`, `CreatedAt`) VALUES
(1, 1, 'website_visit', 'زيارة الموقع الرئيسي', 5, '2025-11-01 23:30:14'),
(2, 1, 'question_submitted', 'إرسال استفسار', 7, '2025-11-01 23:30:14'),
(3, 2, 'website_visit', 'تصفح التخصصات الطبية', 6, '2025-11-01 23:30:14'),
(4, 3, 'chat_interaction', 'محادثة مع الموجه الأكاديمي', 8, '2025-11-01 23:30:14'),
(5, 4, 'website_visit', 'تقديم طلب', 7, '2025-11-01 23:30:14');

-- --------------------------------------------------------

--
-- Table structure for table `interviews`
--

CREATE TABLE `interviews` (
  `InterviewID` int(11) NOT NULL,
  `ApplicationID` int(11) NOT NULL,
  `StudentID` int(11) NOT NULL,
  `InterviewDate` date NOT NULL,
  `InterviewTime` time NOT NULL,
  `Location` varchar(200) COLLATE utf8mb4_unicode_ci DEFAULT NULL,
  `InterviewerID` int(11) DEFAULT NULL,
  `InterviewerName` varchar(100) COLLATE utf8mb4_unicode_ci DEFAULT NULL,
  `Status` enum('scheduled','completed','cancelled','no-show') COLLATE utf8mb4_unicode_ci DEFAULT 'scheduled',
  `Result` enum('accepted','rejected','pending') COLLATE utf8mb4_unicode_ci DEFAULT NULL,
  `Notes` text COLLATE utf8mb4_unicode_ci,
  `CreatedAt` datetime DEFAULT CURRENT_TIMESTAMP
) ENGINE=InnoDB DEFAULT CHARSET=utf8mb4 COLLATE=utf8mb4_unicode_ci;

--
-- Dumping data for table `interviews`
--

INSERT INTO `interviews` (`InterviewID`, `ApplicationID`, `StudentID`, `InterviewDate`, `InterviewTime`, `Location`, `InterviewerID`, `InterviewerName`, `Status`, `Result`, `Notes`, `CreatedAt`) VALUES
(1, 2, 2, '2024-03-15', '10:00:00', 'المبنى الطبي - جامعة الملك عبدالعزيز', NULL, 'د. فاطمة الزهراني', 'completed', 'accepted', NULL, '2025-11-01 23:30:16'),
(2, 5, 5, '2024-03-20', '14:00:00', 'قسم إدارة الأعمال', NULL, 'د. أحمد العلي', 'scheduled', NULL, NULL, '2025-11-01 23:30:16'),
(3, 6, 6, '2024-03-25', '11:00:00', 'المبنى الطبي', NULL, 'د. خالد الحربي', 'scheduled', NULL, NULL, '2025-11-01 23:30:16');

-- --------------------------------------------------------

--
-- Table structure for table `learningstyles`
--

CREATE TABLE `learningstyles` (
  `StyleID` int(11) NOT NULL,
  `StudentID` int(11) NOT NULL,
  `VisualScore` int(11) DEFAULT NULL,
  `AuditoryScore` int(11) DEFAULT NULL,
  `ReadingScore` int(11) DEFAULT NULL,
  `KinestheticScore` int(11) DEFAULT NULL,
  `DominantStyle` varchar(50) COLLATE utf8mb4_unicode_ci DEFAULT NULL,
  `SuggestedStrategies` text COLLATE utf8mb4_unicode_ci
) ENGINE=InnoDB DEFAULT CHARSET=utf8mb4 COLLATE=utf8mb4_unicode_ci;

--
-- Dumping data for table `learningstyles`
--

INSERT INTO `learningstyles` (`StyleID`, `StudentID`, `VisualScore`, `AuditoryScore`, `ReadingScore`, `KinestheticScore`, `DominantStyle`, `SuggestedStrategies`) VALUES
(1, 1, 80, 40, 30, 50, 'بصري', 'استخدم الرسوم التوضيحية والمخططات والفيديو التعليمي'),
(2, 2, 60, 70, 50, 40, 'سمعي', 'استخدم الملفات الصوتية والتسجيلات والمحاضرات'),
(3, 3, 75, 35, 45, 55, 'بصري', 'استخدم البرمجة التفاعلية والتجارب البصرية'),
(4, 4, 65, 65, 50, 45, 'مختلط', 'استخدم مجموعة متنوعة من أساليب التعلم'),
(5, 5, 70, 50, 60, 40, 'بصري/قراءة', 'استخدم العروض التقديمية والكتب والدراسات'),
(6, 6, 60, 70, 55, 50, 'سمعي', 'استخدم المحاضرات الصوتية والمناقشات الجماعية');

-- --------------------------------------------------------

--
-- Table structure for table `majors`
--

CREATE TABLE `majors` (
  `MajorID` int(11) NOT NULL,
  `Name` varchar(100) COLLATE utf8mb4_unicode_ci NOT NULL,
  `Description` text COLLATE utf8mb4_unicode_ci
) ENGINE=InnoDB DEFAULT CHARSET=utf8mb4 COLLATE=utf8mb4_unicode_ci;

--
-- Dumping data for table `majors`
--

INSERT INTO `majors` (`MajorID`, `Name`, `Description`) VALUES
(1, 'الطب والجراحة', 'تخصص شامل في العلوم الطبية والتشخيص والعلاج'),
(2, 'طب الأسنان', 'تخصص في صحة الفم والأسنان والتشخيص والعلاج'),
(3, 'الصيدلة', 'دراسة الأدوية وصناعتها واستخداماتها العلاجية'),
(4, 'التمريض', 'الرعاية الصحية والتمريض للمرضى'),
(5, 'العلاج الطبيعي', 'إعادة تأهيل المرضى باستخدام العلاج الطبيعي'),
(6, 'العلاج الوظيفي', 'مساعدة المرضى على استعادة القدرات الوظيفية'),
(7, 'العلوم الطبية التطبيقية', 'تطبيق العلوم الطبية في الممارسة السريرية'),
(8, 'البصريات والعلوم البصرية', 'تشخيص وعلاج مشاكل العين والنظر'),
(9, 'التغذية العلاجية', 'تطبيق علم التغذية في العلاج والوقاية'),
(10, 'صحة الأسنان', 'صحة الفم والأسنان والمجتمع'),
(11, 'الطب البيطري', 'رعاية الحيوانات وتشخيص أمراضها'),
(12, 'الصحة العامة', 'تعزيز الصحة والوقاية من الأمراض'),
(13, 'هندسة الحاسب', 'تصميم وتطوير أنظمة الكمبيوتر'),
(14, 'هندسة البرمجيات', 'تطوير البرمجيات وتطبيقات الحاسوب'),
(15, 'هندسة الشبكات', 'تصميم وإدارة شبكات الحاسوب'),
(16, 'أمن المعلومات', 'حماية أنظمة المعلومات والشبكات'),
(17, 'ذكاء اصطناعي', 'تطوير أنظمة ذكية تعتمد على التعلم الآلي'),
(18, 'علوم البيانات', 'تحليل البيانات الضخمة واستخراج المعلومات'),
(19, 'الهندسة الكهربائية', 'تصميم الأنظمة الكهربائية والإلكترونية'),
(20, 'الهندسة الإلكترونية', 'تصميم الدوائر الإلكترونية والأنظمة'),
(21, 'الهندسة الميكانيكية', 'تصميم وتطوير الآلات والأنظمة الميكانيكية'),
(22, 'الهندسة المدنية', 'تصميم وبناء المنشآت والبنية التحتية'),
(23, 'الهندسة المعمارية', 'تصميم المباني والمنشآت المعمارية'),
(24, 'الهندسة الكيميائية', 'تصميم العمليات الكيميائية والصناعية'),
(25, 'هندسة البترول', 'استخراج ومعالجة البترول والغاز'),
(26, 'الهندسة الصناعية', 'تحسين العمليات الصناعية والإنتاجية'),
(27, 'الهندسة النووية', 'تطبيقات الطاقة النووية والوقاية الإشعاعية'),
(28, 'هندسة الطيران', 'تصميم الطائرات والفضاء'),
(29, 'الهندسة الطبية', 'تطبيق الهندسة في الطب والأجهزة الطبية'),
(30, 'هندسة التعدين', 'استخراج المعادن والمواد الخام'),
(31, 'هندسة المواد', 'دراسة وتطوير المواد والمركبات'),
(32, 'الهندسة البيئية', 'حماية البيئة وإدارة الموارد الطبيعية'),
(33, 'هندسة الميكاترونيكس', 'دمج الميكانيكا والإلكترونيات والبرمجيات'),
(34, 'إدارة الأعمال', 'إدارة المؤسسات والعمليات التجارية'),
(35, 'المحاسبة', 'تسجيل وتتبع المعاملات المالية'),
(36, 'التسويق', 'تطوير وتنفيذ استراتيجيات التسويق'),
(37, 'التمويل', 'إدارة الأموال والاستثمارات'),
(38, 'الاقتصاد', 'دراسة الاقتصاد والأنظمة المالية'),
(39, 'إدارة الموارد البشرية', 'إدارة شؤون الموظفين والموارد البشرية'),
(40, 'الإدارة السياحية والفندقية', 'إدارة قطاع السياحة والفنادق'),
(41, 'العلاقات العامة', 'إدارة العلاقات والتواصل المؤسسي'),
(42, 'ريادة الأعمال', 'إنشاء وإدارة المشاريع الجديدة'),
(43, 'التسويق الإلكتروني', 'التسويق عبر الإنترنت ووسائل التواصل'),
(44, 'إدارة المبيعات', 'تطوير وتنفيذ استراتيجيات المبيعات'),
(45, 'الإدارة المالية', 'إدارة الشؤون المالية والمالية الشخصية'),
(46, 'الرياضيات', 'دراسة الأرقام والكميات والأنماط'),
(47, 'الفيزياء', 'دراسة المادة والطاقة والقوانين الطبيعية'),
(48, 'الكيمياء', 'دراسة المواد وتحولاتها وخصائصها'),
(49, 'العلوم الحيوية', 'دراسة الكائنات الحية والأنظمة البيولوجية'),
(50, 'الأحياء الدقيقة', 'دراسة الكائنات الدقيقة والبكتيريا'),
(51, 'الكيمياء الحيوية', 'دراسة العمليات الكيميائية في الكائنات الحية'),
(52, 'العلوم البيئية', 'دراسة البيئة والمحافظة عليها'),
(53, 'الجيولوجيا', 'دراسة الأرض والموارد الطبيعية'),
(54, 'الفيزياء الطبية', 'تطبيق الفيزياء في الطب والتصوير الطبي'),
(55, 'علوم الحاسب', 'دراسة البرمجة والخوارزميات ونظم الحاسوب'),
(56, 'هندسة الحاسب والشبكات', 'تصميم شبكات الحاسوب والأنظمة'),
(57, 'نظم المعلومات', 'تطوير أنظمة المعلومات الإدارية'),
(58, 'رسوميات الحاسب', 'تصميم الرسومات والواجهات الرقمية'),
(59, 'ألعاب الحاسب', 'تطوير ألعاب الكمبيوتر والتطبيقات التفاعلية'),
(60, 'الشريعة', 'دراسة الأحكام الشرعية والفقه الإسلامي'),
(61, 'الفقه', 'دراسة الأحكام الشرعية التفصيلية'),
(62, 'أصول الفقه', 'دراسة منهجية الاستنباط الفقهي'),
(63, 'التفسير والحديث', 'دراسة القرآن الكريم والسنة النبوية'),
(64, 'اللغة العربية', 'دراسة الأدب واللغة العربية وآدابها'),
(65, 'الدراسات القرآنية', 'دراسة القرآن الكريم وعلومه'),
(66, 'الدعوة الإسلامية', 'أساليب وطرق الدعوة إلى الإسلام'),
(67, 'التربية', 'التعليم وطرق التدريس'),
(68, 'التربية الخاصة', 'تعليم ذوي الاحتياجات الخاصة'),
(69, 'علم النفس', 'دراسة السلوك والعمليات العقلية'),
(70, 'علم الاجتماع', 'دراسة المجتمع والظواهر الاجتماعية'),
(71, 'التاريخ', 'دراسة الأحداث الماضية والسياق التاريخي'),
(72, 'الجغرافيا', 'دراسة الأرض والبيئة البشرية والطبيعية'),
(73, 'التربية الرياضية', 'التعليم في مجال الرياضة واللياقة البدنية'),
(74, 'التربية الفنية', 'التعليم في الفنون والتصميم'),
(75, 'التصميم الجرافيكي', 'تصميم الرسوم والهوية البصرية'),
(76, 'التصميم الداخلي', 'تصميم المساحات والأماكن الداخلية'),
(77, 'العمارة', 'تصميم المباني والمنشآت المعمارية'),
(78, 'الفنون الجميلة', 'الإبداع في الفنون التشكيلية'),
(79, 'الرسوم المتحركة', 'إنشاء رسوم متحركة وأفلام'),
(80, 'التصوير الفوتوغرافي', 'فن التصوير والمعالجة البصرية'),
(81, 'القانون', 'دراسة القوانين والأنظمة القانونية'),
(82, 'القضاء', 'الأنظمة القضائية والإجراءات القانونية'),
(83, 'الأنظمة', 'دراسة الأنظمة السعودية'),
(84, 'الإعلام', 'الصحافة والإعلام الجماهيري'),
(85, 'العلاقات العامة والإعلام', 'إدارة الاتصال والإعلام المؤسسي'),
(86, 'الصحافة', 'كتابة الأخبار والتقارير الصحفية'),
(87, 'الإذاعة والتلفزيون', 'إنتاج البرامج الإذاعية والتلفزيونية'),
(88, 'الزراعة', 'علوم الزراعة والإنتاج الزراعي'),
(89, 'الاقتصاد الزراعي', 'الجوانب الاقتصادية للزراعة'),
(90, 'علوم الغذاء والتغذية', 'دراسة الأغذية والتغذية'),
(91, 'علوم البحار', 'دراسة البيئة البحرية والموارد البحرية'),
(92, 'الهندسة البحرية', 'تصميم السفن والمنشآت البحرية'),
(93, 'إدارة الطيران', 'إدارة العمليات الجوية والمطارات'),
(94, 'الملاحة الجوية', 'تخطيط وتنفيذ الرحلات الجوية'),
(95, 'الأمن السيبراني', 'حماية الأنظمة والمعلومات من التهديدات الإلكترونية'),
(96, 'اللغة الإنجليزية', 'دراسة اللغة الإنجليزية وآدابها'),
(97, 'الترجمة', 'الترجمة بين اللغات المختلفة'),
(98, 'الدراسات الدولية', 'دراسة العلاقات الدولية والسياسة العالمية'),
(99, 'الإحصاء', 'تحليل البيانات والدراسات الإحصائية'),
(100, 'الهندسة المدنية', 'تخصص الهندسة المدنية يشمل تصميم وبناء البنى التحتية مثل الجسور والطرق والمباني'),
(101, 'الهندسة المعمارية', 'تخصص الهندسة المعمارية يهتم بتصميم المباني والتخطيط العمراني'),
(102, 'الهندسة الميكانيكية', 'تخصص الهندسة الميكانيكية يهتم بتصميم وتطوير الآلات والأنظمة الميكانيكية'),
(103, 'الهندسة الكهربائية', 'تخصص الهندسة الكهربائية يهتم بدراسة وتطبيق الكهرباء والإلكترونيات'),
(104, 'الهندسة الصناعية', 'تخصص الهندسة الصناعية يهتم بتحسين الأنظمة والعمليات الصناعية'),
(105, 'هندسة الحاسب الآلي', 'تخصص هندسة الحاسب الآلي يهتم بتصميم وبرمجة أنظمة الحاسب'),
(106, 'هندسة البرمجيات', 'تخصص هندسة البرمجيات يهتم بتطوير البرمجيات والتطبيقات'),
(107, 'الهندسة الكيميائية', 'تخصص الهندسة الكيميائية يهتم بتحويل المواد الخام إلى منتجات مفيدة'),
(108, 'الهندسة النووية', 'تخصص الهندسة النووية يهتم بتطبيقات الطاقة النووية'),
(109, 'هندسة البترول', 'تخصص هندسة البترول يهتم باستكشاف وإنتاج النفط والغاز'),
(110, 'الهندسة البيئية', 'تخصص الهندسة البيئية يهتم بحماية البيئة وإدارة الموارد'),
(111, 'الهندسة الزراعية', 'تخصص الهندسة الزراعية يهتم بتطبيق التقنيات في الزراعة'),
(112, 'الهندسة الطبية الحيوية', 'تخصص الهندسة الطبية الحيوية يهتم بتطبيق الهندسة في الطب'),
(113, 'الطب والجراحة', 'تخصص الطب والجراحة يهتم بعلاج الأمراض والوقاية منها'),
(114, 'طب الأسنان', 'تخصص طب الأسنان يهتم بعلاج أمراض الفم والأسنان'),
(115, 'الصيدلة', 'تخصص الصيدلة يهتم بدراسة الأدوية وتحضيرها'),
(116, 'التمريض', 'تخصص التمريض يهتم برعاية المرضى ومساعدتهم'),
(117, 'الطب البيطري', 'تخصص الطب البيطري يهتم بعلاج الحيوانات'),
(118, 'العلوم الطبية التطبيقية', 'تخصص العلوم الطبية التطبيقية يشمل المختبرات الطبية والتقنيات الطبية'),
(119, 'العلاج الطبيعي', 'تخصص العلاج الطبيعي يهتم بمساعدة المرضى على استعادة حركتهم'),
(120, 'العلاج الوظيفي', 'تخصص العلاج الوظيفي يهتم بمساعدة الأشخاص على أداء أنشطتهم اليومية'),
(121, 'الرياضيات', 'تخصص الرياضيات يهتم بدراسة الأرقام والهندسة والتحليل'),
(122, 'الفيزياء', 'تخصص الفيزياء يهتم بدراسة المادة والطاقة'),
(123, 'الكيمياء', 'تخصص الكيمياء يهتم بدراسة المادة وتفاعلاتها'),
(124, 'الأحياء', 'تخصص الأحياء يهتم بدراسة الكائنات الحية'),
(125, 'الكيمياء الحيوية', 'تخصص الكيمياء الحيوية يهتم بدراسة العمليات الكيميائية في الكائنات الحية'),
(126, 'الفيزياء الطبية', 'تخصص الفيزياء الطبية يهتم بتطبيق الفيزياء في الطب'),
(127, 'الرياضيات التطبيقية', 'تخصص الرياضيات التطبيقية يهتم بتطبيق الرياضيات في مجالات مختلفة'),
(128, 'الإحصاء', 'تخصص الإحصاء يهتم بجمع وتحليل البيانات'),
(129, 'علوم الحاسب الآلي', 'تخصص علوم الحاسب الآلي يهتم بدراسة الحاسب والبرمجة'),
(130, 'تقنية المعلومات', 'تخصص تقنية المعلومات يهتم بإدارة وتطوير أنظمة المعلومات'),
(131, 'أمن المعلومات', 'تخصص أمن المعلومات يهتم بحماية البيانات والأنظمة'),
(132, 'الذكاء الاصطناعي', 'تخصص الذكاء الاصطناعي يهتم بإنشاء أنظمة ذكية'),
(133, 'علوم البيانات', 'تخصص علوم البيانات يهتم بتحليل البيانات الضخمة'),
(134, 'الشبكات والحاسب', 'تخصص الشبكات والحاسب يهتم بإدارة الشبكات وأنظمة الاتصالات'),
(135, 'إدارة الأعمال', 'تخصص إدارة الأعمال يهتم بإدارة المنظمات والمشاريع'),
(136, 'المحاسبة', 'تخصص المحاسبة يهتم بتسجيل وتحليل المعاملات المالية'),
(137, 'التسويق', 'تخصص التسويق يهتم بترويج المنتجات والخدمات'),
(138, 'التمويل', 'تخصص التمويل يهتم بإدارة الأموال والاستثمارات'),
(139, 'إدارة الموارد البشرية', 'تخصص إدارة الموارد البشرية يهتم بإدارة الموظفين'),
(140, 'نظم المعلومات الإدارية', 'تخصص نظم المعلومات الإدارية يهتم بتطوير أنظمة المعلومات للمنظمات'),
(141, 'إدارة المشاريع', 'تخصص إدارة المشاريع يهتم بتخطيط وتنفيذ المشاريع'),
(142, 'الشريعة', 'تخصص الشريعة يهتم بدراسة أحكام الإسلام والقرآن والسنة'),
(143, 'أصول الدين', 'تخصص أصول الدين يهتم بدراسة العقيدة والفقه'),
(144, 'القرآن الكريم وعلومه', 'تخصص القرآن الكريم يهتم بدراسة القرآن وتفسيره'),
(145, 'الحديث النبوي', 'تخصص الحديث النبوي يهتم بدراسة أحاديث النبي صلى الله عليه وسلم'),
(146, 'اللغة العربية', 'تخصص اللغة العربية يهتم بدراسة الأدب والنحو والبلاغة'),
(147, 'اللغة الإنجليزية', 'تخصص اللغة الإنجليزية يهتم بدراسة الأدب الإنجليزي والترجمة'),
(148, 'التاريخ', 'تخصص التاريخ يهتم بدراسة الأحداث الماضية'),
(149, 'الجغرافيا', 'تخصص الجغرافيا يهتم بدراسة الأرض والظواهر الطبيعية'),
(150, 'علم النفس', 'تخصص علم النفس يهتم بدراسة السلوك والعقل البشري'),
(151, 'علم الاجتماع', 'تخصص علم الاجتماع يهتم بدراسة المجتمعات والعلاقات الاجتماعية'),
(152, 'التربية', 'تخصص التربية يهتم بطرق وأساليب التعليم'),
(153, 'التربية الخاصة', 'تخصص التربية الخاصة يهتم بتعليم ذوي الاحتياجات الخاصة'),
(154, 'الطفولة المبكرة', 'تخصص الطفولة المبكرة يهتم بتربية وتعليم الأطفال الصغار'),
(155, 'تعليم الرياضيات', 'تخصص تعليم الرياضيات يهتم بتدريس الرياضيات'),
(156, 'تعليم العلوم', 'تخصص تعليم العلوم يهتم بتدريس العلوم الطبيعية'),
(157, 'تعليم اللغة العربية', 'تخصص تعليم اللغة العربية يهتم بتدريس اللغة العربية'),
(158, 'تعليم اللغة الإنجليزية', 'تخصص تعليم اللغة الإنجليزية يهتم بتدريس اللغة الإنجليزية'),
(159, 'الإعلام', 'تخصص الإعلام يهتم بالصحافة والإذاعة والتلفزيون'),
(160, 'العلاقات العامة', 'تخصص العلاقات العامة يهتم بإدارة العلاقات مع الجمهور'),
(161, 'الإذاعة والتلفزيون', 'تخصص الإذاعة والتلفزيون يهتم بإنتاج البرامج الإعلامية'),
(162, 'القانون', 'تخصص القانون يهتم بدراسة القوانين وتطبيقها'),
(163, 'التربية الفنية', 'تخصص التربية الفنية يهتم بتعليم الفنون'),
(164, 'التصميم الجرافيكي', 'تخصص التصميم الجرافيكي يهتم بإنشاء التصاميم البصرية'),
(165, 'التصميم الداخلي', 'تخصص التصميم الداخلي يهتم بتصميم المساحات الداخلية'),
(166, 'الزراعة', 'تخصص الزراعة يهتم بدراسة المحاصيل والثروة الحيوانية'),
(167, 'الهندسة الزراعية', 'تخصص الهندسة الزراعية يهتم بتطبيق التقنيات في الزراعة'),
(168, 'التربية البدنية', 'تخصص التربية البدنية يهتم بالرياضة واللياقة البدنية'),
(169, 'التغذية', 'تخصص التغذية يهتم بدراسة الغذاء وصحة الإنسان'),
(170, 'الإدارة الصحية', 'تخصص الإدارة الصحية يهتم بإدارة المؤسسات الصحية');

-- --------------------------------------------------------

--
-- Table structure for table `messages`
--

CREATE TABLE `messages` (
  `MessageID` int(11) NOT NULL,
  `ConversationID` int(11) NOT NULL,
  `SenderID` int(11) NOT NULL,
  `SenderType` enum('teacher','student','admin','university') COLLATE utf8mb4_unicode_ci NOT NULL,
  `ReceiverID` int(11) NOT NULL,
  `ReceiverType` enum('teacher','student','admin','university') COLLATE utf8mb4_unicode_ci NOT NULL,
  `Message` text COLLATE utf8mb4_unicode_ci NOT NULL,
  `IsRead` tinyint(1) DEFAULT '0',
  `CreatedAt` datetime DEFAULT CURRENT_TIMESTAMP
) ENGINE=InnoDB DEFAULT CHARSET=utf8mb4 COLLATE=utf8mb4_unicode_ci;

--
-- Dumping data for table `messages`
--

INSERT INTO `messages` (`MessageID`, `ConversationID`, `SenderID`, `SenderType`, `ReceiverID`, `ReceiverType`, `Message`, `IsRead`, `CreatedAt`) VALUES
(1, 1, 1, 'teacher', 1, 'student', '????? ?? ?? ??????! ??? ?????? ????????', 1, '2025-11-01 23:27:02'),
(2, 1, 1, 'student', 1, 'teacher', '?????? ???? ????????? ?? ????????', 1, '2025-11-01 23:27:02'),
(3, 1, 1, 'teacher', 1, 'student', '??????? ?? ?????? ???? ?????', 1, '2025-11-01 23:27:02'),
(4, 1, 1, 'student', 1, 'teacher', '???? ????????', 1, '2025-11-01 23:27:02'),
(5, 1, 1, 'teacher', 1, 'student', '?????! ???? ?????? ?? ?????? ?????? ???????', 1, '2025-11-01 23:27:02'),
(6, 1, 1, 'student', 1, 'teacher', '????? ?? ??? ???????', 1, '2025-11-01 23:27:02'),
(7, 2, 2, 'student', 2, 'teacher', '??? ???? ?????????', 0, '2025-11-01 23:27:02'),
(8, 1, 1, 'teacher', 1, 'student', 'أهلاً بك في النظام! كيف يمكنني مساعدتك؟', 1, '2025-11-01 23:30:18'),
(9, 1, 1, 'student', 1, 'teacher', 'شكراً، أريد الاستفسار عن التخصصات', 1, '2025-11-01 23:30:18'),
(10, 1, 1, 'teacher', 1, 'student', 'بالطبع، ما التخصص الذي يهمك؟', 1, '2025-11-01 23:30:18'),
(11, 1, 1, 'student', 1, 'teacher', 'أهتم بالهندسة', 1, '2025-11-01 23:30:18'),
(12, 1, 1, 'teacher', 1, 'student', 'ممتاز! دعني أساعدك في اختيار التخصص المناسب', 1, '2025-11-01 23:30:18'),
(13, 1, 1, 'student', 1, 'teacher', 'شكراً لك على التوجيه', 1, '2025-11-01 23:30:18'),
(14, 2, 2, 'student', 2, 'teacher', 'متى موعد المقابلة؟', 0, '2025-11-01 23:30:18');

-- --------------------------------------------------------

--
-- Table structure for table `monitors`
--

CREATE TABLE `monitors` (
  `MonitorID` int(11) NOT NULL,
  `TeacherID` int(11) NOT NULL,
  `StudentID` int(11) NOT NULL,
  `AssignedAt` datetime DEFAULT CURRENT_TIMESTAMP
) ENGINE=InnoDB DEFAULT CHARSET=utf8mb4 COLLATE=utf8mb4_unicode_ci;

--
-- Dumping data for table `monitors`
--

INSERT INTO `monitors` (`MonitorID`, `TeacherID`, `StudentID`, `AssignedAt`) VALUES
(1, 1, 1, '2025-11-01 23:30:15'),
(2, 1, 2, '2025-11-01 23:30:15'),
(3, 1, 3, '2025-11-01 23:30:15'),
(4, 2, 4, '2025-11-01 23:30:15'),
(5, 2, 5, '2025-11-01 23:30:15'),
(6, 3, 6, '2025-11-01 23:30:15'),
(7, 3, 7, '2025-11-01 23:30:15'),
(8, 3, 8, '2025-11-01 23:30:15'),
(9, 4, 2, '2025-11-01 23:30:15'),
(10, 4, 6, '2025-11-01 23:30:15'),
(11, 5, 1, '2025-11-01 23:30:15'),
(12, 5, 3, '2025-11-01 23:30:15');

-- --------------------------------------------------------

--
-- Table structure for table `permissions`
--

CREATE TABLE `permissions` (
  `PermissionID` int(11) NOT NULL,
  `Name` varchar(100) COLLATE utf8mb4_unicode_ci NOT NULL,
  `Description` text COLLATE utf8mb4_unicode_ci,
  `Module` varchar(50) COLLATE utf8mb4_unicode_ci NOT NULL,
  `Action` varchar(50) COLLATE utf8mb4_unicode_ci NOT NULL,
  `CreatedAt` datetime DEFAULT CURRENT_TIMESTAMP
) ENGINE=InnoDB DEFAULT CHARSET=utf8mb4 COLLATE=utf8mb4_unicode_ci;

--
-- Dumping data for table `permissions`
--

INSERT INTO `permissions` (`PermissionID`, `Name`, `Description`, `Module`, `Action`, `CreatedAt`) VALUES
(1, 'عرض المستخدمين', 'إمكانية عرض قائمة المستخدمين', 'users', 'read', '2025-11-02 07:21:25'),
(2, 'إضافة مستخدمين', 'إمكانية إضافة مستخدمين جدد', 'users', 'create', '2025-11-02 07:21:25'),
(3, 'تعديل المستخدمين', 'إمكانية تعديل بيانات المستخدمين', 'users', 'update', '2025-11-02 07:21:25'),
(4, 'حذف المستخدمين', 'إمكانية حذف المستخدمين', 'users', 'delete', '2025-11-02 07:21:25'),
(5, 'عرض الاستبيانات', 'إمكانية عرض الاستبيانات', 'surveys', 'read', '2025-11-02 07:21:25'),
(6, 'إدارة الاستبيانات', 'إمكانية إضافة وتعديل الاستبيانات', 'surveys', 'manage', '2025-11-02 07:21:25'),
(7, 'عرض التخصصات', 'إمكانية عرض التخصصات', 'majors', 'read', '2025-11-02 07:21:25'),
(8, 'إدارة التخصصات', 'إمكانية إضافة وتعديل التخصصات', 'majors', 'manage', '2025-11-02 07:21:25'),
(9, 'عرض الطلبات', 'إمكانية عرض طلبات التقديم', 'applications', 'read', '2025-11-02 07:21:25'),
(10, 'قبول/رفض الطلبات', 'إمكانية قبول أو رفض الطلبات', 'applications', 'manage', '2025-11-02 07:21:25'),
(11, 'عرض التقارير', 'إمكانية عرض التقارير والإحصائيات', 'reports', 'read', '2025-11-02 07:21:25'),
(12, 'تصدير التقارير', 'إمكانية تصدير التقارير', 'reports', 'export', '2025-11-02 07:21:25'),
(13, 'عرض الجامعات', 'إمكانية عرض الجامعات', 'universities', 'read', '2025-11-02 07:21:25'),
(14, 'إدارة الجامعات', 'إمكانية إضافة وتعديل الجامعات', 'universities', 'manage', '2025-11-02 07:21:25'),
(15, 'عرض الصلاحيات', 'إمكانية عرض الصلاحيات والأدوار', 'permissions', 'read', '2025-11-02 07:21:25'),
(16, 'إدارة الصلاحيات', 'إمكانية إدارة الصلاحيات والأدوار', 'permissions', 'manage', '2025-11-02 07:21:25');

-- --------------------------------------------------------

--
-- Table structure for table `questions`
--

CREATE TABLE `questions` (
  `QuestionID` int(11) NOT NULL,
  `Text` text COLLATE utf8mb4_unicode_ci NOT NULL,
  `Category` varchar(50) COLLATE utf8mb4_unicode_ci DEFAULT NULL,
  `Type` varchar(50) COLLATE utf8mb4_unicode_ci DEFAULT NULL
) ENGINE=InnoDB DEFAULT CHARSET=utf8mb4 COLLATE=utf8mb4_unicode_ci;

--
-- Dumping data for table `questions`
--

INSERT INTO `questions` (`QuestionID`, `Text`, `Category`, `Type`) VALUES
(1, 'ما هي المجالات التي تهمك أكثر؟', 'interest', 'multiple_choice'),
(2, 'ما هدفك المهني بعد التخرج؟', 'career', 'text'),
(3, 'هل تفضل التعلم من خلال الفيديو والصور؟', 'learning_style', 'yes_no'),
(4, 'هل تتعلم أفضل عبر الاستماع للشرح؟', 'learning_style', 'yes_no'),
(5, 'ما هي نقاط قوتك الأكاديمية؟', 'academic', 'multiple_choice'),
(6, 'ما هي اهتماماتك الشخصية؟', 'personal', 'multiple_choice'),
(7, 'ما هي الخبرات العملية التي ترغب في اكتسابها؟', 'experience', 'text'),
(8, 'ما هو مستوى الإبداع الذي ترغب في ممارسته؟', 'creativity', 'scale'),
(9, 'هل تفضل العمل في فريق أم بشكل مستقل؟', 'work_style', 'choice'),
(10, 'ما هو تخصصك المفضل في المدرسة الثانوية؟', 'academic', 'choice'),
(11, 'ما هي المجالات الأكاديمية التي تهمك أكثر؟', 'أكاديمي', 'interests'),
(12, 'ما هي المواد الدراسية التي تفضل دراستها؟', 'أكاديمي', 'interests'),
(13, 'ما هي الاهتمامات العلمية التي ترغب في استكشافها؟', 'علمي', 'interests'),
(14, 'ما هي المجالات المهنية التي تثير اهتمامك؟', 'مهني', 'interests'),
(15, 'ما هي الأنشطة التي تستمتع بها في وقت الفراغ؟', 'شخصي', 'interests'),
(16, 'ما هو أسلوب التعلم المفضل لديك؟', 'تعليمي', 'learning_style'),
(17, 'كيف تفضل استقبال المعلومات الجديدة؟', 'تعليمي', 'learning_style'),
(18, 'هل تفضل التعلم النظري أم العملي؟', 'تعليمي', 'learning_style'),
(19, 'ما هي البيئة التعليمية التي تناسبك أكثر؟', 'تعليمي', 'learning_style'),
(20, 'كيف تفضل تنظيم وقت التعلم؟', 'تعليمي', 'learning_style');

-- --------------------------------------------------------

--
-- Table structure for table `recommendations`
--

CREATE TABLE `recommendations` (
  `RecommendationID` int(11) NOT NULL,
  `StudentID` int(11) NOT NULL,
  `MajorID` int(11) NOT NULL,
  `GeneratedAt` datetime DEFAULT CURRENT_TIMESTAMP,
  `RecommendationText` text COLLATE utf8mb4_unicode_ci,
  `ConfidenceScore` float DEFAULT NULL,
  `Feedback` enum('positive','negative') COLLATE utf8mb4_unicode_ci DEFAULT NULL,
  `BiasDetected` tinyint(1) DEFAULT '0',
  `ModelVersion` varchar(50) COLLATE utf8mb4_unicode_ci DEFAULT NULL
) ENGINE=InnoDB DEFAULT CHARSET=utf8mb4 COLLATE=utf8mb4_unicode_ci;

--
-- Dumping data for table `recommendations`
--

INSERT INTO `recommendations` (`RecommendationID`, `StudentID`, `MajorID`, `GeneratedAt`, `RecommendationText`, `ConfidenceScore`, `Feedback`, `BiasDetected`, `ModelVersion`) VALUES
(1, 1, 13, '2025-11-01 23:30:15', 'درجاتك العالية في الرياضيات والعلوم واهتمامك بالهندسة تدل على ملاءمتك الكبيرة لتخصص هندسة الحاسب.', 0.93, NULL, 0, 'v2.0'),
(2, 1, 1, '2025-11-01 23:30:15', 'ملاءمة جيدة لتخصص الطب والجراحة بناءً على قدراتك الأكاديمية.', 0.78, NULL, 0, 'v2.0'),
(3, 2, 1, '2025-11-01 23:30:15', 'نتائجك المتميزة في العلوم واهتمامك بالطب تجعلك مرشحاً قوياً جداً لتخصص الطب والجراحة.', 0.95, NULL, 0, 'v2.0'),
(4, 2, 4, '2025-11-01 23:30:15', 'تخصص التمريض مناسب لك بناءً على اهتمامك في الرعاية الصحية.', 0.82, NULL, 0, 'v2.0'),
(5, 3, 13, '2025-11-01 23:30:15', 'قدراتك الاستثنائية في الرياضيات وعلوم الحاسب تؤهلك بشكل ممتاز لتخصص هندسة الحاسب.', 0.96, NULL, 0, 'v2.0'),
(6, 3, 14, '2025-11-01 23:30:15', 'ذكاء اصطناعي - تخصص متقدم يناسب مهاراتك التقنية', 0.89, NULL, 0, 'v2.0'),
(7, 4, 1, '2025-11-01 23:30:15', 'نتائجك المتميزة في الكيمياء والعلوم تؤهلك لتخصص الطب والجراحة.', 0.94, NULL, 0, 'v2.0');

-- --------------------------------------------------------

--
-- Table structure for table `reports`
--

CREATE TABLE `reports` (
  `ReportID` int(11) NOT NULL,
  `ReportName` varchar(200) COLLATE utf8mb4_unicode_ci NOT NULL,
  `Description` text COLLATE utf8mb4_unicode_ci,
  `ReportType` enum('system','users','applications','majors','custom') COLLATE utf8mb4_unicode_ci NOT NULL,
  `Period` enum('daily','weekly','monthly','yearly','custom') COLLATE utf8mb4_unicode_ci NOT NULL,
  `StartDate` date DEFAULT NULL,
  `EndDate` date DEFAULT NULL,
  `FilePath` varchar(500) COLLATE utf8mb4_unicode_ci DEFAULT NULL,
  `GeneratedBy` int(11) DEFAULT NULL,
  `GeneratedAt` datetime DEFAULT NULL,
  `CreatedAt` datetime DEFAULT CURRENT_TIMESTAMP
) ENGINE=InnoDB DEFAULT CHARSET=utf8mb4 COLLATE=utf8mb4_unicode_ci;

--
-- Dumping data for table `reports`
--

INSERT INTO `reports` (`ReportID`, `ReportName`, `Description`, `ReportType`, `Period`, `StartDate`, `EndDate`, `FilePath`, `GeneratedBy`, `GeneratedAt`, `CreatedAt`) VALUES
(1, 'تقرير الطلبات الشهري', 'تقرير شامل عن الطلبات المقدمة', 'applications', 'monthly', '2024-02-01', '2024-02-29', NULL, 1, '2024-03-01 10:00:00', '2025-11-01 23:30:17'),
(2, 'تقرير المستخدمين', 'إحصائيات المستخدمين المسجلين', 'users', '', '2024-01-01', '2024-03-31', NULL, 1, '2024-04-01 09:00:00', '2025-11-01 23:30:17'),
(3, 'تقرير التخصصات', 'تحليل التخصصات الأكثر طلباً', 'majors', 'custom', '2024-01-01', '2024-02-29', NULL, 1, '2024-03-05 14:00:00', '2025-11-01 23:30:17');

-- --------------------------------------------------------

--
-- Table structure for table `rolepermissions`
--

CREATE TABLE `rolepermissions` (
  `RolePermissionID` int(11) NOT NULL,
  `RoleID` int(11) NOT NULL,
  `PermissionID` int(11) NOT NULL,
  `CreatedAt` datetime DEFAULT CURRENT_TIMESTAMP
) ENGINE=InnoDB DEFAULT CHARSET=utf8mb4 COLLATE=utf8mb4_unicode_ci;

--
-- Dumping data for table `rolepermissions`
--

INSERT INTO `rolepermissions` (`RolePermissionID`, `RoleID`, `PermissionID`, `CreatedAt`) VALUES
(1, 1, 9, '2025-11-02 07:21:26'),
(2, 1, 10, '2025-11-02 07:21:26'),
(3, 1, 7, '2025-11-02 07:21:26'),
(4, 1, 8, '2025-11-02 07:21:26'),
(5, 1, 15, '2025-11-02 07:21:26'),
(6, 1, 16, '2025-11-02 07:21:26'),
(7, 1, 11, '2025-11-02 07:21:26'),
(8, 1, 12, '2025-11-02 07:21:26'),
(9, 1, 5, '2025-11-02 07:21:26'),
(10, 1, 6, '2025-11-02 07:21:26'),
(11, 1, 13, '2025-11-02 07:21:26'),
(12, 1, 14, '2025-11-02 07:21:26'),
(13, 1, 1, '2025-11-02 07:21:26'),
(14, 1, 2, '2025-11-02 07:21:26'),
(15, 1, 3, '2025-11-02 07:21:26'),
(16, 1, 4, '2025-11-02 07:21:26'),
(32, 2, 10, '2025-11-02 07:21:27'),
(33, 2, 9, '2025-11-02 07:21:27'),
(34, 2, 8, '2025-11-02 07:21:27'),
(35, 2, 7, '2025-11-02 07:21:27'),
(36, 2, 11, '2025-11-02 07:21:27'),
(39, 3, 9, '2025-11-02 07:21:27'),
(40, 3, 10, '2025-11-02 07:21:27'),
(42, 4, 11, '2025-11-02 07:21:27'),
(43, 4, 12, '2025-11-02 07:21:27');

-- --------------------------------------------------------

--
-- Table structure for table `roles`
--

CREATE TABLE `roles` (
  `RoleID` int(11) NOT NULL,
  `Name` varchar(100) COLLATE utf8mb4_unicode_ci NOT NULL,
  `Description` text COLLATE utf8mb4_unicode_ci,
  `IsCustom` tinyint(1) DEFAULT '1',
  `IsDefault` tinyint(1) DEFAULT '0',
  `CreatedAt` datetime DEFAULT CURRENT_TIMESTAMP,
  `UpdatedAt` datetime DEFAULT CURRENT_TIMESTAMP ON UPDATE CURRENT_TIMESTAMP
) ENGINE=InnoDB DEFAULT CHARSET=utf8mb4 COLLATE=utf8mb4_unicode_ci;

--
-- Dumping data for table `roles`
--

INSERT INTO `roles` (`RoleID`, `Name`, `Description`, `IsCustom`, `IsDefault`, `CreatedAt`, `UpdatedAt`) VALUES
(1, 'مدير النظام', 'صلاحيات كاملة على جميع أجزاء النظام', 0, 1, '2025-11-02 07:21:26', '2025-11-02 07:21:26'),
(2, 'مدير الجامعة', 'إدارة التخصصات والطلبات', 0, 1, '2025-11-02 07:21:26', '2025-11-02 07:21:26'),
(3, 'مشرف القبول', 'إدارة طلبات التقديم فقط', 0, 1, '2025-11-02 07:21:26', '2025-11-02 07:21:26'),
(4, 'مشرف الإحصائيات', 'عرض التقارير والإحصائيات فقط', 0, 1, '2025-11-02 07:21:26', '2025-11-02 07:21:26');

-- --------------------------------------------------------

--
-- Table structure for table `semesters`
--

CREATE TABLE `semesters` (
  `SemesterID` int(11) NOT NULL,
  `UniversityID` int(11) NOT NULL,
  `Name` varchar(100) COLLATE utf8mb4_unicode_ci NOT NULL,
  `Year` varchar(20) COLLATE utf8mb4_unicode_ci NOT NULL,
  `StartDate` date NOT NULL,
  `EndDate` date NOT NULL,
  `ApplicationStartDate` date NOT NULL,
  `ApplicationEndDate` date NOT NULL,
  `Status` enum('upcoming','active','completed','archived') COLLATE utf8mb4_unicode_ci DEFAULT 'upcoming',
  `TotalApplications` int(11) DEFAULT '0',
  `AcceptedApplications` int(11) DEFAULT '0',
  `CreatedAt` datetime DEFAULT CURRENT_TIMESTAMP
) ENGINE=InnoDB DEFAULT CHARSET=utf8mb4 COLLATE=utf8mb4_unicode_ci;

--
-- Dumping data for table `semesters`
--

INSERT INTO `semesters` (`SemesterID`, `UniversityID`, `Name`, `Year`, `StartDate`, `EndDate`, `ApplicationStartDate`, `ApplicationEndDate`, `Status`, `TotalApplications`, `AcceptedApplications`, `CreatedAt`) VALUES
(1, 1, 'فصل الخريف', '2024-2025', '2024-09-01', '2024-12-20', '2024-06-01', '2024-07-31', 'upcoming', 0, 0, '2025-11-01 23:30:17'),
(2, 2, 'فصل الخريف', '2024-2025', '2024-09-01', '2024-12-20', '2024-06-01', '2024-07-31', 'upcoming', 0, 0, '2025-11-01 23:30:17'),
(3, 3, 'فصل الخريف', '2024-2025', '2024-09-01', '2024-12-20', '2024-06-01', '2024-07-31', 'upcoming', 0, 0, '2025-11-01 23:30:17'),
(4, 1, 'فصل الربيع', '2024-2025', '2025-01-12', '2025-05-10', '2024-12-01', '2025-01-10', 'upcoming', 0, 0, '2025-11-01 23:30:17');

-- --------------------------------------------------------

--
-- Table structure for table `students`
--

CREATE TABLE `students` (
  `StudentID` int(11) NOT NULL,
  `FullName` varchar(100) COLLATE utf8mb4_unicode_ci NOT NULL,
  `Email` varchar(100) COLLATE utf8mb4_unicode_ci NOT NULL,
  `PasswordHash` varchar(255) COLLATE utf8mb4_unicode_ci NOT NULL,
  `Age` int(11) DEFAULT NULL,
  `Gender` enum('M','F','Other') COLLATE utf8mb4_unicode_ci DEFAULT NULL,
  `AcademicData` text COLLATE utf8mb4_unicode_ci,
  `Preferences` text COLLATE utf8mb4_unicode_ci,
  `CreatedAt` datetime DEFAULT CURRENT_TIMESTAMP
) ENGINE=InnoDB DEFAULT CHARSET=utf8mb4 COLLATE=utf8mb4_unicode_ci;

--
-- Dumping data for table `students`
--

INSERT INTO `students` (`StudentID`, `FullName`, `Email`, `PasswordHash`, `Age`, `Gender`, `AcademicData`, `Preferences`, `CreatedAt`) VALUES
(1, 'علي محمد الشمري', 'ali.shamri@student.edu', '$2a$10$frvwvzOIeXOwlEAfNbjmHeW3xdiKi.SFLUv8Bdvzz1Pad4YL0YD4W', 18, 'M', '{\"math\":95,\"science\":88,\"english\":80}', 'الهندسة، الطب', '2025-11-01 23:30:13'),
(2, 'لينا أحمد العتيبي', 'lina.otaibi@student.edu', '$2b$10$StudentPasswordHere2', 17, 'F', '{\"math\":70,\"science\":90,\"english\":85}', 'الطب، التمريض', '2025-11-01 23:30:13'),
(3, 'يوسف عبدالرحمن الدوسري', 'y.dosari@student.edu', '$2b$10$StudentPasswordHere3', 19, 'M', '{\"math\":80,\"science\":85,\"english\":75}', 'هندسة الحاسب، الذكاء الاصطناعي', '2025-11-01 23:30:13'),
(4, 'ريم سعد العنزي', 'reem.alanzi@student.edu', '$2b$10$StudentPasswordHere4', 18, 'F', '{\"math\":90,\"science\":92,\"english\":88}', 'الطب والجراحة', '2025-11-01 23:30:13'),
(5, 'فهد خالد الزهراني', 'f.zahrani@student.edu', '$2b$10$StudentPasswordHere5', 20, 'M', '{\"math\":85,\"science\":80,\"english\":82}', 'إدارة الأعمال، التسويق', '2025-11-01 23:30:13'),
(6, 'نوف محمد القحطاني', 'nouf.qahtani@student.edu', '$2b$10$StudentPasswordHere6', 18, 'F', '{\"math\":75,\"science\":88,\"english\":90}', 'الصيدلة', '2025-11-01 23:30:13'),
(7, 'تركي عبدالله الحربي', 'turki.alharbi@student.edu', '$2b$10$StudentPasswordHere7', 19, 'M', '{\"math\":92,\"science\":95,\"english\":85}', 'الهندسة المدنية، الهندسة المعمارية', '2025-11-01 23:30:13'),
(8, 'سمر عيسى الشهري', 'samar.alshehri@student.edu', '$2b$10$StudentPasswordHere8', 17, 'F', '{\"math\":88,\"science\":85,\"english\":90}', 'التربية، علم النفس', '2025-11-01 23:30:13');

-- --------------------------------------------------------

--
-- Table structure for table `systemnotifications`
--

CREATE TABLE `systemnotifications` (
  `NotificationID` int(11) NOT NULL,
  `UserID` int(11) NOT NULL,
  `UserType` enum('teacher','university','admin','student') COLLATE utf8mb4_unicode_ci NOT NULL,
  `Title` varchar(200) COLLATE utf8mb4_unicode_ci NOT NULL,
  `Message` text COLLATE utf8mb4_unicode_ci NOT NULL,
  `NotificationType` enum('info','success','warning','error') COLLATE utf8mb4_unicode_ci DEFAULT 'info',
  `IsRead` tinyint(1) DEFAULT '0',
  `RelatedEntityType` varchar(50) COLLATE utf8mb4_unicode_ci DEFAULT NULL,
  `RelatedEntityID` int(11) DEFAULT NULL,
  `CreatedAt` datetime DEFAULT CURRENT_TIMESTAMP
) ENGINE=InnoDB DEFAULT CHARSET=utf8mb4 COLLATE=utf8mb4_unicode_ci;

--
-- Dumping data for table `systemnotifications`
--

INSERT INTO `systemnotifications` (`NotificationID`, `UserID`, `UserType`, `Title`, `Message`, `NotificationType`, `IsRead`, `RelatedEntityType`, `RelatedEntityID`, `CreatedAt`) VALUES
(1, 3, 'student', 'تم قبول طلبك', 'مبارك! تم قبول طلبك في جامعة الملك فهد للبترول والمعادن', 'success', 0, NULL, NULL, '2025-11-01 23:30:16'),
(2, 2, 'student', 'تم تحديد موعد المقابلة', 'تم تحديد موعد مقابلة لك في 15 مارس 2024', 'info', 1, NULL, NULL, '2025-11-01 23:30:16'),
(3, 5, 'student', 'قيد المراجعة', 'طلبك قيد المراجعة النهائية', 'info', 0, NULL, NULL, '2025-11-01 23:30:16'),
(4, 1, 'admin', 'تقرير شهري', 'التقرير الشهري جاهز للمراجعة', 'info', 0, NULL, NULL, '2025-11-01 23:30:16');

-- --------------------------------------------------------

--
-- Table structure for table `systemsettings`
--

CREATE TABLE `systemsettings` (
  `SettingID` int(11) NOT NULL DEFAULT '1',
  `PrivacyPolicy` text COLLATE utf8mb4_unicode_ci,
  `TermsOfService` text COLLATE utf8mb4_unicode_ci,
  `ApplicationStartDate` date DEFAULT NULL,
  `ApplicationEndDate` date DEFAULT NULL,
  `SMTPHost` varchar(255) COLLATE utf8mb4_unicode_ci DEFAULT NULL,
  `SMTPPort` int(11) DEFAULT NULL,
  `SMTPUser` varchar(255) COLLATE utf8mb4_unicode_ci DEFAULT NULL,
  `SMTPPassword` text COLLATE utf8mb4_unicode_ci,
  `EmailFrom` varchar(255) COLLATE utf8mb4_unicode_ci DEFAULT NULL,
  `EmailEnabled` tinyint(1) NOT NULL DEFAULT '1',
  `PlatformName` varchar(255) COLLATE utf8mb4_unicode_ci NOT NULL DEFAULT 'University Major Recommendation System',
  `PlatformLogo` varchar(500) COLLATE utf8mb4_unicode_ci DEFAULT NULL,
  `PrimaryColor` varchar(7) COLLATE utf8mb4_unicode_ci NOT NULL DEFAULT '#3B82F6',
  `SecondaryColor` varchar(7) COLLATE utf8mb4_unicode_ci NOT NULL DEFAULT '#8B5CF6',
  `DefaultLanguage` varchar(10) COLLATE utf8mb4_unicode_ci NOT NULL DEFAULT 'ar',
  `SupportedLanguages` varchar(255) COLLATE utf8mb4_unicode_ci NOT NULL DEFAULT 'ar,en',
  `Timezone` varchar(100) COLLATE utf8mb4_unicode_ci NOT NULL DEFAULT 'Asia/Riyadh',
  `EnableAIRecommendations` tinyint(1) NOT NULL DEFAULT '1',
  `EnableStudentTracking` tinyint(1) NOT NULL DEFAULT '1',
  `EnableNotifications` tinyint(1) NOT NULL DEFAULT '1',
  `MaintenanceMode` tinyint(1) NOT NULL DEFAULT '0',
  `CreatedAt` datetime DEFAULT CURRENT_TIMESTAMP,
  `UpdatedAt` datetime DEFAULT CURRENT_TIMESTAMP ON UPDATE CURRENT_TIMESTAMP
) ENGINE=InnoDB DEFAULT CHARSET=utf8mb4 COLLATE=utf8mb4_unicode_ci;

--
-- Dumping data for table `systemsettings`
--

INSERT INTO `systemsettings` (`SettingID`, `PrivacyPolicy`, `TermsOfService`, `ApplicationStartDate`, `ApplicationEndDate`, `SMTPHost`, `SMTPPort`, `SMTPUser`, `SMTPPassword`, `EmailFrom`, `EmailEnabled`, `PlatformName`, `PlatformLogo`, `PrimaryColor`, `SecondaryColor`, `DefaultLanguage`, `SupportedLanguages`, `Timezone`, `EnableAIRecommendations`, `EnableStudentTracking`, `EnableNotifications`, `MaintenanceMode`, `CreatedAt`, `UpdatedAt`) VALUES
(1, 'We respect your privacy and are committed to protecting your personal data...', 'By using this platform, you agree to the following terms...', '2024-01-01', '2024-06-30', 'smtp.gmail.com', 587, 'noreply@university.edu', NULL, 'University Admission System', 1, 'University Major Recommendation System', '/logo.png', '#3B82F6', '#8B5CF6', 'ar', 'ar,en', 'Asia/Riyadh', 1, 1, 1, 0, '2025-11-02 14:57:31', '2025-11-02 14:57:31');

-- --------------------------------------------------------

--
-- Table structure for table `teachers`
--

CREATE TABLE `teachers` (
  `TeacherID` int(11) NOT NULL,
  `FullName` varchar(100) COLLATE utf8mb4_unicode_ci NOT NULL,
  `Email` varchar(100) COLLATE utf8mb4_unicode_ci NOT NULL,
  `PasswordHash` varchar(255) COLLATE utf8mb4_unicode_ci NOT NULL,
  `Role` varchar(50) COLLATE utf8mb4_unicode_ci NOT NULL,
  `AccessLevel` varchar(50) COLLATE utf8mb4_unicode_ci DEFAULT NULL,
  `UniversityID` int(11) DEFAULT NULL,
  `CreatedAt` datetime DEFAULT CURRENT_TIMESTAMP
) ENGINE=InnoDB DEFAULT CHARSET=utf8mb4 COLLATE=utf8mb4_unicode_ci;

--
-- Dumping data for table `teachers`
--

INSERT INTO `teachers` (`TeacherID`, `FullName`, `Email`, `PasswordHash`, `Role`, `AccessLevel`, `UniversityID`, `CreatedAt`) VALUES
(1, 'محمد أحمد العلي', 'm.ali@ksu.edu.sa', '$2a$10$frvwvzOIeXOwlEAfNbjmHeW3xdiKi.SFLUv8Bdvzz1Pad4YL0YD4W', 'teacher', 'standard', 1, '2025-11-01 23:30:13'),
(2, 'فاطمة خالد الزهراني', 'f.zahrani@kau.edu.sa', '$2b$10$YourHashedPasswordHere5', 'teacher', 'standard', 2, '2025-11-01 23:30:13'),
(3, 'عبدالله سعد القحطاني', 'a.qahtani@kfupm.edu.sa', '$2b$10$YourHashedPasswordHere6', 'teacher', 'standard', 3, '2025-11-01 23:30:13'),
(4, 'نورة حمد الدوسري', 'n.dosari@imamu.edu.sa', '$2b$10$YourHashedPasswordHere7', 'teacher', 'standard', 4, '2025-11-01 23:30:13'),
(5, 'خالد عيسى الحربي', 'k.alharbi@uqu.edu.sa', '$2b$10$YourHashedPasswordHere8', 'teacher', 'standard', 5, '2025-11-01 23:30:13');

-- --------------------------------------------------------

--
-- Table structure for table `trackingnotes`
--

CREATE TABLE `trackingnotes` (
  `NoteID` int(11) NOT NULL,
  `StudentID` int(11) NOT NULL,
  `TeacherID` int(11) NOT NULL,
  `NoteType` enum('academic','behavioral','guidance','general') COLLATE utf8mb4_unicode_ci DEFAULT 'general',
  `Note` text COLLATE utf8mb4_unicode_ci NOT NULL,
  `CreatedAt` datetime DEFAULT CURRENT_TIMESTAMP,
  `UpdatedAt` datetime DEFAULT CURRENT_TIMESTAMP ON UPDATE CURRENT_TIMESTAMP
) ENGINE=InnoDB DEFAULT CHARSET=utf8mb4 COLLATE=utf8mb4_unicode_ci;

--
-- Dumping data for table `trackingnotes`
--

INSERT INTO `trackingnotes` (`NoteID`, `StudentID`, `TeacherID`, `NoteType`, `Note`, `CreatedAt`, `UpdatedAt`) VALUES
(1, 1, 1, 'academic', 'الطالب يظهر اهتماماً كبيراً بالهندسة. يُنصح بمراجعة المسار الأكاديمي.', '2025-11-01 23:30:15', '2025-11-01 23:30:15'),
(2, 2, 1, 'academic', 'نتائج ممتازة في العلوم. ستكون مرشحة قوية للطب.', '2025-11-01 23:30:15', '2025-11-01 23:30:15'),
(3, 3, 3, 'academic', 'قدرات استثنائية في البرمجة والرياضيات. يفضل تخصص هندسة الحاسب.', '2025-11-01 23:30:15', '2025-11-01 23:30:15'),
(4, 1, 1, 'guidance', 'جلسة توجيه مكتملة بنجاح. الطالب واثق من خياراته.', '2025-11-01 23:30:15', '2025-11-01 23:30:15'),
(5, 4, 2, 'academic', 'من ضمن أفضل الطلاب أكاديمياً. مستعد بشكل جيد للطب.', '2025-11-01 23:30:15', '2025-11-01 23:30:15'),
(6, 5, 2, 'behavioral', 'نشط جداً في الأنشطة. شخصية قيادية.', '2025-11-01 23:30:15', '2025-11-01 23:30:15'),
(7, 6, 3, 'academic', 'اهتمام واضح بالصيدلة. يُنصح بمراجعة شروط القبول.', '2025-11-01 23:30:15', '2025-11-01 23:30:15');

-- --------------------------------------------------------

--
-- Table structure for table `universities`
--

CREATE TABLE `universities` (
  `UniversityID` int(11) NOT NULL,
  `Name` varchar(100) COLLATE utf8mb4_unicode_ci NOT NULL,
  `EnglishName` varchar(200) COLLATE utf8mb4_unicode_ci DEFAULT NULL,
  `Location` varchar(100) COLLATE utf8mb4_unicode_ci DEFAULT NULL,
  `Email` varchar(100) COLLATE utf8mb4_unicode_ci DEFAULT NULL,
  `Phone` varchar(20) COLLATE utf8mb4_unicode_ci DEFAULT NULL,
  `Website` varchar(200) COLLATE utf8mb4_unicode_ci DEFAULT NULL,
  `AccountStatus` enum('active','pending','rejected') COLLATE utf8mb4_unicode_ci DEFAULT 'pending',
  `ActiveStatus` enum('active','inactive') COLLATE utf8mb4_unicode_ci DEFAULT 'active',
  `CreatedAt` datetime DEFAULT CURRENT_TIMESTAMP,
  `ApprovedAt` datetime DEFAULT NULL
) ENGINE=InnoDB DEFAULT CHARSET=utf8mb4 COLLATE=utf8mb4_unicode_ci;

--
-- Dumping data for table `universities`
--

INSERT INTO `universities` (`UniversityID`, `Name`, `EnglishName`, `Location`, `Email`, `Phone`, `Website`, `AccountStatus`, `ActiveStatus`, `CreatedAt`, `ApprovedAt`) VALUES
(1, 'جامعة الملك سعود', 'King Saud University', 'الرياض', 'info@ksu.edu.sa', '0114670000', 'www.ksu.edu.sa', 'active', 'active', '2025-11-02 08:00:58', '2025-11-02 08:00:58'),
(2, 'جامعة الملك عبدالعزيز', 'King Abdulaziz University', 'جدة', 'info@kau.edu.sa', '0126950000', 'www.kau.edu.sa', 'active', 'active', '2025-11-02 07:56:53', '2025-11-02 08:00:59'),
(3, 'جامعة الملك فهد للبترول والمعادن', 'King Fahd University of Petroleum and Minerals', 'الظهران', 'info@kfupm.edu.sa', '0138600000', 'www.kfupm.edu.sa', 'active', 'active', '2025-11-02 08:00:58', '2025-11-02 08:00:58'),
(4, 'جامعة الإمام محمد بن سعود الإسلامية', 'Imam Mohammad Ibn Saud Islamic University', 'الرياض', 'info@imamu.edu.sa', '0112580000', 'www.imamu.edu.sa', 'active', 'active', '2025-11-02 07:56:53', '2025-11-02 08:00:59'),
(5, 'جامعة أم القرى', 'Umm Al-Qura University', 'مكة المكرمة', 'info@uqu.edu.sa', '0125570000', 'www.uqu.edu.sa', 'active', 'active', '2025-11-02 07:56:53', '2025-11-02 08:00:59'),
(6, 'جامعة الملك خالد', 'King Khalid University', 'أبها', 'info@kku.edu.sa', '0172410000', 'www.kku.edu.sa', 'active', 'active', '2025-11-02 07:56:53', '2025-11-02 08:00:59'),
(7, 'جامعة القصيم', 'Qassim University', 'بريدة', 'info@qu.edu.sa', '0163800000', 'www.qu.edu.sa', 'active', 'active', '2025-11-02 07:56:53', '2025-11-02 08:00:59'),
(8, 'جامعة طيبة', 'Taibah University', 'المدينة المنورة', 'info@taibahu.edu.sa', '0148460000', 'www.taibahu.edu.sa', 'active', 'active', '2025-11-02 07:56:53', '2025-11-02 08:00:59'),
(9, 'جامعة حائل', 'University of Ha\'il', 'حائل', 'info@uoh.edu.sa', '0165310000', 'www.uoh.edu.sa', 'active', 'active', '2025-11-02 07:56:53', '2025-11-02 08:00:59'),
(10, 'جامعة الجوف', 'Al-Jouf University', 'سكاكا', 'info@ju.edu.sa', '0166240000', 'www.ju.edu.sa', 'active', 'active', '2025-11-02 07:56:53', '2025-11-02 08:00:59'),
(11, 'جامعة نجران', 'Najran University', 'نجران', 'info@nu.edu.sa', '0175420000', 'www.nu.edu.sa', 'active', 'active', '2025-11-02 07:56:53', '2025-11-02 08:00:59'),
(12, 'جامعة الباحة', 'Al-Baha University', 'الباحة', 'info@bu.edu.sa', '0177250000', 'www.bu.edu.sa', 'active', 'active', '2025-11-02 07:56:53', '2025-11-02 08:00:59'),
(13, 'جامعة تبوك', 'Tabuk University', 'تبوك', 'info@ut.edu.sa', '0144270000', 'www.ut.edu.sa', 'active', 'active', '2025-11-02 07:56:53', '2025-11-02 08:00:59'),
(14, 'جامعة جازان', 'Jazan University', 'جازان', 'info@jazanu.edu.sa', '0173210000', 'www.jazanu.edu.sa', 'active', 'active', '2025-11-02 07:56:53', '2025-11-02 08:00:59'),
(15, 'جامعة الأمير سطام بن عبدالعزيز', 'Prince Sattam bin Abdulaziz University', 'الخرج', 'info@psau.edu.sa', '0115880000', 'www.psau.edu.sa', 'active', 'active', '2025-11-02 07:56:53', '2025-11-02 08:00:59'),
(16, 'جامعة شقراء', 'Shaqra University', 'شقراء', 'info@su.edu.sa', '0116220000', 'www.su.edu.sa', 'active', 'active', '2025-11-02 07:56:53', '2025-11-02 08:00:59'),
(17, 'جامعة المجمعة', 'Majmaah University', 'المجمعة', 'info@mu.edu.sa', '0164040000', 'www.mu.edu.sa', 'active', 'active', '2025-11-02 07:56:53', '2025-11-02 08:00:59'),
(18, 'جامعة الحدود الشمالية', 'Northern Border University', 'عرعر', 'info@nbu.edu.sa', '0173220000', 'www.nbu.edu.sa', 'active', 'active', '2025-11-02 07:56:53', '2025-11-02 08:00:59'),
(19, 'جامعة بيشة', 'University of Bisha', 'بيشة', 'info@ub.edu.sa', '0177220000', 'www.ub.edu.sa', 'active', 'active', '2025-11-02 07:56:53', '2025-11-02 08:00:59'),
(20, 'جامعة حفر الباطن', 'University of Hafr Al-Batin', 'حفر الباطن', 'info@uhb.edu.sa', '0137220000', 'www.uhb.edu.sa', 'active', 'active', '2025-11-02 07:56:53', '2025-11-02 08:00:59'),
(21, 'جامعة الملك فيصل', 'King Faisal University', 'الأحساء', 'info@kfu.edu.sa', '0135890000', 'www.kfu.edu.sa', 'active', 'active', '2025-11-02 07:56:53', '2025-11-02 08:00:59'),
(22, 'جامعة الإمام عبدالرحمن بن فيصل', 'Imam Abdulrahman Bin Faisal University', 'الدمام', 'info@iau.edu.sa', '0133330000', 'www.iau.edu.sa', 'active', 'active', '2025-11-02 07:56:53', '2025-11-02 08:00:59'),
(23, 'جامعة الملك سلمان بن عبدالعزيز', 'King Salman bin Abdulaziz University', 'الرياض', 'info@ksu.edu.sa', '0114640000', 'www.ksu.edu.sa', 'active', 'active', '2025-11-02 07:56:53', '2025-11-02 08:00:59'),
(24, 'جامعة الطائف', 'Taif University', 'الطائف', 'info@tu.edu.sa', '0127270000', 'www.tu.edu.sa', 'active', 'active', '2025-11-02 07:56:53', '2025-11-02 08:00:59'),
(25, 'جامعة الفيصل', 'Alfaisal University', 'الرياض', 'info@alfaisal.edu', '0112157777', 'www.alfaisal.edu', 'active', 'active', '2025-11-02 07:56:53', '2025-11-02 08:00:59'),
(26, 'جامعة الأميرة نورة بنت عبدالرحمن', 'Princess Nourah bint Abdulrahman University', 'الرياض', 'info@pnu.edu.sa', '0118220000', 'www.pnu.edu.sa', 'active', 'active', '2025-11-02 07:56:53', '2025-11-02 08:00:59'),
(27, 'جامعة الملك سعود بن عبدالعزيز للعلوم الصحية', 'King Saud bin Abdulaziz University for Health Sciences', 'الرياض', 'info@ksau-hs.edu.sa', '0114290000', 'www.ksau-hs.edu.sa', 'active', 'active', '2025-11-02 07:56:53', '2025-11-02 08:00:59'),
(28, 'جامعة الأمير سلطان', 'Prince Sultan University', 'الرياض', 'info@psu.edu.sa', '0114949000', 'www.psu.edu.sa', 'active', 'active', '2025-11-02 07:56:53', '2025-11-02 08:00:59'),
(29, 'جامعة الأمير محمد بن فهد', 'Prince Mohammad bin Fahd University', 'الخبر', 'info@pmu.edu.sa', '0138490000', 'www.pmu.edu.sa', 'active', 'active', '2025-11-02 07:56:53', '2025-11-02 08:00:59'),
(30, 'جامعة اليمامة', 'Al Yamamah University', 'الرياض', 'info@yu.edu.sa', '0112242222', 'www.yu.edu.sa', 'active', 'active', '2025-11-02 07:56:53', '2025-11-02 08:00:59'),
(31, 'جامعة دار العلوم', 'Dar Al Uloom University', 'الرياض', 'info@dau.edu.sa', '0114987000', 'www.dau.edu.sa', 'active', 'active', '2025-11-02 07:56:53', '2025-11-02 08:00:59'),
(32, 'جامعة الريادة', 'Al-Riyadah University', 'الرياض', 'info@alriyadh.edu.sa', '0112990000', 'www.alriyadh.edu.sa', 'active', 'active', '2025-11-02 07:56:53', '2025-11-02 08:00:59'),
(33, 'جامعة البترجي', 'Batterjee Medical College', 'جدة', 'info@bmc.edu.sa', '0126165555', 'www.bmc.edu.sa', 'active', 'active', '2025-11-02 07:56:53', '2025-11-02 08:00:59'),
(34, 'جامعة عفت', 'Effat University', 'جدة', 'info@effat.edu.sa', '0126303000', 'www.effat.edu.sa', 'active', 'active', '2025-11-02 07:56:53', '2025-11-02 08:00:59'),
(35, 'جامعة الملك عبدالله للعلوم والتقنية', 'King Abdullah University of Science and Technology', 'ثول', 'info@kaust.edu.sa', '0128080000', 'www.kaust.edu.sa', 'active', 'active', '2025-11-02 07:56:53', '2025-11-02 08:00:59'),
(36, 'جامعة الملك سعود جامعة مشتركة للعلوم الصحية', 'King Saud University Joint Health Sciences', 'الرياض', 'info@ksu-hs.edu.sa', '0114671111', 'www.ksu-hs.edu.sa', 'active', 'active', '2025-11-02 07:56:53', '2025-11-02 08:00:59'),
(37, 'جامعة سلمان بن عبدالعزيز', 'Salman bin Abdulaziz University', 'الخرج', 'info@sa.edu.sa', '0115881111', 'www.sa.edu.sa', 'active', 'active', '2025-11-02 07:56:53', '2025-11-02 08:00:59'),
(38, 'جامعة الجوف للعلوم والتقنية', 'Al-Jouf University for Science and Technology', 'سكاكا', 'info@just.edu.sa', '0166241111', 'www.just.edu.sa', 'active', 'active', '2025-11-02 07:56:53', '2025-11-02 08:00:59'),
(39, 'جامعة الإمام محمد بن سعود الإسلامية', 'Imam Mohammad Ibn Saud Islamic University', 'الرياض', 'info@imamu.edu.sa', '0112580000', 'www.imamu.edu.sa', 'active', 'active', '2025-11-02 08:00:59', '2025-11-02 08:00:59'),
(40, 'جامعة أم القرى', 'Umm Al-Qura University', 'مكة المكرمة', 'info@uqu.edu.sa', '0125570000', 'www.uqu.edu.sa', 'active', 'active', '2025-11-02 08:00:59', '2025-11-02 08:00:59'),
(41, 'جامعة الملك خالد', 'King Khalid University', 'أبها', 'info@kku.edu.sa', '0172410000', 'www.kku.edu.sa', 'active', 'active', '2025-11-02 08:00:59', '2025-11-02 08:00:59'),
(42, 'جامعة القصيم', 'Qassim University', 'بريدة', 'info@qu.edu.sa', '0163800000', 'www.qu.edu.sa', 'active', 'active', '2025-11-02 08:00:59', '2025-11-02 08:00:59'),
(43, 'جامعة طيبة', 'Taibah University', 'المدينة المنورة', 'info@taibahu.edu.sa', '0148460000', 'www.taibahu.edu.sa', 'active', 'active', '2025-11-02 08:00:59', '2025-11-02 08:00:59'),
(44, 'جامعة حائل', 'University of Ha\'il', 'حائل', 'info@uoh.edu.sa', '0165310000', 'www.uoh.edu.sa', 'active', 'active', '2025-11-02 08:00:59', '2025-11-02 08:00:59'),
(45, 'جامعة الجوف', 'Al-Jouf University', 'سكاكا', 'info@ju.edu.sa', '0166240000', 'www.ju.edu.sa', 'active', 'active', '2025-11-02 08:00:59', '2025-11-02 08:00:59'),
(46, 'جامعة نجران', 'Najran University', 'نجران', 'info@nu.edu.sa', '0175420000', 'www.nu.edu.sa', 'active', 'active', '2025-11-02 08:00:59', '2025-11-02 08:00:59'),
(47, 'جامعة الباحة', 'Al-Baha University', 'الباحة', 'info@bu.edu.sa', '0177250000', 'www.bu.edu.sa', 'active', 'active', '2025-11-02 08:00:59', '2025-11-02 08:00:59'),
(48, 'جامعة تبوك', 'Tabuk University', 'تبوك', 'info@ut.edu.sa', '0144270000', 'www.ut.edu.sa', 'active', 'active', '2025-11-02 08:00:59', '2025-11-02 08:00:59'),
(49, 'جامعة جازان', 'Jazan University', 'جازان', 'info@jazanu.edu.sa', '0173210000', 'www.jazanu.edu.sa', 'active', 'active', '2025-11-02 08:00:59', '2025-11-02 08:00:59'),
(50, 'جامعة الأمير سطام بن عبد العزيز', 'Prince Sattam bin Abdulaziz University', 'الخرج', 'info@psau.edu.sa', '0115880000', 'www.psau.edu.sa', 'active', 'active', '2025-11-02 08:00:59', '2025-11-02 08:00:59'),
(51, 'جامعة شقراء', 'Shaqra University', 'شقراء', 'info@su.edu.sa', '0116220000', 'www.su.edu.sa', 'active', 'active', '2025-11-02 08:00:59', '2025-11-02 08:00:59'),
(52, 'جامعة المجمعة', 'Majmaah University', 'المجمعة', 'info@mu.edu.sa', '0164040000', 'www.mu.edu.sa', 'active', 'active', '2025-11-02 08:00:59', '2025-11-02 08:00:59'),
(53, 'جامعة الحدود الشمالية', 'Northern Border University', 'عرعر', 'info@nbu.edu.sa', '0173220000', 'www.nbu.edu.sa', 'active', 'active', '2025-11-02 08:00:59', '2025-11-02 08:00:59'),
(54, 'جامعة بيشة', 'University of Bisha', 'بيشة', 'info@ub.edu.sa', '0177220000', 'www.ub.edu.sa', 'active', 'active', '2025-11-02 08:00:59', '2025-11-02 08:00:59'),
(55, 'جامعة حفر الباطن', 'University of Hafr Al-Batin', 'حفر الباطن', 'info@uhb.edu.sa', '0137220000', 'www.uhb.edu.sa', 'active', 'active', '2025-11-02 08:00:59', '2025-11-02 08:00:59'),
(56, 'جامعة الملك فيصل', 'King Faisal University', 'الأحساء', 'info@kfu.edu.sa', '0135890000', 'www.kfu.edu.sa', 'active', 'active', '2025-11-02 08:00:59', '2025-11-02 08:00:59'),
(57, 'جامعة الإمام عبد الرحمن بن فيصل', 'Imam Abdulrahman Bin Faisal University', 'الدمام', 'info@iau.edu.sa', '0133330000', 'www.iau.edu.sa', 'active', 'active', '2025-11-02 08:00:59', '2025-11-02 08:00:59'),
(58, 'جامعة الملك سلمان بن عبد العزيز', 'King Salman bin Abdulaziz University', 'الرياض', 'info@ksu.edu.sa', '0114640000', 'www.ksu.edu.sa', 'active', 'active', '2025-11-02 08:00:59', '2025-11-02 08:00:59'),
(59, 'جامعة الطائف', 'Taif University', 'الطائف', 'info@tu.edu.sa', '0127270000', 'www.tu.edu.sa', 'active', 'active', '2025-11-02 08:00:59', '2025-11-02 08:00:59'),
(60, 'جامعة الفيصل', 'Alfaisal University', 'الرياض', 'info@alfaisal.edu', '0112157777', 'www.alfaisal.edu', 'active', 'active', '2025-11-02 08:00:59', '2025-11-02 08:00:59'),
(61, 'جامعة الأميرة نورة بنت عبدالرحمن', 'Princess Nourah bint Abdulrahman University', 'الرياض', 'info@pnu.edu.sa', '0118220000', 'www.pnu.edu.sa', 'active', 'active', '2025-11-02 08:00:59', '2025-11-02 08:00:59'),
(62, 'جامعة الملك سعود بن عبدالعزيز للعلوم الصحية', 'King Saud bin Abdulaziz University for Health Sciences', 'الرياض', 'info@ksau-hs.edu.sa', '0114290000', 'www.ksau-hs.edu.sa', 'active', 'active', '2025-11-02 08:00:59', '2025-11-02 08:00:59'),
(63, 'جامعة الأمير سلطان', 'Prince Sultan University', 'الرياض', 'info@psu.edu.sa', '0114949000', 'www.psu.edu.sa', 'active', 'active', '2025-11-02 08:00:59', '2025-11-02 08:00:59'),
(64, 'جامعة الأمير محمد بن فهد', 'Prince Mohammad bin Fahd University', 'الخبر', 'info@pmu.edu.sa', '0138490000', 'www.pmu.edu.sa', 'active', 'active', '2025-11-02 08:00:59', '2025-11-02 08:00:59'),
(65, 'جامعة اليمامة', 'Al Yamamah University', 'الرياض', 'info@yu.edu.sa', '0112242222', 'www.yu.edu.sa', 'active', 'active', '2025-11-02 08:00:59', '2025-11-02 08:00:59'),
(66, 'جامعة دار العلوم', 'Dar Al Uloom University', 'الرياض', 'info@dau.edu.sa', '0114987000', 'www.dau.edu.sa', 'active', 'active', '2025-11-02 08:00:59', '2025-11-02 08:00:59'),
(67, 'جامعة الريادة', 'Al-Riyadah University', 'الرياض', 'info@alriyadh.edu.sa', '0112990000', 'www.alriyadh.edu.sa', 'active', 'active', '2025-11-02 08:00:59', '2025-11-02 08:00:59'),
(68, 'جامعة البترجي', 'Batterjee Medical College', 'جدة', 'info@bmc.edu.sa', '0126165555', 'www.bmc.edu.sa', 'active', 'active', '2025-11-02 08:00:59', '2025-11-02 08:00:59'),
(69, 'جامعة عفت', 'Effat University', 'جدة', 'info@effat.edu.sa', '0126303000', 'www.effat.edu.sa', 'active', 'active', '2025-11-02 08:00:59', '2025-11-02 08:00:59'),
(70, 'جامعة الملك عبدالله للعلوم والتقنية', 'King Abdullah University of Science and Technology', 'ثول', 'info@kaust.edu.sa', '0128080000', 'www.kaust.edu.sa', 'active', 'active', '2025-11-02 08:00:59', '2025-11-02 08:00:59'),
(71, 'جامعة الملك سعود جامعة مشتركة للعلوم الصحية', 'King Saud University Joint Health Sciences', 'الرياض', 'info@ksu-hs.edu.sa', '0114671111', 'www.ksu-hs.edu.sa', 'active', 'active', '2025-11-02 08:00:59', '2025-11-02 08:00:59'),
(72, 'جامعة سلمان بن عبدالعزيز', 'Salman bin Abdulaziz University', 'الخرج', 'info@sa.edu.sa', '0115881111', 'www.sa.edu.sa', 'active', 'active', '2025-11-02 08:00:59', '2025-11-02 08:00:59'),
(73, 'جامعة الجوف للعلوم والتقنية', 'Al-Jouf University for Science and Technology', 'سكاكا', 'info@just.edu.sa', '0166241111', 'www.just.edu.sa', 'active', 'active', '2025-11-02 08:00:59', '2025-11-02 08:00:59'),
(74, 'جامعة أمير المؤمنين', 'Amir Al-Mo\'menin University', 'المدينة المنورة', 'info@amamu.edu.sa', '0148461111', 'www.amamu.edu.sa', 'active', 'active', '2025-11-02 08:00:59', '2025-11-02 08:00:59'),
(75, 'جامعة أم القرى المفتوحة', 'Umm Al-Qura Open University', 'مكة المكرمة', 'info@uoqu.edu.sa', '0125571111', 'www.uoqu.edu.sa', 'active', 'active', '2025-11-02 08:00:59', '2025-11-02 08:00:59'),
(76, 'جامعة الإمام جعفر الصادق', 'Imam Jafar Al-Sadiq University', 'الرياض', 'info@ijsu.edu.sa', '0114672222', 'www.ijsu.edu.sa', 'active', 'active', '2025-11-02 08:00:59', '2025-11-02 08:00:59'),
(77, 'جامعة الأمير فهد بن سلطان', 'Prince Fahd bin Sultan University', 'تبوك', 'info@pfbsu.edu.sa', '0144271111', 'www.pfbsu.edu.sa', 'active', 'active', '2025-11-02 08:00:59', '2025-11-02 08:00:59'),
(78, 'جامعة الجبيل الصناعية', 'Jubail Industrial College', 'الجبيل', 'info@jic.edu.sa', '0133610000', 'www.jic.edu.sa', 'active', 'active', '2025-11-02 08:00:59', '2025-11-02 08:00:59'),
(79, 'جامعة ينبع الصناعية', 'Yanbu Industrial College', 'ينبع', 'info@yic.edu.sa', '0143910000', 'www.yic.edu.sa', 'active', 'active', '2025-11-02 08:00:59', '2025-11-02 08:00:59'),
(80, 'جامعة الأمير مقرن بن عبد العزيز', 'Prince Mugrin bin Abdulaziz University', 'المدينة المنورة', 'info@pmu.edu.sa', '0148480000', 'www.pmu.edu.sa', 'active', 'active', '2025-11-02 08:00:59', '2025-11-02 08:00:59'),
(81, 'جامعة الجوف للعلوم الطبية', 'Al-Jouf Medical Sciences University', 'سكاكا', 'info@jmsu.edu.sa', '0166242222', 'www.jmsu.edu.sa', 'active', 'active', '2025-11-02 08:00:59', '2025-11-02 08:00:59'),
(82, 'جامعة جدة', 'Jeddah University', 'جدة', 'info@uj.edu.sa', '0126370000', 'www.uj.edu.sa', 'active', 'active', '2025-11-02 08:00:59', '2025-11-02 08:00:59'),
(83, 'جامعة الباحة للعلوم والتقنية', 'Al-Baha University for Science and Technology', 'الباحة', 'info@bust.edu.sa', '0177251111', 'www.bust.edu.sa', 'active', 'active', '2025-11-02 08:00:59', '2025-11-02 08:00:59'),
(84, 'جامعة القصيم للعلوم والتقنية', 'Qassim University for Science and Technology', 'بريدة', 'info@qust.edu.sa', '0163801111', 'www.qust.edu.sa', 'active', 'active', '2025-11-02 08:00:59', '2025-11-02 08:00:59'),
(85, 'جامعة طيبة للعلوم والتقنية', 'Taibah University for Science and Technology', 'المدينة المنورة', 'info@tust.edu.sa', '0148462222', 'www.tust.edu.sa', 'active', 'active', '2025-11-02 08:00:59', '2025-11-02 08:00:59'),
(86, 'جامعة حائل للعلوم والتقنية', 'University of Ha\'il for Science and Technology', 'حائل', 'info@uhst.edu.sa', '0165312222', 'www.uhst.edu.sa', 'active', 'active', '2025-11-02 08:00:59', '2025-11-02 08:00:59'),
(87, 'جامعة نجران للعلوم والتقنية', 'Najran University for Science and Technology', 'نجران', 'info@nust.edu.sa', '0175422222', 'www.nust.edu.sa', 'active', 'active', '2025-11-02 08:00:59', '2025-11-02 08:00:59'),
(88, 'جامعة تبوك للعلوم والتقنية', 'Tabuk University for Science and Technology', 'تبوك', 'info@tust.edu.sa', '0144272222', 'www.tust.edu.sa', 'active', 'active', '2025-11-02 08:00:59', '2025-11-02 08:00:59'),
(89, 'جامعة جازان للعلوم والتقنية', 'Jazan University for Science and Technology', 'جازان', 'info@jzst.edu.sa', '0173212222', 'www.jzst.edu.sa', 'active', 'active', '2025-11-02 08:00:59', '2025-11-02 08:00:59'),
(90, 'جامعة الحدود الشمالية للعلوم والتقنية', 'Northern Border University for Science and Technology', 'عرعر', 'info@nbst.edu.sa', '0173222222', 'www.nbst.edu.sa', 'active', 'active', '2025-11-02 08:00:59', '2025-11-02 08:00:59'),
(91, 'جامعة بيشة للعلوم والتقنية', 'University of Bisha for Science and Technology', 'بيشة', 'info@ubst.edu.sa', '0177222222', 'www.ubst.edu.sa', 'active', 'active', '2025-11-02 08:00:59', '2025-11-02 08:00:59'),
(92, 'جامعة حفر الباطن للعلوم والتقنية', 'University of Hafr Al-Batin for Science and Technology', 'حفر الباطن', 'info@uhbst.edu.sa', '0137222222', 'www.uhbst.edu.sa', 'active', 'active', '2025-11-02 08:00:59', '2025-11-02 08:00:59'),
(93, 'جامعة الملك فيصل للعلوم والتقنية', 'King Faisal University for Science and Technology', 'الأحساء', 'info@kfust.edu.sa', '0135892222', 'www.kfust.edu.sa', 'active', 'active', '2025-11-02 08:00:59', '2025-11-02 08:00:59'),
(94, 'جامعة الإمام عبد الرحمن بن فيصل للعلوم والتقنية', 'Imam Abdulrahman Bin Faisal University for Science and Technology', 'الدمام', 'info@iaust.edu.sa', '0133332222', 'www.iaust.edu.sa', 'active', 'active', '2025-11-02 08:00:59', '2025-11-02 08:00:59'),
(95, 'جامعة الملك سلمان بن عبد العزيز للعلوم والتقنية', 'King Salman bin Abdulaziz University for Science and Technology', 'الرياض', 'info@ksust.edu.sa', '0114642222', 'www.ksust.edu.sa', 'active', 'active', '2025-11-02 08:00:59', '2025-11-02 08:00:59'),
(96, 'جامعة الطائف للعلوم والتقنية', 'Taif University for Science and Technology', 'الطائف', 'info@tust.edu.sa', '0127272222', 'www.tust.edu.sa', 'active', 'active', '2025-11-02 08:00:59', '2025-11-02 08:00:59'),
(97, 'جامعة الأمير سطام بن عبد العزيز للعلوم والتقنية', 'Prince Sattam bin Abdulaziz University for Science and Technology', 'الخرج', 'info@psaust.edu.sa', '0115882222', 'www.psaust.edu.sa', 'active', 'active', '2025-11-02 08:00:59', '2025-11-02 08:00:59'),
(98, 'جامعة شقراء للعلوم والتقنية', 'Shaqra University for Science and Technology', 'شقراء', 'info@sust.edu.sa', '0116222222', 'www.sust.edu.sa', 'active', 'active', '2025-11-02 08:00:59', '2025-11-02 08:00:59'),
(99, 'جامعة المجمعة للعلوم والتقنية', 'Majmaah University for Science and Technology', 'المجمعة', 'info@must.edu.sa', '0164042222', 'www.must.edu.sa', 'active', 'active', '2025-11-02 08:00:59', '2025-11-02 08:00:59'),
(100, 'جامعة الأميرة نورة بنت عبدالرحمن للعلوم والتقنية', 'Princess Nourah bint Abdulrahman University for Science and Technology', 'الرياض', 'info@pnust.edu.sa', '0118222222', 'www.pnust.edu.sa', 'active', 'active', '2025-11-02 08:00:59', '2025-11-02 08:00:59'),
(101, 'جامعة الملك سعود بن عبدالعزيز للعلوم الصحية والتقنية', 'King Saud bin Abdulaziz University for Health Sciences and Technology', 'الرياض', 'info@ksau-hst.edu.sa', '0114292222', 'www.ksau-hst.edu.sa', 'active', 'active', '2025-11-02 08:00:59', '2025-11-02 08:00:59'),
(102, 'جامعة الأمير سلطان للعلوم والتقنية', 'Prince Sultan University for Science and Technology', 'الرياض', 'info@psust.edu.sa', '0114949222', 'www.psust.edu.sa', 'active', 'active', '2025-11-02 08:00:59', '2025-11-02 08:00:59'),
(103, 'جامعة الأمير محمد بن فهد للعلوم والتقنية', 'Prince Mohammad bin Fahd University for Science and Technology', 'الخبر', 'info@pmust.edu.sa', '0138492222', 'www.pmust.edu.sa', 'active', 'active', '2025-11-02 08:00:59', '2025-11-02 08:00:59'),
(104, 'جامعة اليمامة للعلوم والتقنية', 'Al Yamamah University for Science and Technology', 'الرياض', 'info@yust.edu.sa', '0112243222', 'www.yust.edu.sa', 'active', 'active', '2025-11-02 08:00:59', '2025-11-02 08:00:59'),
(105, 'جامعة دار العلوم للعلوم والتقنية', 'Dar Al Uloom University for Science and Technology', 'الرياض', 'info@daust.edu.sa', '0114987222', 'www.daust.edu.sa', 'active', 'active', '2025-11-02 08:00:59', '2025-11-02 08:00:59'),
(106, 'جامعة الريادة للعلوم والتقنية', 'Al-Riyadah University for Science and Technology', 'الرياض', 'info@alriyadhst.edu.sa', '0112992222', 'www.alriyadhst.edu.sa', 'active', 'active', '2025-11-02 08:00:59', '2025-11-02 08:00:59'),
(107, 'جامعة البترجي للعلوم والتقنية', 'Batterjee Medical College for Science and Technology', 'جدة', 'info@bmcst.edu.sa', '0126166222', 'www.bmcst.edu.sa', 'active', 'active', '2025-11-02 08:00:59', '2025-11-02 08:00:59'),
(108, 'جامعة عفت للعلوم والتقنية', 'Effat University for Science and Technology', 'جدة', 'info@effatst.edu.sa', '0126303222', 'www.effatst.edu.sa', 'active', 'active', '2025-11-02 08:00:59', '2025-11-02 08:00:59');

-- --------------------------------------------------------

--
-- Table structure for table `universitymajors`
--

CREATE TABLE `universitymajors` (
  `UMID` int(11) NOT NULL,
  `UniversityID` int(11) NOT NULL,
  `MajorID` int(11) NOT NULL
) ENGINE=InnoDB DEFAULT CHARSET=utf8mb4 COLLATE=utf8mb4_unicode_ci;

--
-- Dumping data for table `universitymajors`
--

INSERT INTO `universitymajors` (`UMID`, `UniversityID`, `MajorID`) VALUES
(1, 1, 1),
(2, 1, 2),
(3, 1, 3),
(4, 1, 4),
(4669, 1, 5),
(4670, 1, 6),
(5, 1, 7),
(18544, 1, 8),
(6, 1, 9),
(18756, 1, 10),
(4671, 1, 11),
(18864, 1, 12),
(7, 1, 13),
(8, 1, 14),
(9, 1, 15),
(10, 1, 16),
(11, 1, 17),
(12, 1, 18),
(13, 1, 19),
(14, 1, 20),
(574, 1, 21),
(575, 1, 22),
(15, 1, 23),
(16, 1, 24),
(17, 1, 25),
(18, 1, 26),
(19336, 1, 27),
(19413, 1, 28),
(19521, 1, 29),
(19629, 1, 30),
(19737, 1, 31),
(576, 1, 32),
(19845, 1, 33),
(9786, 1, 34),
(9787, 1, 35),
(19, 1, 36),
(20, 1, 37),
(21, 1, 38),
(22, 1, 39),
(23, 1, 40),
(24, 1, 41),
(25, 1, 42),
(20266, 1, 43),
(20374, 1, 44),
(20482, 1, 45),
(6716, 1, 46),
(6717, 1, 47),
(26, 1, 48),
(27, 1, 49),
(28, 1, 50),
(29, 1, 51),
(20766, 1, 52),
(30, 1, 53),
(6718, 1, 54),
(20979, 1, 55),
(31, 1, 56),
(21173, 1, 57),
(21281, 1, 58),
(32, 1, 59),
(33, 1, 60),
(34, 1, 61),
(35, 1, 62),
(21689, 1, 63),
(12856, 1, 64),
(21790, 1, 65),
(21896, 1, 66),
(36, 1, 67),
(37, 1, 68),
(38, 1, 69),
(12857, 1, 70),
(12858, 1, 71),
(39, 1, 72),
(22003, 1, 73),
(16692, 1, 74),
(16693, 1, 75),
(16694, 1, 76),
(40, 1, 77),
(41, 1, 78),
(42, 1, 79),
(22428, 1, 80),
(43, 1, 81),
(44, 1, 82),
(22642, 1, 83),
(15414, 1, 84),
(22749, 1, 85),
(22857, 1, 86),
(45, 1, 87),
(46, 1, 88),
(22965, 1, 89),
(23072, 1, 90),
(23179, 1, 91),
(23287, 1, 92),
(23395, 1, 93),
(23503, 1, 94),
(23611, 1, 95),
(12859, 1, 96),
(23719, 1, 97),
(23827, 1, 98),
(6719, 1, 99),
(577, 1, 100),
(578, 1, 101),
(579, 1, 102),
(580, 1, 103),
(581, 1, 104),
(582, 1, 105),
(583, 1, 106),
(584, 1, 107),
(23935, 1, 108),
(585, 1, 109),
(586, 1, 110),
(587, 1, 111),
(24012, 1, 112),
(4672, 1, 113),
(4673, 1, 114),
(4674, 1, 115),
(4675, 1, 116),
(4676, 1, 117),
(4677, 1, 118),
(4678, 1, 119),
(4679, 1, 120),
(6720, 1, 121),
(6721, 1, 122),
(6722, 1, 123),
(6723, 1, 124),
(6724, 1, 125),
(6725, 1, 126),
(6726, 1, 127),
(6727, 1, 128),
(8763, 1, 129),
(8764, 1, 130),
(8765, 1, 131),
(8766, 1, 132),
(8767, 1, 133),
(8768, 1, 134),
(9788, 1, 135),
(9789, 1, 136),
(9790, 1, 137),
(9791, 1, 138),
(9792, 1, 139),
(9793, 1, 140),
(9794, 1, 141),
(11833, 1, 142),
(11834, 1, 143),
(11835, 1, 144),
(11836, 1, 145),
(12860, 1, 146),
(12861, 1, 147),
(12862, 1, 148),
(12863, 1, 149),
(12864, 1, 150),
(12865, 1, 151),
(12866, 1, 152),
(12867, 1, 153),
(12868, 1, 154),
(14903, 1, 155),
(14904, 1, 156),
(14905, 1, 157),
(14906, 1, 158),
(15415, 1, 159),
(15416, 1, 160),
(15417, 1, 161),
(16437, 1, 162),
(16695, 1, 163),
(16696, 1, 164),
(16697, 1, 165),
(17715, 1, 166),
(588, 1, 167),
(17970, 1, 168),
(17971, 1, 169),
(17972, 1, 170),
(47, 2, 1),
(48, 2, 2),
(49, 2, 3),
(50, 2, 4),
(5816, 2, 5),
(5817, 2, 6),
(51, 2, 7),
(18616, 2, 8),
(52, 2, 9),
(18828, 2, 10),
(5818, 2, 11),
(53, 2, 12),
(54, 2, 13),
(55, 2, 14),
(19128, 2, 15),
(56, 2, 16),
(57, 2, 17),
(58, 2, 18),
(59, 2, 19),
(60, 2, 20),
(2076, 2, 21),
(2077, 2, 22),
(61, 2, 23),
(62, 2, 24),
(2078, 2, 25),
(63, 2, 26),
(19379, 2, 27),
(19485, 2, 28),
(19593, 2, 29),
(19701, 2, 30),
(19809, 2, 31),
(2079, 2, 32),
(19917, 2, 33),
(10645, 2, 34),
(10646, 2, 35),
(68, 2, 36),
(69, 2, 37),
(70, 2, 38),
(71, 2, 39),
(72, 2, 40),
(73, 2, 41),
(20230, 2, 42),
(20338, 2, 43),
(20446, 2, 44),
(20554, 2, 45),
(7721, 2, 46),
(7722, 2, 47),
(7723, 2, 48),
(20660, 2, 49),
(20748, 2, 50),
(7724, 2, 51),
(66, 2, 52),
(67, 2, 53),
(7725, 2, 54),
(21051, 2, 55),
(80, 2, 56),
(21245, 2, 57),
(21353, 2, 58),
(81, 2, 59),
(82, 2, 60),
(21546, 2, 61),
(21653, 2, 62),
(21761, 2, 63),
(14076, 2, 64),
(21862, 2, 65),
(21968, 2, 66),
(14077, 2, 67),
(14078, 2, 68),
(74, 2, 69),
(75, 2, 70),
(76, 2, 71),
(77, 2, 72),
(22075, 2, 73),
(78, 2, 74),
(79, 2, 75),
(17124, 2, 76),
(22182, 2, 77),
(22287, 2, 78),
(22393, 2, 79),
(22500, 2, 80),
(83, 2, 81),
(22607, 2, 82),
(84, 2, 83),
(15844, 2, 84),
(22821, 2, 85),
(22929, 2, 86),
(15845, 2, 87),
(17858, 2, 88),
(64, 2, 89),
(65, 2, 90),
(23251, 2, 91),
(23359, 2, 92),
(23467, 2, 93),
(23575, 2, 94),
(23683, 2, 95),
(14079, 2, 96),
(23791, 2, 97),
(23899, 2, 98),
(7726, 2, 99),
(2080, 2, 100),
(2081, 2, 101),
(2082, 2, 102),
(2083, 2, 103),
(2084, 2, 104),
(2085, 2, 105),
(2086, 2, 106),
(2087, 2, 107),
(23978, 2, 108),
(2088, 2, 109),
(2089, 2, 110),
(2090, 2, 111),
(24084, 2, 112),
(5819, 2, 113),
(5820, 2, 114),
(5821, 2, 115),
(5822, 2, 116),
(5823, 2, 117),
(5824, 2, 118),
(5825, 2, 119),
(5826, 2, 120),
(7727, 2, 121),
(7728, 2, 122),
(7729, 2, 123),
(7730, 2, 124),
(7731, 2, 125),
(7732, 2, 126),
(7733, 2, 127),
(7734, 2, 128),
(9336, 2, 129),
(9337, 2, 130),
(9338, 2, 131),
(9339, 2, 132),
(9340, 2, 133),
(9341, 2, 134),
(10647, 2, 135),
(10648, 2, 136),
(10649, 2, 137),
(10650, 2, 138),
(10651, 2, 139),
(10652, 2, 140),
(10653, 2, 141),
(12191, 2, 142),
(12192, 2, 143),
(12193, 2, 144),
(12194, 2, 145),
(14080, 2, 146),
(14081, 2, 147),
(14082, 2, 148),
(14083, 2, 149),
(14084, 2, 150),
(14085, 2, 151),
(14086, 2, 152),
(14087, 2, 153),
(14088, 2, 154),
(15191, 2, 155),
(15192, 2, 156),
(15193, 2, 157),
(15194, 2, 158),
(15846, 2, 159),
(15847, 2, 160),
(15848, 2, 161),
(16580, 2, 162),
(17125, 2, 163),
(17126, 2, 164),
(17127, 2, 165),
(17859, 2, 166),
(2091, 2, 167),
(18186, 2, 168),
(18187, 2, 169),
(18188, 2, 170),
(4680, 3, 1),
(4681, 3, 2),
(4682, 3, 3),
(4683, 3, 4),
(4684, 3, 5),
(4685, 3, 6),
(4686, 3, 7),
(18545, 3, 8),
(18651, 3, 9),
(18757, 3, 10),
(4687, 3, 11),
(18865, 3, 12),
(18971, 3, 13),
(88, 3, 14),
(97, 3, 15),
(87, 3, 16),
(89, 3, 17),
(8769, 3, 18),
(86, 3, 19),
(85, 3, 20),
(589, 3, 21),
(90, 3, 22),
(590, 3, 23),
(591, 3, 24),
(98, 3, 25),
(592, 3, 26),
(18481, 3, 27),
(19414, 3, 28),
(19522, 3, 29),
(19630, 3, 30),
(19738, 3, 31),
(593, 3, 32),
(19846, 3, 33),
(9795, 3, 34),
(9796, 3, 35),
(99, 3, 36),
(100, 3, 37),
(19953, 3, 38),
(9797, 3, 39),
(20055, 3, 40),
(15418, 3, 41),
(20159, 3, 42),
(20267, 3, 43),
(20375, 3, 44),
(20483, 3, 45),
(6728, 3, 46),
(6729, 3, 47),
(96, 3, 48),
(94, 3, 49),
(95, 3, 50),
(6730, 3, 51),
(20767, 3, 52),
(20873, 3, 53),
(6731, 3, 54),
(20980, 3, 55),
(91, 3, 56),
(21174, 3, 57),
(21282, 3, 58),
(92, 3, 59),
(93, 3, 60),
(21475, 3, 61),
(21582, 3, 62),
(21690, 3, 63),
(12869, 3, 64),
(21791, 3, 65),
(21897, 3, 66),
(12870, 3, 67),
(12871, 3, 68),
(12872, 3, 69),
(12873, 3, 70),
(12874, 3, 71),
(12875, 3, 72),
(22004, 3, 73),
(16698, 3, 74),
(16699, 3, 75),
(16700, 3, 76),
(22111, 3, 77),
(22216, 3, 78),
(22322, 3, 79),
(22429, 3, 80),
(16438, 3, 81),
(22536, 3, 82),
(22643, 3, 83),
(15419, 3, 84),
(22750, 3, 85),
(22858, 3, 86),
(15420, 3, 87),
(17716, 3, 88),
(22966, 3, 89),
(23073, 3, 90),
(23180, 3, 91),
(23288, 3, 92),
(23396, 3, 93),
(23504, 3, 94),
(23612, 3, 95),
(12876, 3, 96),
(23720, 3, 97),
(23828, 3, 98),
(6732, 3, 99),
(594, 3, 100),
(595, 3, 101),
(596, 3, 102),
(597, 3, 103),
(598, 3, 104),
(599, 3, 105),
(600, 3, 106),
(601, 3, 107),
(18482, 3, 108),
(602, 3, 109),
(603, 3, 110),
(604, 3, 111),
(24013, 3, 112),
(4688, 3, 113),
(4689, 3, 114),
(4690, 3, 115),
(4691, 3, 116),
(4692, 3, 117),
(4693, 3, 118),
(4694, 3, 119),
(4695, 3, 120),
(6733, 3, 121),
(6734, 3, 122),
(6735, 3, 123),
(6736, 3, 124),
(6737, 3, 125),
(6738, 3, 126),
(6739, 3, 127),
(6740, 3, 128),
(8770, 3, 129),
(8771, 3, 130),
(8772, 3, 131),
(8773, 3, 132),
(8774, 3, 133),
(8775, 3, 134),
(9798, 3, 135),
(9799, 3, 136),
(9800, 3, 137),
(9801, 3, 138),
(9802, 3, 139),
(9803, 3, 140),
(9804, 3, 141),
(11837, 3, 142),
(11838, 3, 143),
(11839, 3, 144),
(11840, 3, 145),
(12877, 3, 146),
(12878, 3, 147),
(12879, 3, 148),
(12880, 3, 149),
(12881, 3, 150),
(12882, 3, 151),
(12883, 3, 152),
(12884, 3, 153),
(12885, 3, 154),
(14907, 3, 155),
(14908, 3, 156),
(14909, 3, 157),
(14910, 3, 158),
(15421, 3, 159),
(15422, 3, 160),
(15423, 3, 161),
(16439, 3, 162),
(16701, 3, 163),
(16702, 3, 164),
(16703, 3, 165),
(17717, 3, 166),
(605, 3, 167),
(17973, 3, 168),
(17974, 3, 169),
(17975, 3, 170),
(5827, 4, 1),
(5828, 4, 2),
(5829, 4, 3),
(5830, 4, 4),
(5831, 4, 5),
(5832, 4, 6),
(5833, 4, 7),
(18617, 4, 8),
(18722, 4, 9),
(18829, 4, 10),
(5834, 4, 11),
(18936, 4, 12),
(19042, 4, 13),
(2092, 4, 14),
(19129, 4, 15),
(9342, 4, 16),
(19234, 4, 17),
(9343, 4, 18),
(2093, 4, 19),
(19320, 4, 20),
(2094, 4, 21),
(2095, 4, 22),
(2096, 4, 23),
(2097, 4, 24),
(2098, 4, 25),
(2099, 4, 26),
(19380, 4, 27),
(19486, 4, 28),
(19594, 4, 29),
(19702, 4, 30),
(19810, 4, 31),
(2100, 4, 32),
(19918, 4, 33),
(10654, 4, 34),
(10655, 4, 35),
(10656, 4, 36),
(10657, 4, 37),
(20024, 4, 38),
(10658, 4, 39),
(108, 4, 40),
(15849, 4, 41),
(20231, 4, 42),
(20339, 4, 43),
(20447, 4, 44),
(20555, 4, 45),
(7735, 4, 46),
(7736, 4, 47),
(7737, 4, 48),
(20661, 4, 49),
(20749, 4, 50),
(7738, 4, 51),
(20838, 4, 52),
(20944, 4, 53),
(7739, 4, 54),
(21052, 4, 55),
(109, 4, 56),
(21246, 4, 57),
(21354, 4, 58),
(110, 4, 59),
(12195, 4, 60),
(21547, 4, 61),
(21654, 4, 62),
(101, 4, 63),
(102, 4, 64),
(103, 4, 65),
(104, 4, 66),
(105, 4, 67),
(14089, 4, 68),
(14090, 4, 69),
(14091, 4, 70),
(14092, 4, 71),
(114, 4, 72),
(22076, 4, 73),
(17128, 4, 74),
(17129, 4, 75),
(17130, 4, 76),
(111, 4, 77),
(112, 4, 78),
(113, 4, 79),
(22501, 4, 80),
(106, 4, 81),
(107, 4, 82),
(22714, 4, 83),
(15850, 4, 84),
(22822, 4, 85),
(22930, 4, 86),
(15851, 4, 87),
(17860, 4, 88),
(23037, 4, 89),
(23144, 4, 90),
(23252, 4, 91),
(23360, 4, 92),
(23468, 4, 93),
(23576, 4, 94),
(23684, 4, 95),
(14093, 4, 96),
(23792, 4, 97),
(23900, 4, 98),
(7740, 4, 99),
(2101, 4, 100),
(2102, 4, 101),
(2103, 4, 102),
(2104, 4, 103),
(2105, 4, 104),
(2106, 4, 105),
(2107, 4, 106),
(2108, 4, 107),
(23979, 4, 108),
(2109, 4, 109),
(2110, 4, 110),
(2111, 4, 111),
(24085, 4, 112),
(5835, 4, 113),
(5836, 4, 114),
(5837, 4, 115),
(5838, 4, 116),
(5839, 4, 117),
(5840, 4, 118),
(5841, 4, 119),
(5842, 4, 120),
(7741, 4, 121),
(7742, 4, 122),
(7743, 4, 123),
(7744, 4, 124),
(7745, 4, 125),
(7746, 4, 126),
(7747, 4, 127),
(7748, 4, 128),
(9344, 4, 129),
(9345, 4, 130),
(9346, 4, 131),
(9347, 4, 132),
(9348, 4, 133),
(9349, 4, 134),
(10659, 4, 135),
(10660, 4, 136),
(10661, 4, 137),
(10662, 4, 138),
(10663, 4, 139),
(10664, 4, 140),
(10665, 4, 141),
(12196, 4, 142),
(12197, 4, 143),
(12198, 4, 144),
(12199, 4, 145),
(14094, 4, 146),
(14095, 4, 147),
(14096, 4, 148),
(14097, 4, 149),
(14098, 4, 150),
(14099, 4, 151),
(14100, 4, 152),
(14101, 4, 153),
(14102, 4, 154),
(15195, 4, 155),
(15196, 4, 156),
(15197, 4, 157),
(15198, 4, 158),
(15852, 4, 159),
(15853, 4, 160),
(15854, 4, 161),
(16581, 4, 162),
(17131, 4, 163),
(17132, 4, 164),
(17133, 4, 165),
(17861, 4, 166),
(2112, 4, 167),
(18189, 4, 168),
(18190, 4, 169),
(18191, 4, 170),
(115, 5, 1),
(116, 5, 2),
(117, 5, 3),
(118, 5, 4),
(5843, 5, 5),
(5844, 5, 6),
(119, 5, 7),
(18618, 5, 8),
(18723, 5, 9),
(18830, 5, 10),
(5845, 5, 11),
(18937, 5, 12),
(120, 5, 13),
(121, 5, 14),
(19130, 5, 15),
(122, 5, 16),
(123, 5, 17),
(124, 5, 18),
(125, 5, 19),
(126, 5, 20),
(2113, 5, 21),
(2114, 5, 22),
(2115, 5, 23),
(2116, 5, 24),
(2117, 5, 25),
(2118, 5, 26),
(19381, 5, 27),
(19487, 5, 28),
(19595, 5, 29),
(19703, 5, 30),
(19811, 5, 31),
(2119, 5, 32),
(19919, 5, 33),
(10666, 5, 34),
(10667, 5, 35),
(136, 5, 36),
(137, 5, 37),
(20025, 5, 38),
(138, 5, 39),
(20126, 5, 40),
(15855, 5, 41),
(20232, 5, 42),
(20340, 5, 43),
(20448, 5, 44),
(20556, 5, 45),
(7749, 5, 46),
(7750, 5, 47),
(127, 5, 48),
(128, 5, 49),
(129, 5, 50),
(130, 5, 51),
(20839, 5, 52),
(20945, 5, 53),
(7751, 5, 54),
(21053, 5, 55),
(21157, 5, 56),
(21247, 5, 57),
(21355, 5, 58),
(21459, 5, 59),
(12200, 5, 60),
(21548, 5, 61),
(21655, 5, 62),
(131, 5, 63),
(132, 5, 64),
(133, 5, 65),
(21969, 5, 66),
(134, 5, 67),
(14103, 5, 68),
(14104, 5, 69),
(14105, 5, 70),
(14106, 5, 71),
(135, 5, 72),
(22077, 5, 73),
(139, 5, 74),
(140, 5, 75),
(17134, 5, 76),
(22183, 5, 77),
(22288, 5, 78),
(22394, 5, 79),
(22502, 5, 80),
(16582, 5, 81),
(22608, 5, 82),
(22715, 5, 83),
(15856, 5, 84),
(22823, 5, 85),
(22931, 5, 86),
(15857, 5, 87),
(17862, 5, 88),
(23038, 5, 89),
(23145, 5, 90),
(23253, 5, 91),
(23361, 5, 92),
(23469, 5, 93),
(23577, 5, 94),
(23685, 5, 95),
(14107, 5, 96),
(23793, 5, 97),
(23901, 5, 98),
(7752, 5, 99),
(2120, 5, 100),
(2121, 5, 101),
(2122, 5, 102),
(2123, 5, 103),
(2124, 5, 104),
(2125, 5, 105),
(2126, 5, 106),
(2127, 5, 107),
(23980, 5, 108),
(2128, 5, 109),
(2129, 5, 110),
(2130, 5, 111),
(24086, 5, 112),
(5846, 5, 113),
(5847, 5, 114),
(5848, 5, 115),
(5849, 5, 116),
(5850, 5, 117),
(5851, 5, 118),
(5852, 5, 119),
(5853, 5, 120),
(7753, 5, 121),
(7754, 5, 122),
(7755, 5, 123),
(7756, 5, 124),
(7757, 5, 125),
(7758, 5, 126),
(7759, 5, 127),
(7760, 5, 128),
(9350, 5, 129),
(9351, 5, 130),
(9352, 5, 131),
(9353, 5, 132),
(9354, 5, 133),
(9355, 5, 134),
(10668, 5, 135),
(10669, 5, 136),
(10670, 5, 137),
(10671, 5, 138),
(10672, 5, 139),
(10673, 5, 140),
(10674, 5, 141),
(12201, 5, 142),
(12202, 5, 143),
(12203, 5, 144),
(12204, 5, 145),
(14108, 5, 146),
(14109, 5, 147),
(14110, 5, 148),
(14111, 5, 149),
(14112, 5, 150),
(14113, 5, 151),
(14114, 5, 152),
(14115, 5, 153),
(14116, 5, 154),
(15199, 5, 155),
(15200, 5, 156),
(15201, 5, 157),
(15202, 5, 158),
(15858, 5, 159),
(15859, 5, 160),
(15860, 5, 161),
(16583, 5, 162),
(17135, 5, 163),
(17136, 5, 164),
(17137, 5, 165),
(17863, 5, 166),
(2131, 5, 167),
(18192, 5, 168),
(18193, 5, 169),
(18194, 5, 170),
(141, 6, 1),
(142, 6, 2),
(143, 6, 3),
(144, 6, 4),
(5854, 6, 5),
(5855, 6, 6),
(145, 6, 7),
(18619, 6, 8),
(18724, 6, 9),
(18831, 6, 10),
(5856, 6, 11),
(18938, 6, 12),
(146, 6, 13),
(147, 6, 14),
(19131, 6, 15),
(148, 6, 16),
(149, 6, 17),
(150, 6, 18),
(151, 6, 19),
(152, 6, 20),
(2132, 6, 21),
(2133, 6, 22),
(153, 6, 23),
(2134, 6, 24),
(2135, 6, 25),
(154, 6, 26),
(19382, 6, 27),
(19488, 6, 28),
(19596, 6, 29),
(19704, 6, 30),
(19812, 6, 31),
(2136, 6, 32),
(19920, 6, 33),
(10675, 6, 34),
(10676, 6, 35),
(162, 6, 36),
(163, 6, 37),
(164, 6, 38),
(10677, 6, 39),
(20127, 6, 40),
(15861, 6, 41),
(20233, 6, 42),
(20341, 6, 43),
(20449, 6, 44),
(20557, 6, 45),
(7761, 6, 46),
(7762, 6, 47),
(155, 6, 48),
(156, 6, 49),
(157, 6, 50),
(158, 6, 51),
(20840, 6, 52),
(20946, 6, 53),
(7763, 6, 54),
(21054, 6, 55),
(165, 6, 56),
(21248, 6, 57),
(21356, 6, 58),
(166, 6, 59),
(12205, 6, 60),
(21549, 6, 61),
(21656, 6, 62),
(167, 6, 63),
(168, 6, 64),
(21863, 6, 65),
(21970, 6, 66),
(14117, 6, 67),
(14118, 6, 68),
(14119, 6, 69),
(159, 6, 70),
(160, 6, 71),
(161, 6, 72),
(22078, 6, 73),
(17138, 6, 74),
(17139, 6, 75),
(17140, 6, 76),
(22184, 6, 77),
(22289, 6, 78),
(22395, 6, 79),
(22503, 6, 80),
(16584, 6, 81),
(22609, 6, 82),
(22716, 6, 83),
(15862, 6, 84),
(22824, 6, 85),
(22932, 6, 86),
(15863, 6, 87),
(17864, 6, 88),
(23039, 6, 89),
(23146, 6, 90),
(23254, 6, 91),
(23362, 6, 92),
(23470, 6, 93),
(23578, 6, 94),
(23686, 6, 95),
(14120, 6, 96),
(23794, 6, 97),
(23902, 6, 98),
(7764, 6, 99),
(2137, 6, 100),
(2138, 6, 101),
(2139, 6, 102),
(2140, 6, 103),
(2141, 6, 104),
(2142, 6, 105),
(2143, 6, 106),
(2144, 6, 107),
(23981, 6, 108),
(2145, 6, 109),
(2146, 6, 110),
(2147, 6, 111),
(24087, 6, 112),
(5857, 6, 113),
(5858, 6, 114),
(5859, 6, 115),
(5860, 6, 116),
(5861, 6, 117),
(5862, 6, 118),
(5863, 6, 119),
(5864, 6, 120),
(7765, 6, 121),
(7766, 6, 122),
(7767, 6, 123),
(7768, 6, 124),
(7769, 6, 125),
(7770, 6, 126),
(7771, 6, 127),
(7772, 6, 128),
(9356, 6, 129),
(9357, 6, 130),
(9358, 6, 131),
(9359, 6, 132),
(9360, 6, 133),
(9361, 6, 134),
(10678, 6, 135),
(10679, 6, 136),
(10680, 6, 137),
(10681, 6, 138),
(10682, 6, 139),
(10683, 6, 140),
(10684, 6, 141),
(12206, 6, 142),
(12207, 6, 143),
(12208, 6, 144),
(12209, 6, 145),
(14121, 6, 146),
(14122, 6, 147),
(14123, 6, 148),
(14124, 6, 149),
(14125, 6, 150),
(14126, 6, 151),
(14127, 6, 152),
(14128, 6, 153),
(14129, 6, 154),
(15203, 6, 155),
(15204, 6, 156),
(15205, 6, 157),
(15206, 6, 158),
(15864, 6, 159),
(15865, 6, 160),
(15866, 6, 161),
(16585, 6, 162),
(17141, 6, 163),
(17142, 6, 164),
(17143, 6, 165),
(17865, 6, 166),
(2148, 6, 167),
(18195, 6, 168),
(18196, 6, 169),
(18197, 6, 170),
(169, 7, 1),
(170, 7, 2),
(171, 7, 3),
(172, 7, 4),
(5865, 7, 5),
(5866, 7, 6),
(173, 7, 7),
(18620, 7, 8),
(18725, 7, 9),
(18832, 7, 10),
(5867, 7, 11),
(18939, 7, 12),
(174, 7, 13),
(175, 7, 14),
(19132, 7, 15),
(176, 7, 16),
(177, 7, 17),
(178, 7, 18),
(179, 7, 19),
(180, 7, 20),
(2149, 7, 21),
(2150, 7, 22),
(181, 7, 23),
(2151, 7, 24),
(2152, 7, 25),
(182, 7, 26),
(19383, 7, 27),
(19489, 7, 28),
(19597, 7, 29),
(19705, 7, 30),
(19813, 7, 31),
(2153, 7, 32),
(19921, 7, 33),
(10685, 7, 34),
(10686, 7, 35),
(193, 7, 36),
(194, 7, 37),
(195, 7, 38),
(10687, 7, 39),
(196, 7, 40),
(15867, 7, 41),
(20234, 7, 42),
(20342, 7, 43),
(20450, 7, 44),
(20558, 7, 45),
(7773, 7, 46),
(7774, 7, 47),
(183, 7, 48),
(184, 7, 49),
(185, 7, 50),
(186, 7, 51),
(20841, 7, 52),
(20947, 7, 53),
(7775, 7, 54),
(21055, 7, 55),
(197, 7, 56),
(21249, 7, 57),
(21357, 7, 58),
(198, 7, 59),
(12210, 7, 60),
(21550, 7, 61),
(21657, 7, 62),
(189, 7, 63),
(190, 7, 64),
(21864, 7, 65),
(21971, 7, 66),
(191, 7, 67),
(14130, 7, 68),
(14131, 7, 69),
(14132, 7, 70),
(14133, 7, 71),
(192, 7, 72),
(22079, 7, 73),
(17144, 7, 74),
(17145, 7, 75),
(17146, 7, 76),
(22185, 7, 77),
(22290, 7, 78),
(22396, 7, 79),
(22504, 7, 80),
(16586, 7, 81),
(22610, 7, 82),
(22717, 7, 83),
(15868, 7, 84),
(22825, 7, 85),
(22933, 7, 86),
(187, 7, 87),
(188, 7, 88),
(23040, 7, 89),
(23147, 7, 90),
(23255, 7, 91),
(23363, 7, 92),
(23471, 7, 93),
(23579, 7, 94),
(23687, 7, 95),
(14134, 7, 96),
(23795, 7, 97),
(23903, 7, 98),
(7776, 7, 99),
(2154, 7, 100),
(2155, 7, 101),
(2156, 7, 102),
(2157, 7, 103),
(2158, 7, 104),
(2159, 7, 105),
(2160, 7, 106),
(2161, 7, 107),
(23982, 7, 108),
(2162, 7, 109),
(2163, 7, 110),
(2164, 7, 111),
(24088, 7, 112),
(5868, 7, 113),
(5869, 7, 114),
(5870, 7, 115),
(5871, 7, 116),
(5872, 7, 117),
(5873, 7, 118),
(5874, 7, 119),
(5875, 7, 120),
(7777, 7, 121),
(7778, 7, 122),
(7779, 7, 123),
(7780, 7, 124),
(7781, 7, 125),
(7782, 7, 126),
(7783, 7, 127),
(7784, 7, 128),
(9362, 7, 129),
(9363, 7, 130),
(9364, 7, 131),
(9365, 7, 132),
(9366, 7, 133),
(9367, 7, 134),
(10688, 7, 135),
(10689, 7, 136),
(10690, 7, 137),
(10691, 7, 138),
(10692, 7, 139),
(10693, 7, 140),
(10694, 7, 141),
(12211, 7, 142),
(12212, 7, 143),
(12213, 7, 144),
(12214, 7, 145),
(14135, 7, 146),
(14136, 7, 147),
(14137, 7, 148),
(14138, 7, 149),
(14139, 7, 150),
(14140, 7, 151),
(14141, 7, 152),
(14142, 7, 153),
(14143, 7, 154),
(15207, 7, 155),
(15208, 7, 156),
(15209, 7, 157),
(15210, 7, 158),
(15869, 7, 159),
(15870, 7, 160),
(15871, 7, 161),
(16587, 7, 162),
(17147, 7, 163),
(17148, 7, 164),
(17149, 7, 165),
(17866, 7, 166),
(2165, 7, 167),
(18198, 7, 168),
(18199, 7, 169),
(18200, 7, 170),
(199, 8, 1),
(200, 8, 2),
(201, 8, 3),
(202, 8, 4),
(5876, 8, 5),
(5877, 8, 6),
(203, 8, 7),
(18621, 8, 8),
(18726, 8, 9),
(18833, 8, 10),
(5878, 8, 11),
(18940, 8, 12),
(204, 8, 13),
(205, 8, 14),
(19133, 8, 15),
(206, 8, 16),
(207, 8, 17),
(208, 8, 18),
(209, 8, 19),
(210, 8, 20),
(2166, 8, 21),
(2167, 8, 22),
(211, 8, 23),
(2168, 8, 24),
(2169, 8, 25),
(2170, 8, 26),
(19384, 8, 27),
(19490, 8, 28),
(19598, 8, 29),
(19706, 8, 30),
(19814, 8, 31),
(2171, 8, 32),
(19922, 8, 33),
(10695, 8, 34),
(10696, 8, 35),
(221, 8, 36),
(222, 8, 37),
(20026, 8, 38),
(10697, 8, 39),
(20128, 8, 40),
(15872, 8, 41),
(20235, 8, 42),
(20343, 8, 43),
(20451, 8, 44),
(20559, 8, 45),
(7785, 8, 46),
(7786, 8, 47),
(212, 8, 48),
(213, 8, 49),
(214, 8, 50),
(215, 8, 51),
(20842, 8, 52),
(20948, 8, 53),
(7787, 8, 54),
(21056, 8, 55),
(219, 8, 56),
(21250, 8, 57),
(21358, 8, 58),
(220, 8, 59),
(12215, 8, 60),
(21551, 8, 61),
(21658, 8, 62),
(21762, 8, 63),
(14144, 8, 64),
(21865, 8, 65),
(21972, 8, 66),
(14145, 8, 67),
(14146, 8, 68),
(14147, 8, 69),
(216, 8, 70),
(217, 8, 71),
(218, 8, 72),
(22080, 8, 73),
(17150, 8, 74),
(17151, 8, 75),
(17152, 8, 76),
(223, 8, 77),
(22291, 8, 78),
(22397, 8, 79),
(22505, 8, 80),
(16588, 8, 81),
(22611, 8, 82),
(22718, 8, 83),
(15873, 8, 84),
(22826, 8, 85),
(22934, 8, 86),
(15874, 8, 87),
(17867, 8, 88),
(23041, 8, 89),
(23148, 8, 90),
(23256, 8, 91),
(23364, 8, 92),
(23472, 8, 93),
(23580, 8, 94),
(23688, 8, 95),
(14148, 8, 96),
(23796, 8, 97),
(23904, 8, 98),
(7788, 8, 99),
(2172, 8, 100),
(2173, 8, 101),
(2174, 8, 102),
(2175, 8, 103),
(2176, 8, 104),
(2177, 8, 105),
(2178, 8, 106),
(2179, 8, 107),
(23983, 8, 108),
(2180, 8, 109),
(2181, 8, 110),
(2182, 8, 111),
(24089, 8, 112),
(5879, 8, 113),
(5880, 8, 114),
(5881, 8, 115),
(5882, 8, 116),
(5883, 8, 117),
(5884, 8, 118),
(5885, 8, 119),
(5886, 8, 120),
(7789, 8, 121),
(7790, 8, 122),
(7791, 8, 123),
(7792, 8, 124),
(7793, 8, 125),
(7794, 8, 126),
(7795, 8, 127),
(7796, 8, 128),
(9368, 8, 129),
(9369, 8, 130),
(9370, 8, 131),
(9371, 8, 132),
(9372, 8, 133),
(9373, 8, 134),
(10698, 8, 135),
(10699, 8, 136),
(10700, 8, 137),
(10701, 8, 138),
(10702, 8, 139),
(10703, 8, 140),
(10704, 8, 141),
(12216, 8, 142),
(12217, 8, 143),
(12218, 8, 144),
(12219, 8, 145),
(14149, 8, 146),
(14150, 8, 147),
(14151, 8, 148),
(14152, 8, 149),
(14153, 8, 150),
(14154, 8, 151),
(14155, 8, 152),
(14156, 8, 153),
(14157, 8, 154),
(15211, 8, 155),
(15212, 8, 156),
(15213, 8, 157),
(15214, 8, 158),
(15875, 8, 159),
(15876, 8, 160),
(15877, 8, 161),
(16589, 8, 162),
(17153, 8, 163),
(17154, 8, 164),
(17155, 8, 165),
(17868, 8, 166),
(2183, 8, 167),
(18201, 8, 168),
(18202, 8, 169),
(18203, 8, 170),
(224, 9, 1),
(225, 9, 2),
(226, 9, 3),
(227, 9, 4),
(5887, 9, 5),
(5888, 9, 6),
(228, 9, 7),
(18622, 9, 8),
(18727, 9, 9),
(18834, 9, 10),
(5889, 9, 11),
(18941, 9, 12),
(229, 9, 13),
(230, 9, 14),
(19134, 9, 15),
(231, 9, 16),
(232, 9, 17),
(233, 9, 18),
(234, 9, 19),
(235, 9, 20),
(2184, 9, 21),
(2185, 9, 22),
(2186, 9, 23),
(2187, 9, 24),
(2188, 9, 25),
(2189, 9, 26),
(19385, 9, 27),
(19491, 9, 28),
(19599, 9, 29),
(19707, 9, 30),
(19815, 9, 31),
(2190, 9, 32),
(19923, 9, 33),
(10705, 9, 34),
(10706, 9, 35),
(245, 9, 36),
(246, 9, 37),
(20027, 9, 38),
(10707, 9, 39),
(20129, 9, 40),
(15878, 9, 41),
(20236, 9, 42),
(20344, 9, 43),
(20452, 9, 44),
(20560, 9, 45),
(7797, 9, 46),
(7798, 9, 47),
(236, 9, 48),
(237, 9, 49),
(238, 9, 50),
(239, 9, 51),
(20843, 9, 52),
(20949, 9, 53),
(7799, 9, 54),
(21057, 9, 55),
(243, 9, 56),
(21251, 9, 57),
(21359, 9, 58),
(244, 9, 59),
(12220, 9, 60),
(21552, 9, 61),
(21659, 9, 62),
(21763, 9, 63),
(14158, 9, 64),
(21866, 9, 65),
(21973, 9, 66),
(14159, 9, 67),
(14160, 9, 68),
(14161, 9, 69),
(240, 9, 70),
(241, 9, 71),
(242, 9, 72),
(22081, 9, 73),
(17156, 9, 74),
(17157, 9, 75),
(17158, 9, 76),
(22186, 9, 77),
(22292, 9, 78),
(22398, 9, 79),
(22506, 9, 80),
(16590, 9, 81),
(22612, 9, 82),
(22719, 9, 83),
(15879, 9, 84),
(22827, 9, 85),
(22935, 9, 86),
(15880, 9, 87),
(17869, 9, 88),
(23042, 9, 89),
(23149, 9, 90),
(23257, 9, 91),
(23365, 9, 92),
(23473, 9, 93),
(23581, 9, 94),
(23689, 9, 95),
(14162, 9, 96),
(23797, 9, 97),
(23905, 9, 98),
(7800, 9, 99),
(2191, 9, 100),
(2192, 9, 101),
(2193, 9, 102),
(2194, 9, 103),
(2195, 9, 104),
(2196, 9, 105),
(2197, 9, 106),
(2198, 9, 107),
(23984, 9, 108),
(2199, 9, 109),
(2200, 9, 110),
(2201, 9, 111),
(24090, 9, 112),
(5890, 9, 113),
(5891, 9, 114),
(5892, 9, 115),
(5893, 9, 116),
(5894, 9, 117),
(5895, 9, 118),
(5896, 9, 119),
(5897, 9, 120),
(7801, 9, 121),
(7802, 9, 122),
(7803, 9, 123),
(7804, 9, 124),
(7805, 9, 125),
(7806, 9, 126),
(7807, 9, 127),
(7808, 9, 128),
(9374, 9, 129),
(9375, 9, 130),
(9376, 9, 131),
(9377, 9, 132),
(9378, 9, 133),
(9379, 9, 134),
(10708, 9, 135),
(10709, 9, 136),
(10710, 9, 137),
(10711, 9, 138),
(10712, 9, 139),
(10713, 9, 140),
(10714, 9, 141),
(12221, 9, 142),
(12222, 9, 143),
(12223, 9, 144),
(12224, 9, 145),
(14163, 9, 146),
(14164, 9, 147),
(14165, 9, 148),
(14166, 9, 149),
(14167, 9, 150),
(14168, 9, 151),
(14169, 9, 152),
(14170, 9, 153),
(14171, 9, 154),
(15215, 9, 155),
(15216, 9, 156),
(15217, 9, 157),
(15218, 9, 158),
(15881, 9, 159),
(15882, 9, 160),
(15883, 9, 161),
(16591, 9, 162),
(17159, 9, 163),
(17160, 9, 164),
(17161, 9, 165),
(17870, 9, 166),
(2202, 9, 167),
(18204, 9, 168),
(18205, 9, 169),
(18206, 9, 170),
(247, 10, 1),
(248, 10, 2),
(249, 10, 3),
(250, 10, 4),
(5898, 10, 5),
(5899, 10, 6),
(251, 10, 7),
(18623, 10, 8),
(18728, 10, 9),
(18835, 10, 10),
(5900, 10, 11),
(18942, 10, 12),
(252, 10, 13),
(253, 10, 14),
(19135, 10, 15),
(254, 10, 16),
(255, 10, 17),
(256, 10, 18),
(257, 10, 19),
(258, 10, 20),
(2203, 10, 21),
(2204, 10, 22),
(2205, 10, 23),
(2206, 10, 24),
(2207, 10, 25),
(2208, 10, 26),
(19386, 10, 27),
(19492, 10, 28),
(19600, 10, 29),
(19708, 10, 30),
(19816, 10, 31),
(2209, 10, 32),
(19924, 10, 33),
(10715, 10, 34),
(10716, 10, 35),
(268, 10, 36),
(269, 10, 37),
(20028, 10, 38),
(10717, 10, 39),
(20130, 10, 40),
(15884, 10, 41),
(20237, 10, 42),
(20345, 10, 43),
(20453, 10, 44),
(20561, 10, 45),
(7809, 10, 46),
(7810, 10, 47),
(259, 10, 48),
(260, 10, 49),
(261, 10, 50),
(262, 10, 51),
(20844, 10, 52),
(20950, 10, 53),
(7811, 10, 54),
(21058, 10, 55),
(266, 10, 56),
(21252, 10, 57),
(21360, 10, 58),
(267, 10, 59),
(12225, 10, 60),
(21553, 10, 61),
(21660, 10, 62),
(270, 10, 63),
(271, 10, 64),
(21867, 10, 65),
(21974, 10, 66),
(14172, 10, 67),
(14173, 10, 68),
(14174, 10, 69),
(263, 10, 70),
(264, 10, 71),
(265, 10, 72),
(22082, 10, 73),
(17162, 10, 74),
(17163, 10, 75),
(17164, 10, 76),
(22187, 10, 77),
(22293, 10, 78),
(22399, 10, 79),
(22507, 10, 80),
(16592, 10, 81),
(22613, 10, 82),
(22720, 10, 83),
(15885, 10, 84),
(22828, 10, 85),
(22936, 10, 86),
(15886, 10, 87),
(17871, 10, 88),
(23043, 10, 89),
(23150, 10, 90),
(23258, 10, 91),
(23366, 10, 92),
(23474, 10, 93),
(23582, 10, 94),
(23690, 10, 95),
(14175, 10, 96),
(23798, 10, 97),
(23906, 10, 98),
(7812, 10, 99),
(2210, 10, 100),
(2211, 10, 101),
(2212, 10, 102),
(2213, 10, 103),
(2214, 10, 104),
(2215, 10, 105),
(2216, 10, 106),
(2217, 10, 107),
(23985, 10, 108),
(2218, 10, 109),
(2219, 10, 110),
(2220, 10, 111),
(24091, 10, 112),
(5901, 10, 113),
(5902, 10, 114),
(5903, 10, 115),
(5904, 10, 116),
(5905, 10, 117),
(5906, 10, 118),
(5907, 10, 119),
(5908, 10, 120),
(7813, 10, 121),
(7814, 10, 122),
(7815, 10, 123),
(7816, 10, 124),
(7817, 10, 125),
(7818, 10, 126),
(7819, 10, 127),
(7820, 10, 128),
(9380, 10, 129),
(9381, 10, 130),
(9382, 10, 131),
(9383, 10, 132),
(9384, 10, 133),
(9385, 10, 134),
(10718, 10, 135),
(10719, 10, 136),
(10720, 10, 137),
(10721, 10, 138),
(10722, 10, 139),
(10723, 10, 140),
(10724, 10, 141),
(12226, 10, 142),
(12227, 10, 143),
(12228, 10, 144),
(12229, 10, 145),
(14176, 10, 146),
(14177, 10, 147),
(14178, 10, 148),
(14179, 10, 149),
(14180, 10, 150),
(14181, 10, 151),
(14182, 10, 152),
(14183, 10, 153),
(14184, 10, 154),
(15219, 10, 155),
(15220, 10, 156),
(15221, 10, 157),
(15222, 10, 158),
(15887, 10, 159),
(15888, 10, 160),
(15889, 10, 161),
(16593, 10, 162),
(17165, 10, 163),
(17166, 10, 164),
(17167, 10, 165),
(17872, 10, 166),
(2221, 10, 167),
(18207, 10, 168),
(18208, 10, 169),
(18209, 10, 170),
(272, 11, 1),
(273, 11, 2),
(274, 11, 3),
(275, 11, 4),
(5909, 11, 5),
(5910, 11, 6),
(276, 11, 7),
(18624, 11, 8),
(18729, 11, 9),
(18836, 11, 10),
(5911, 11, 11),
(18943, 11, 12),
(277, 11, 13),
(278, 11, 14),
(19136, 11, 15),
(279, 11, 16),
(280, 11, 17),
(281, 11, 18),
(282, 11, 19),
(283, 11, 20),
(2222, 11, 21),
(2223, 11, 22),
(2224, 11, 23),
(2225, 11, 24),
(2226, 11, 25),
(2227, 11, 26),
(19387, 11, 27),
(19493, 11, 28),
(19601, 11, 29),
(19709, 11, 30),
(19817, 11, 31),
(2228, 11, 32),
(19925, 11, 33),
(10725, 11, 34),
(10726, 11, 35),
(293, 11, 36),
(294, 11, 37),
(20029, 11, 38),
(10727, 11, 39),
(20131, 11, 40),
(15890, 11, 41),
(20238, 11, 42),
(20346, 11, 43),
(20454, 11, 44),
(20562, 11, 45),
(7821, 11, 46),
(7822, 11, 47),
(284, 11, 48),
(285, 11, 49),
(286, 11, 50),
(287, 11, 51),
(20845, 11, 52),
(20951, 11, 53),
(7823, 11, 54),
(21059, 11, 55),
(291, 11, 56),
(21253, 11, 57),
(21361, 11, 58),
(292, 11, 59),
(12230, 11, 60),
(21554, 11, 61),
(21661, 11, 62),
(295, 11, 63),
(296, 11, 64),
(21868, 11, 65),
(21975, 11, 66),
(14185, 11, 67),
(14186, 11, 68),
(14187, 11, 69),
(288, 11, 70),
(289, 11, 71),
(290, 11, 72),
(22083, 11, 73),
(17168, 11, 74),
(17169, 11, 75),
(17170, 11, 76),
(22188, 11, 77),
(22294, 11, 78),
(22400, 11, 79),
(22508, 11, 80),
(16594, 11, 81),
(22614, 11, 82),
(22721, 11, 83),
(15891, 11, 84),
(22829, 11, 85),
(22937, 11, 86),
(15892, 11, 87),
(17873, 11, 88),
(23044, 11, 89),
(23151, 11, 90),
(23259, 11, 91),
(23367, 11, 92),
(23475, 11, 93),
(23583, 11, 94),
(23691, 11, 95),
(14188, 11, 96),
(23799, 11, 97),
(23907, 11, 98),
(7824, 11, 99),
(2229, 11, 100),
(2230, 11, 101),
(2231, 11, 102),
(2232, 11, 103),
(2233, 11, 104),
(2234, 11, 105),
(2235, 11, 106),
(2236, 11, 107),
(23986, 11, 108),
(2237, 11, 109),
(2238, 11, 110),
(2239, 11, 111),
(24092, 11, 112),
(5912, 11, 113),
(5913, 11, 114),
(5914, 11, 115),
(5915, 11, 116),
(5916, 11, 117),
(5917, 11, 118),
(5918, 11, 119),
(5919, 11, 120),
(7825, 11, 121),
(7826, 11, 122),
(7827, 11, 123),
(7828, 11, 124),
(7829, 11, 125),
(7830, 11, 126),
(7831, 11, 127),
(7832, 11, 128),
(9386, 11, 129),
(9387, 11, 130),
(9388, 11, 131),
(9389, 11, 132),
(9390, 11, 133),
(9391, 11, 134),
(10728, 11, 135),
(10729, 11, 136),
(10730, 11, 137),
(10731, 11, 138),
(10732, 11, 139),
(10733, 11, 140),
(10734, 11, 141),
(12231, 11, 142),
(12232, 11, 143),
(12233, 11, 144),
(12234, 11, 145),
(14189, 11, 146),
(14190, 11, 147),
(14191, 11, 148),
(14192, 11, 149),
(14193, 11, 150),
(14194, 11, 151),
(14195, 11, 152),
(14196, 11, 153),
(14197, 11, 154),
(15223, 11, 155),
(15224, 11, 156),
(15225, 11, 157),
(15226, 11, 158),
(15893, 11, 159),
(15894, 11, 160),
(15895, 11, 161),
(16595, 11, 162),
(17171, 11, 163),
(17172, 11, 164),
(17173, 11, 165),
(17874, 11, 166),
(2240, 11, 167),
(18210, 11, 168),
(18211, 11, 169),
(18212, 11, 170),
(297, 12, 1),
(298, 12, 2),
(299, 12, 3),
(300, 12, 4),
(5920, 12, 5),
(5921, 12, 6),
(301, 12, 7),
(18625, 12, 8),
(18730, 12, 9),
(18837, 12, 10),
(5922, 12, 11),
(18944, 12, 12),
(302, 12, 13),
(303, 12, 14),
(19137, 12, 15),
(304, 12, 16),
(305, 12, 17),
(306, 12, 18),
(307, 12, 19),
(308, 12, 20),
(2241, 12, 21),
(2242, 12, 22),
(2243, 12, 23),
(2244, 12, 24),
(2245, 12, 25),
(2246, 12, 26),
(19388, 12, 27),
(19494, 12, 28),
(19602, 12, 29),
(19710, 12, 30),
(19818, 12, 31),
(2247, 12, 32),
(19926, 12, 33),
(10735, 12, 34),
(10736, 12, 35),
(318, 12, 36),
(319, 12, 37),
(20030, 12, 38),
(10737, 12, 39),
(20132, 12, 40),
(15896, 12, 41),
(20239, 12, 42),
(20347, 12, 43),
(20455, 12, 44),
(20563, 12, 45),
(7833, 12, 46),
(7834, 12, 47),
(309, 12, 48),
(310, 12, 49),
(311, 12, 50),
(312, 12, 51),
(20846, 12, 52),
(20952, 12, 53),
(7835, 12, 54),
(21060, 12, 55),
(316, 12, 56),
(21254, 12, 57),
(21362, 12, 58),
(317, 12, 59),
(12235, 12, 60),
(21555, 12, 61),
(21662, 12, 62),
(21764, 12, 63),
(14198, 12, 64),
(21869, 12, 65),
(21976, 12, 66),
(14199, 12, 67),
(14200, 12, 68),
(14201, 12, 69),
(313, 12, 70),
(314, 12, 71),
(315, 12, 72),
(22084, 12, 73),
(17174, 12, 74),
(17175, 12, 75),
(17176, 12, 76),
(22189, 12, 77),
(22295, 12, 78),
(22401, 12, 79),
(22509, 12, 80),
(16596, 12, 81),
(22615, 12, 82),
(22722, 12, 83),
(15897, 12, 84),
(22830, 12, 85),
(22938, 12, 86),
(15898, 12, 87),
(17875, 12, 88),
(23045, 12, 89),
(23152, 12, 90),
(23260, 12, 91),
(23368, 12, 92),
(23476, 12, 93),
(23584, 12, 94),
(23692, 12, 95),
(14202, 12, 96),
(23800, 12, 97),
(23908, 12, 98),
(7836, 12, 99),
(2248, 12, 100),
(2249, 12, 101),
(2250, 12, 102),
(2251, 12, 103),
(2252, 12, 104),
(2253, 12, 105),
(2254, 12, 106),
(2255, 12, 107),
(23987, 12, 108),
(2256, 12, 109),
(2257, 12, 110),
(2258, 12, 111),
(24093, 12, 112),
(5923, 12, 113),
(5924, 12, 114),
(5925, 12, 115),
(5926, 12, 116),
(5927, 12, 117),
(5928, 12, 118),
(5929, 12, 119),
(5930, 12, 120),
(7837, 12, 121),
(7838, 12, 122),
(7839, 12, 123),
(7840, 12, 124),
(7841, 12, 125),
(7842, 12, 126),
(7843, 12, 127),
(7844, 12, 128),
(9392, 12, 129),
(9393, 12, 130),
(9394, 12, 131),
(9395, 12, 132),
(9396, 12, 133),
(9397, 12, 134),
(10738, 12, 135),
(10739, 12, 136),
(10740, 12, 137),
(10741, 12, 138),
(10742, 12, 139),
(10743, 12, 140),
(10744, 12, 141),
(12236, 12, 142),
(12237, 12, 143),
(12238, 12, 144),
(12239, 12, 145),
(14203, 12, 146),
(14204, 12, 147),
(14205, 12, 148),
(14206, 12, 149),
(14207, 12, 150),
(14208, 12, 151),
(14209, 12, 152),
(14210, 12, 153),
(14211, 12, 154),
(15227, 12, 155),
(15228, 12, 156),
(15229, 12, 157),
(15230, 12, 158),
(15899, 12, 159),
(15900, 12, 160),
(15901, 12, 161),
(16597, 12, 162),
(17177, 12, 163),
(17178, 12, 164),
(17179, 12, 165),
(17876, 12, 166),
(2259, 12, 167),
(18213, 12, 168),
(18214, 12, 169),
(18215, 12, 170),
(320, 13, 1),
(321, 13, 2),
(322, 13, 3),
(323, 13, 4),
(5931, 13, 5),
(5932, 13, 6),
(324, 13, 7),
(18626, 13, 8),
(18731, 13, 9),
(18838, 13, 10),
(5933, 13, 11),
(18945, 13, 12),
(325, 13, 13),
(326, 13, 14),
(19138, 13, 15),
(327, 13, 16),
(328, 13, 17),
(329, 13, 18),
(330, 13, 19),
(331, 13, 20),
(2260, 13, 21),
(2261, 13, 22),
(2262, 13, 23),
(2263, 13, 24),
(2264, 13, 25),
(2265, 13, 26),
(19389, 13, 27),
(19495, 13, 28),
(19603, 13, 29),
(19711, 13, 30),
(19819, 13, 31),
(2266, 13, 32),
(19927, 13, 33),
(10745, 13, 34),
(10746, 13, 35),
(341, 13, 36),
(342, 13, 37),
(20031, 13, 38),
(10747, 13, 39),
(20133, 13, 40),
(15902, 13, 41),
(20240, 13, 42),
(20348, 13, 43),
(20456, 13, 44),
(20564, 13, 45),
(7845, 13, 46),
(7846, 13, 47),
(332, 13, 48),
(333, 13, 49),
(334, 13, 50),
(335, 13, 51),
(20847, 13, 52),
(20953, 13, 53),
(7847, 13, 54),
(21061, 13, 55),
(339, 13, 56),
(21255, 13, 57),
(21363, 13, 58),
(340, 13, 59),
(12240, 13, 60),
(21556, 13, 61),
(21663, 13, 62),
(343, 13, 63),
(344, 13, 64),
(21870, 13, 65),
(21977, 13, 66),
(14212, 13, 67),
(14213, 13, 68),
(14214, 13, 69),
(336, 13, 70),
(337, 13, 71),
(338, 13, 72),
(22085, 13, 73),
(17180, 13, 74),
(17181, 13, 75),
(17182, 13, 76),
(22190, 13, 77),
(22296, 13, 78),
(22402, 13, 79),
(22510, 13, 80),
(16598, 13, 81),
(22616, 13, 82),
(22723, 13, 83),
(15903, 13, 84),
(22831, 13, 85),
(22939, 13, 86),
(15904, 13, 87),
(17877, 13, 88),
(23046, 13, 89),
(23153, 13, 90),
(23261, 13, 91),
(23369, 13, 92),
(23477, 13, 93),
(23585, 13, 94),
(23693, 13, 95),
(14215, 13, 96),
(23801, 13, 97),
(23909, 13, 98),
(7848, 13, 99),
(2267, 13, 100),
(2268, 13, 101),
(2269, 13, 102),
(2270, 13, 103),
(2271, 13, 104),
(2272, 13, 105),
(2273, 13, 106),
(2274, 13, 107),
(23988, 13, 108),
(2275, 13, 109),
(2276, 13, 110),
(2277, 13, 111),
(24094, 13, 112),
(5934, 13, 113),
(5935, 13, 114),
(5936, 13, 115),
(5937, 13, 116),
(5938, 13, 117),
(5939, 13, 118),
(5940, 13, 119),
(5941, 13, 120),
(7849, 13, 121),
(7850, 13, 122),
(7851, 13, 123),
(7852, 13, 124),
(7853, 13, 125),
(7854, 13, 126),
(7855, 13, 127),
(7856, 13, 128),
(9398, 13, 129),
(9399, 13, 130),
(9400, 13, 131),
(9401, 13, 132),
(9402, 13, 133),
(9403, 13, 134),
(10748, 13, 135),
(10749, 13, 136),
(10750, 13, 137),
(10751, 13, 138),
(10752, 13, 139),
(10753, 13, 140),
(10754, 13, 141),
(12241, 13, 142),
(12242, 13, 143),
(12243, 13, 144),
(12244, 13, 145),
(14216, 13, 146),
(14217, 13, 147),
(14218, 13, 148),
(14219, 13, 149),
(14220, 13, 150),
(14221, 13, 151),
(14222, 13, 152),
(14223, 13, 153),
(14224, 13, 154),
(15231, 13, 155),
(15232, 13, 156),
(15233, 13, 157),
(15234, 13, 158),
(15905, 13, 159),
(15906, 13, 160),
(15907, 13, 161),
(16599, 13, 162),
(17183, 13, 163),
(17184, 13, 164),
(17185, 13, 165),
(17878, 13, 166),
(2278, 13, 167),
(18216, 13, 168),
(18217, 13, 169),
(18218, 13, 170),
(345, 14, 1),
(346, 14, 2),
(347, 14, 3),
(348, 14, 4),
(5942, 14, 5),
(5943, 14, 6),
(349, 14, 7),
(18627, 14, 8),
(18732, 14, 9),
(18839, 14, 10),
(5944, 14, 11),
(18946, 14, 12),
(350, 14, 13),
(351, 14, 14),
(19139, 14, 15),
(352, 14, 16),
(353, 14, 17),
(354, 14, 18),
(355, 14, 19),
(356, 14, 20),
(2279, 14, 21),
(2280, 14, 22),
(2281, 14, 23),
(2282, 14, 24),
(2283, 14, 25),
(2284, 14, 26),
(19390, 14, 27),
(19496, 14, 28),
(19604, 14, 29),
(19712, 14, 30),
(19820, 14, 31),
(2285, 14, 32),
(19928, 14, 33),
(10755, 14, 34),
(10756, 14, 35),
(366, 14, 36),
(367, 14, 37),
(20032, 14, 38),
(10757, 14, 39),
(20134, 14, 40),
(15908, 14, 41),
(20241, 14, 42),
(20349, 14, 43),
(20457, 14, 44),
(20565, 14, 45),
(7857, 14, 46),
(7858, 14, 47),
(357, 14, 48),
(358, 14, 49),
(359, 14, 50),
(360, 14, 51),
(20848, 14, 52),
(20954, 14, 53),
(7859, 14, 54),
(21062, 14, 55),
(364, 14, 56),
(21256, 14, 57),
(21364, 14, 58),
(365, 14, 59),
(12245, 14, 60),
(21557, 14, 61),
(21664, 14, 62),
(21765, 14, 63),
(14225, 14, 64),
(21871, 14, 65),
(21978, 14, 66),
(14226, 14, 67),
(14227, 14, 68),
(14228, 14, 69),
(361, 14, 70),
(362, 14, 71),
(363, 14, 72),
(22086, 14, 73),
(17186, 14, 74),
(17187, 14, 75),
(17188, 14, 76),
(22191, 14, 77),
(22297, 14, 78),
(22403, 14, 79),
(22511, 14, 80),
(16600, 14, 81),
(22617, 14, 82),
(22724, 14, 83),
(15909, 14, 84),
(22832, 14, 85),
(22940, 14, 86),
(15910, 14, 87),
(17879, 14, 88),
(23047, 14, 89),
(23154, 14, 90),
(23262, 14, 91),
(23370, 14, 92),
(23478, 14, 93),
(23586, 14, 94),
(23694, 14, 95),
(14229, 14, 96),
(23802, 14, 97),
(23910, 14, 98),
(7860, 14, 99),
(2286, 14, 100),
(2287, 14, 101),
(2288, 14, 102),
(2289, 14, 103),
(2290, 14, 104),
(2291, 14, 105),
(2292, 14, 106),
(2293, 14, 107),
(23989, 14, 108),
(2294, 14, 109),
(2295, 14, 110),
(2296, 14, 111),
(24095, 14, 112),
(5945, 14, 113),
(5946, 14, 114),
(5947, 14, 115),
(5948, 14, 116),
(5949, 14, 117),
(5950, 14, 118),
(5951, 14, 119),
(5952, 14, 120),
(7861, 14, 121),
(7862, 14, 122),
(7863, 14, 123),
(7864, 14, 124),
(7865, 14, 125),
(7866, 14, 126),
(7867, 14, 127),
(7868, 14, 128),
(9404, 14, 129),
(9405, 14, 130),
(9406, 14, 131),
(9407, 14, 132),
(9408, 14, 133),
(9409, 14, 134),
(10758, 14, 135),
(10759, 14, 136),
(10760, 14, 137),
(10761, 14, 138),
(10762, 14, 139),
(10763, 14, 140),
(10764, 14, 141),
(12246, 14, 142),
(12247, 14, 143),
(12248, 14, 144),
(12249, 14, 145),
(14230, 14, 146),
(14231, 14, 147),
(14232, 14, 148),
(14233, 14, 149),
(14234, 14, 150),
(14235, 14, 151),
(14236, 14, 152),
(14237, 14, 153),
(14238, 14, 154),
(15235, 14, 155),
(15236, 14, 156),
(15237, 14, 157),
(15238, 14, 158),
(15911, 14, 159),
(15912, 14, 160),
(15913, 14, 161),
(16601, 14, 162),
(17189, 14, 163),
(17190, 14, 164),
(17191, 14, 165),
(17880, 14, 166),
(2297, 14, 167),
(18219, 14, 168),
(18220, 14, 169),
(18221, 14, 170),
(368, 15, 1),
(369, 15, 2),
(370, 15, 3),
(371, 15, 4),
(5953, 15, 5),
(5954, 15, 6),
(372, 15, 7),
(18628, 15, 8),
(18733, 15, 9),
(18840, 15, 10),
(5955, 15, 11),
(18947, 15, 12),
(373, 15, 13),
(374, 15, 14),
(19140, 15, 15),
(375, 15, 16),
(376, 15, 17),
(377, 15, 18),
(378, 15, 19),
(379, 15, 20),
(2298, 15, 21),
(2299, 15, 22),
(2300, 15, 23),
(2301, 15, 24),
(2302, 15, 25),
(2303, 15, 26),
(19391, 15, 27),
(19497, 15, 28),
(19605, 15, 29),
(19713, 15, 30),
(19821, 15, 31),
(2304, 15, 32),
(19929, 15, 33),
(10765, 15, 34),
(10766, 15, 35),
(389, 15, 36),
(390, 15, 37),
(20033, 15, 38),
(10767, 15, 39),
(20135, 15, 40),
(15914, 15, 41),
(20242, 15, 42),
(20350, 15, 43),
(20458, 15, 44),
(20566, 15, 45),
(7869, 15, 46),
(7870, 15, 47),
(380, 15, 48),
(381, 15, 49),
(382, 15, 50),
(383, 15, 51),
(20849, 15, 52),
(20955, 15, 53),
(7871, 15, 54),
(21063, 15, 55),
(387, 15, 56),
(21257, 15, 57),
(21365, 15, 58),
(388, 15, 59),
(12250, 15, 60),
(21558, 15, 61),
(21665, 15, 62),
(21766, 15, 63),
(14239, 15, 64),
(21872, 15, 65),
(21979, 15, 66),
(14240, 15, 67),
(14241, 15, 68),
(14242, 15, 69),
(384, 15, 70),
(385, 15, 71),
(386, 15, 72),
(22087, 15, 73),
(17192, 15, 74),
(17193, 15, 75),
(17194, 15, 76),
(22192, 15, 77),
(22298, 15, 78),
(22404, 15, 79),
(22512, 15, 80),
(16602, 15, 81),
(22618, 15, 82),
(22725, 15, 83),
(15915, 15, 84),
(22833, 15, 85),
(22941, 15, 86),
(15916, 15, 87),
(17881, 15, 88),
(23048, 15, 89),
(23155, 15, 90),
(23263, 15, 91),
(23371, 15, 92),
(23479, 15, 93),
(23587, 15, 94),
(23695, 15, 95),
(14243, 15, 96),
(23803, 15, 97),
(23911, 15, 98),
(7872, 15, 99),
(2305, 15, 100),
(2306, 15, 101),
(2307, 15, 102),
(2308, 15, 103),
(2309, 15, 104),
(2310, 15, 105),
(2311, 15, 106),
(2312, 15, 107),
(23990, 15, 108),
(2313, 15, 109),
(2314, 15, 110),
(2315, 15, 111),
(24096, 15, 112),
(5956, 15, 113),
(5957, 15, 114),
(5958, 15, 115),
(5959, 15, 116),
(5960, 15, 117),
(5961, 15, 118),
(5962, 15, 119),
(5963, 15, 120),
(7873, 15, 121),
(7874, 15, 122),
(7875, 15, 123),
(7876, 15, 124),
(7877, 15, 125),
(7878, 15, 126),
(7879, 15, 127),
(7880, 15, 128),
(9410, 15, 129),
(9411, 15, 130),
(9412, 15, 131),
(9413, 15, 132),
(9414, 15, 133),
(9415, 15, 134),
(10768, 15, 135),
(10769, 15, 136),
(10770, 15, 137),
(10771, 15, 138),
(10772, 15, 139),
(10773, 15, 140),
(10774, 15, 141),
(12251, 15, 142),
(12252, 15, 143),
(12253, 15, 144),
(12254, 15, 145),
(14244, 15, 146),
(14245, 15, 147),
(14246, 15, 148),
(14247, 15, 149),
(14248, 15, 150),
(14249, 15, 151),
(14250, 15, 152),
(14251, 15, 153),
(14252, 15, 154),
(15239, 15, 155),
(15240, 15, 156),
(15241, 15, 157),
(15242, 15, 158),
(15917, 15, 159),
(15918, 15, 160),
(15919, 15, 161),
(16603, 15, 162),
(17195, 15, 163),
(17196, 15, 164),
(17197, 15, 165),
(17882, 15, 166),
(2316, 15, 167),
(18222, 15, 168),
(18223, 15, 169),
(18224, 15, 170),
(391, 16, 1),
(392, 16, 2),
(393, 16, 3),
(394, 16, 4),
(5964, 16, 5),
(5965, 16, 6),
(395, 16, 7),
(18629, 16, 8),
(18734, 16, 9),
(18841, 16, 10),
(5966, 16, 11),
(18948, 16, 12),
(396, 16, 13),
(397, 16, 14),
(19141, 16, 15),
(398, 16, 16),
(399, 16, 17),
(400, 16, 18),
(401, 16, 19),
(402, 16, 20),
(2317, 16, 21),
(2318, 16, 22),
(2319, 16, 23),
(2320, 16, 24),
(2321, 16, 25),
(2322, 16, 26),
(19392, 16, 27),
(19498, 16, 28),
(19606, 16, 29),
(19714, 16, 30),
(19822, 16, 31),
(2323, 16, 32),
(19930, 16, 33),
(10775, 16, 34),
(10776, 16, 35),
(412, 16, 36),
(413, 16, 37),
(20034, 16, 38),
(10777, 16, 39),
(20136, 16, 40),
(15920, 16, 41),
(20243, 16, 42),
(20351, 16, 43),
(20459, 16, 44),
(20567, 16, 45),
(7881, 16, 46),
(7882, 16, 47),
(403, 16, 48),
(404, 16, 49),
(405, 16, 50),
(406, 16, 51),
(20850, 16, 52),
(20956, 16, 53),
(7883, 16, 54),
(21064, 16, 55),
(410, 16, 56),
(21258, 16, 57),
(21366, 16, 58),
(411, 16, 59),
(12255, 16, 60),
(21559, 16, 61),
(21666, 16, 62),
(21767, 16, 63),
(14253, 16, 64),
(21873, 16, 65),
(21980, 16, 66),
(14254, 16, 67),
(14255, 16, 68),
(14256, 16, 69),
(407, 16, 70),
(408, 16, 71),
(409, 16, 72),
(22088, 16, 73),
(17198, 16, 74),
(17199, 16, 75),
(17200, 16, 76),
(22193, 16, 77),
(22299, 16, 78),
(22405, 16, 79),
(22513, 16, 80),
(16604, 16, 81),
(22619, 16, 82),
(22726, 16, 83),
(15921, 16, 84),
(22834, 16, 85),
(22942, 16, 86),
(15922, 16, 87),
(17883, 16, 88),
(23049, 16, 89),
(23156, 16, 90),
(23264, 16, 91),
(23372, 16, 92),
(23480, 16, 93),
(23588, 16, 94),
(23696, 16, 95),
(14257, 16, 96),
(23804, 16, 97),
(23912, 16, 98),
(7884, 16, 99),
(2324, 16, 100),
(2325, 16, 101),
(2326, 16, 102),
(2327, 16, 103),
(2328, 16, 104),
(2329, 16, 105),
(2330, 16, 106),
(2331, 16, 107),
(23991, 16, 108),
(2332, 16, 109),
(2333, 16, 110),
(2334, 16, 111),
(24097, 16, 112),
(5967, 16, 113),
(5968, 16, 114),
(5969, 16, 115),
(5970, 16, 116),
(5971, 16, 117),
(5972, 16, 118),
(5973, 16, 119),
(5974, 16, 120),
(7885, 16, 121),
(7886, 16, 122),
(7887, 16, 123),
(7888, 16, 124),
(7889, 16, 125),
(7890, 16, 126),
(7891, 16, 127),
(7892, 16, 128),
(9416, 16, 129),
(9417, 16, 130),
(9418, 16, 131),
(9419, 16, 132),
(9420, 16, 133),
(9421, 16, 134),
(10778, 16, 135),
(10779, 16, 136),
(10780, 16, 137),
(10781, 16, 138),
(10782, 16, 139),
(10783, 16, 140),
(10784, 16, 141),
(12256, 16, 142),
(12257, 16, 143),
(12258, 16, 144),
(12259, 16, 145),
(14258, 16, 146),
(14259, 16, 147),
(14260, 16, 148),
(14261, 16, 149),
(14262, 16, 150),
(14263, 16, 151),
(14264, 16, 152),
(14265, 16, 153),
(14266, 16, 154),
(15243, 16, 155),
(15244, 16, 156),
(15245, 16, 157),
(15246, 16, 158),
(15923, 16, 159),
(15924, 16, 160),
(15925, 16, 161),
(16605, 16, 162),
(17201, 16, 163),
(17202, 16, 164),
(17203, 16, 165),
(17884, 16, 166),
(2335, 16, 167),
(18225, 16, 168),
(18226, 16, 169),
(18227, 16, 170),
(414, 17, 1),
(415, 17, 2),
(416, 17, 3),
(417, 17, 4),
(5975, 17, 5),
(5976, 17, 6),
(418, 17, 7),
(18630, 17, 8),
(18735, 17, 9),
(18842, 17, 10),
(5977, 17, 11),
(18949, 17, 12),
(419, 17, 13),
(420, 17, 14),
(19142, 17, 15),
(421, 17, 16),
(422, 17, 17),
(423, 17, 18),
(424, 17, 19),
(425, 17, 20),
(2336, 17, 21),
(2337, 17, 22),
(2338, 17, 23),
(2339, 17, 24),
(2340, 17, 25),
(2341, 17, 26),
(19393, 17, 27),
(19499, 17, 28),
(19607, 17, 29),
(19715, 17, 30),
(19823, 17, 31),
(2342, 17, 32),
(19931, 17, 33),
(10785, 17, 34),
(10786, 17, 35),
(435, 17, 36),
(436, 17, 37),
(20035, 17, 38),
(10787, 17, 39),
(20137, 17, 40),
(15926, 17, 41),
(20244, 17, 42),
(20352, 17, 43),
(20460, 17, 44),
(20568, 17, 45),
(7893, 17, 46),
(7894, 17, 47),
(426, 17, 48),
(427, 17, 49),
(428, 17, 50),
(429, 17, 51),
(20851, 17, 52),
(20957, 17, 53),
(7895, 17, 54),
(21065, 17, 55),
(433, 17, 56),
(21259, 17, 57),
(21367, 17, 58),
(434, 17, 59),
(12260, 17, 60),
(21560, 17, 61),
(21667, 17, 62),
(21768, 17, 63),
(14267, 17, 64),
(21874, 17, 65),
(21981, 17, 66),
(14268, 17, 67),
(14269, 17, 68),
(14270, 17, 69),
(430, 17, 70),
(431, 17, 71),
(432, 17, 72),
(22089, 17, 73),
(17204, 17, 74),
(17205, 17, 75),
(17206, 17, 76),
(22194, 17, 77),
(22300, 17, 78),
(22406, 17, 79),
(22514, 17, 80),
(16606, 17, 81),
(22620, 17, 82),
(22727, 17, 83),
(15927, 17, 84),
(22835, 17, 85),
(22943, 17, 86),
(15928, 17, 87),
(17885, 17, 88),
(23050, 17, 89),
(23157, 17, 90),
(23265, 17, 91),
(23373, 17, 92),
(23481, 17, 93),
(23589, 17, 94),
(23697, 17, 95),
(14271, 17, 96),
(23805, 17, 97),
(23913, 17, 98),
(7896, 17, 99),
(2343, 17, 100),
(2344, 17, 101),
(2345, 17, 102),
(2346, 17, 103),
(2347, 17, 104),
(2348, 17, 105),
(2349, 17, 106),
(2350, 17, 107),
(23992, 17, 108),
(2351, 17, 109),
(2352, 17, 110),
(2353, 17, 111),
(24098, 17, 112),
(5978, 17, 113),
(5979, 17, 114),
(5980, 17, 115),
(5981, 17, 116),
(5982, 17, 117),
(5983, 17, 118),
(5984, 17, 119),
(5985, 17, 120),
(7897, 17, 121),
(7898, 17, 122),
(7899, 17, 123),
(7900, 17, 124),
(7901, 17, 125),
(7902, 17, 126),
(7903, 17, 127),
(7904, 17, 128),
(9422, 17, 129),
(9423, 17, 130),
(9424, 17, 131),
(9425, 17, 132),
(9426, 17, 133),
(9427, 17, 134),
(10788, 17, 135),
(10789, 17, 136),
(10790, 17, 137),
(10791, 17, 138),
(10792, 17, 139),
(10793, 17, 140),
(10794, 17, 141),
(12261, 17, 142),
(12262, 17, 143),
(12263, 17, 144),
(12264, 17, 145),
(14272, 17, 146),
(14273, 17, 147),
(14274, 17, 148),
(14275, 17, 149),
(14276, 17, 150),
(14277, 17, 151),
(14278, 17, 152),
(14279, 17, 153),
(14280, 17, 154),
(15247, 17, 155),
(15248, 17, 156),
(15249, 17, 157),
(15250, 17, 158),
(15929, 17, 159),
(15930, 17, 160),
(15931, 17, 161),
(16607, 17, 162),
(17207, 17, 163),
(17208, 17, 164),
(17209, 17, 165),
(17886, 17, 166),
(2354, 17, 167),
(18228, 17, 168),
(18229, 17, 169),
(18230, 17, 170),
(437, 18, 1),
(438, 18, 2),
(439, 18, 3),
(440, 18, 4),
(5986, 18, 5),
(5987, 18, 6),
(441, 18, 7),
(18631, 18, 8),
(18736, 18, 9),
(18843, 18, 10),
(5988, 18, 11),
(18950, 18, 12),
(442, 18, 13),
(443, 18, 14),
(19143, 18, 15),
(444, 18, 16),
(445, 18, 17),
(446, 18, 18),
(447, 18, 19),
(448, 18, 20),
(2355, 18, 21),
(2356, 18, 22),
(2357, 18, 23),
(2358, 18, 24),
(2359, 18, 25),
(2360, 18, 26),
(19394, 18, 27),
(19500, 18, 28),
(19608, 18, 29),
(19716, 18, 30),
(19824, 18, 31),
(2361, 18, 32),
(19932, 18, 33),
(10795, 18, 34),
(10796, 18, 35),
(458, 18, 36),
(459, 18, 37),
(20036, 18, 38),
(10797, 18, 39),
(20138, 18, 40),
(15932, 18, 41),
(20245, 18, 42),
(20353, 18, 43),
(20461, 18, 44),
(20569, 18, 45),
(7905, 18, 46),
(7906, 18, 47),
(449, 18, 48),
(450, 18, 49),
(451, 18, 50),
(452, 18, 51),
(20852, 18, 52),
(20958, 18, 53),
(7907, 18, 54),
(21066, 18, 55),
(456, 18, 56),
(21260, 18, 57),
(21368, 18, 58),
(457, 18, 59),
(12265, 18, 60),
(21561, 18, 61),
(21668, 18, 62),
(21769, 18, 63),
(14281, 18, 64),
(21875, 18, 65),
(21982, 18, 66),
(14282, 18, 67),
(14283, 18, 68),
(14284, 18, 69),
(453, 18, 70),
(454, 18, 71),
(455, 18, 72),
(22090, 18, 73),
(17210, 18, 74),
(17211, 18, 75),
(17212, 18, 76),
(22195, 18, 77),
(22301, 18, 78),
(22407, 18, 79),
(22515, 18, 80),
(16608, 18, 81),
(22621, 18, 82),
(22728, 18, 83),
(15933, 18, 84),
(22836, 18, 85),
(22944, 18, 86),
(15934, 18, 87),
(17887, 18, 88),
(23051, 18, 89),
(23158, 18, 90),
(23266, 18, 91),
(23374, 18, 92),
(23482, 18, 93),
(23590, 18, 94),
(23698, 18, 95),
(14285, 18, 96),
(23806, 18, 97),
(23914, 18, 98),
(7908, 18, 99),
(2362, 18, 100),
(2363, 18, 101),
(2364, 18, 102),
(2365, 18, 103),
(2366, 18, 104),
(2367, 18, 105),
(2368, 18, 106),
(2369, 18, 107),
(23993, 18, 108),
(2370, 18, 109),
(2371, 18, 110),
(2372, 18, 111),
(24099, 18, 112),
(5989, 18, 113),
(5990, 18, 114),
(5991, 18, 115),
(5992, 18, 116),
(5993, 18, 117),
(5994, 18, 118),
(5995, 18, 119),
(5996, 18, 120),
(7909, 18, 121),
(7910, 18, 122),
(7911, 18, 123),
(7912, 18, 124),
(7913, 18, 125),
(7914, 18, 126),
(7915, 18, 127),
(7916, 18, 128),
(9428, 18, 129),
(9429, 18, 130),
(9430, 18, 131),
(9431, 18, 132),
(9432, 18, 133),
(9433, 18, 134),
(10798, 18, 135),
(10799, 18, 136),
(10800, 18, 137),
(10801, 18, 138),
(10802, 18, 139),
(10803, 18, 140),
(10804, 18, 141),
(12266, 18, 142),
(12267, 18, 143),
(12268, 18, 144),
(12269, 18, 145),
(14286, 18, 146),
(14287, 18, 147),
(14288, 18, 148),
(14289, 18, 149),
(14290, 18, 150),
(14291, 18, 151),
(14292, 18, 152),
(14293, 18, 153),
(14294, 18, 154),
(15251, 18, 155),
(15252, 18, 156),
(15253, 18, 157),
(15254, 18, 158),
(15935, 18, 159),
(15936, 18, 160),
(15937, 18, 161),
(16609, 18, 162),
(17213, 18, 163),
(17214, 18, 164),
(17215, 18, 165),
(17888, 18, 166),
(2373, 18, 167),
(18231, 18, 168),
(18232, 18, 169),
(18233, 18, 170),
(460, 19, 1),
(461, 19, 2),
(462, 19, 3),
(463, 19, 4),
(5997, 19, 5),
(5998, 19, 6),
(464, 19, 7),
(18632, 19, 8),
(18737, 19, 9),
(18844, 19, 10),
(5999, 19, 11),
(18951, 19, 12),
(465, 19, 13),
(466, 19, 14),
(19144, 19, 15),
(467, 19, 16),
(468, 19, 17),
(469, 19, 18),
(470, 19, 19),
(471, 19, 20),
(2374, 19, 21),
(2375, 19, 22),
(2376, 19, 23),
(2377, 19, 24),
(2378, 19, 25),
(2379, 19, 26),
(19395, 19, 27),
(19501, 19, 28),
(19609, 19, 29),
(19717, 19, 30),
(19825, 19, 31),
(2380, 19, 32),
(19933, 19, 33),
(10805, 19, 34),
(10806, 19, 35),
(481, 19, 36),
(482, 19, 37),
(20037, 19, 38),
(10807, 19, 39),
(20139, 19, 40),
(15938, 19, 41),
(20246, 19, 42),
(20354, 19, 43),
(20462, 19, 44),
(20570, 19, 45),
(7917, 19, 46),
(7918, 19, 47),
(472, 19, 48),
(473, 19, 49),
(474, 19, 50),
(475, 19, 51),
(20853, 19, 52),
(20959, 19, 53),
(7919, 19, 54),
(21067, 19, 55),
(479, 19, 56),
(21261, 19, 57),
(21369, 19, 58),
(480, 19, 59),
(12270, 19, 60),
(21562, 19, 61),
(21669, 19, 62),
(21770, 19, 63),
(14295, 19, 64),
(21876, 19, 65),
(21983, 19, 66),
(14296, 19, 67),
(14297, 19, 68),
(14298, 19, 69),
(476, 19, 70),
(477, 19, 71),
(478, 19, 72),
(22091, 19, 73),
(17216, 19, 74),
(17217, 19, 75),
(17218, 19, 76),
(22196, 19, 77),
(22302, 19, 78),
(22408, 19, 79),
(22516, 19, 80),
(16610, 19, 81),
(22622, 19, 82),
(22729, 19, 83),
(15939, 19, 84),
(22837, 19, 85),
(22945, 19, 86),
(15940, 19, 87),
(17889, 19, 88),
(23052, 19, 89),
(23159, 19, 90),
(23267, 19, 91),
(23375, 19, 92),
(23483, 19, 93),
(23591, 19, 94),
(23699, 19, 95),
(14299, 19, 96),
(23807, 19, 97),
(23915, 19, 98),
(7920, 19, 99),
(2381, 19, 100),
(2382, 19, 101),
(2383, 19, 102),
(2384, 19, 103),
(2385, 19, 104),
(2386, 19, 105),
(2387, 19, 106),
(2388, 19, 107),
(23994, 19, 108),
(2389, 19, 109),
(2390, 19, 110),
(2391, 19, 111),
(24100, 19, 112),
(6000, 19, 113),
(6001, 19, 114),
(6002, 19, 115),
(6003, 19, 116),
(6004, 19, 117),
(6005, 19, 118),
(6006, 19, 119),
(6007, 19, 120),
(7921, 19, 121),
(7922, 19, 122),
(7923, 19, 123),
(7924, 19, 124),
(7925, 19, 125),
(7926, 19, 126),
(7927, 19, 127),
(7928, 19, 128),
(9434, 19, 129),
(9435, 19, 130),
(9436, 19, 131),
(9437, 19, 132),
(9438, 19, 133),
(9439, 19, 134),
(10808, 19, 135),
(10809, 19, 136),
(10810, 19, 137),
(10811, 19, 138),
(10812, 19, 139),
(10813, 19, 140),
(10814, 19, 141),
(12271, 19, 142),
(12272, 19, 143),
(12273, 19, 144),
(12274, 19, 145),
(14300, 19, 146),
(14301, 19, 147),
(14302, 19, 148),
(14303, 19, 149),
(14304, 19, 150),
(14305, 19, 151),
(14306, 19, 152),
(14307, 19, 153),
(14308, 19, 154),
(15255, 19, 155),
(15256, 19, 156),
(15257, 19, 157),
(15258, 19, 158),
(15941, 19, 159),
(15942, 19, 160),
(15943, 19, 161),
(16611, 19, 162),
(17219, 19, 163),
(17220, 19, 164),
(17221, 19, 165),
(17890, 19, 166),
(2392, 19, 167),
(18234, 19, 168),
(18235, 19, 169),
(18236, 19, 170),
(483, 20, 1),
(484, 20, 2),
(485, 20, 3),
(486, 20, 4),
(6008, 20, 5),
(6009, 20, 6),
(487, 20, 7),
(18633, 20, 8),
(18738, 20, 9),
(18845, 20, 10),
(6010, 20, 11),
(18952, 20, 12),
(488, 20, 13),
(489, 20, 14),
(19145, 20, 15),
(490, 20, 16),
(491, 20, 17),
(492, 20, 18),
(493, 20, 19),
(494, 20, 20),
(2393, 20, 21),
(2394, 20, 22),
(2395, 20, 23),
(2396, 20, 24),
(2397, 20, 25),
(2398, 20, 26),
(19396, 20, 27),
(19502, 20, 28),
(19610, 20, 29),
(19718, 20, 30),
(19826, 20, 31),
(2399, 20, 32),
(19934, 20, 33),
(10815, 20, 34),
(10816, 20, 35),
(504, 20, 36),
(505, 20, 37),
(20038, 20, 38),
(10817, 20, 39),
(20140, 20, 40),
(15944, 20, 41),
(20247, 20, 42),
(20355, 20, 43),
(20463, 20, 44),
(20571, 20, 45),
(7929, 20, 46),
(7930, 20, 47),
(495, 20, 48),
(496, 20, 49),
(497, 20, 50),
(498, 20, 51),
(20854, 20, 52),
(20960, 20, 53),
(7931, 20, 54),
(21068, 20, 55),
(502, 20, 56),
(21262, 20, 57),
(21370, 20, 58),
(503, 20, 59),
(12275, 20, 60),
(21563, 20, 61),
(21670, 20, 62),
(21771, 20, 63),
(14309, 20, 64),
(21877, 20, 65),
(21984, 20, 66),
(14310, 20, 67),
(14311, 20, 68),
(14312, 20, 69),
(499, 20, 70),
(500, 20, 71),
(501, 20, 72),
(22092, 20, 73),
(17222, 20, 74),
(17223, 20, 75),
(17224, 20, 76),
(22197, 20, 77),
(22303, 20, 78),
(22409, 20, 79),
(22517, 20, 80),
(16612, 20, 81),
(22623, 20, 82),
(22730, 20, 83),
(15945, 20, 84),
(22838, 20, 85),
(22946, 20, 86),
(15946, 20, 87),
(17891, 20, 88),
(23053, 20, 89),
(23160, 20, 90),
(23268, 20, 91),
(23376, 20, 92),
(23484, 20, 93),
(23592, 20, 94),
(23700, 20, 95),
(14313, 20, 96),
(23808, 20, 97),
(23916, 20, 98),
(7932, 20, 99),
(2400, 20, 100),
(2401, 20, 101),
(2402, 20, 102),
(2403, 20, 103),
(2404, 20, 104),
(2405, 20, 105),
(2406, 20, 106),
(2407, 20, 107),
(23995, 20, 108),
(2408, 20, 109),
(2409, 20, 110),
(2410, 20, 111),
(24101, 20, 112),
(6011, 20, 113),
(6012, 20, 114),
(6013, 20, 115),
(6014, 20, 116),
(6015, 20, 117),
(6016, 20, 118),
(6017, 20, 119),
(6018, 20, 120),
(7933, 20, 121),
(7934, 20, 122),
(7935, 20, 123),
(7936, 20, 124),
(7937, 20, 125),
(7938, 20, 126),
(7939, 20, 127),
(7940, 20, 128),
(9440, 20, 129),
(9441, 20, 130),
(9442, 20, 131),
(9443, 20, 132),
(9444, 20, 133),
(9445, 20, 134),
(10818, 20, 135),
(10819, 20, 136),
(10820, 20, 137),
(10821, 20, 138),
(10822, 20, 139),
(10823, 20, 140),
(10824, 20, 141),
(12276, 20, 142),
(12277, 20, 143),
(12278, 20, 144),
(12279, 20, 145),
(14314, 20, 146),
(14315, 20, 147),
(14316, 20, 148),
(14317, 20, 149),
(14318, 20, 150),
(14319, 20, 151),
(14320, 20, 152),
(14321, 20, 153),
(14322, 20, 154),
(15259, 20, 155),
(15260, 20, 156),
(15261, 20, 157),
(15262, 20, 158),
(15947, 20, 159),
(15948, 20, 160),
(15949, 20, 161),
(16613, 20, 162),
(17225, 20, 163),
(17226, 20, 164),
(17227, 20, 165),
(17892, 20, 166),
(2411, 20, 167),
(18237, 20, 168),
(18238, 20, 169),
(18239, 20, 170),
(528, 21, 1),
(529, 21, 2),
(530, 21, 3),
(531, 21, 4),
(6019, 21, 5),
(6020, 21, 6),
(532, 21, 7),
(18634, 21, 8),
(18739, 21, 9),
(18846, 21, 10),
(533, 21, 11),
(18953, 21, 12),
(534, 21, 13),
(535, 21, 14),
(19146, 21, 15),
(536, 21, 16),
(537, 21, 17),
(538, 21, 18),
(539, 21, 19),
(540, 21, 20),
(2412, 21, 21),
(2413, 21, 22),
(541, 21, 23),
(2414, 21, 24),
(2415, 21, 25),
(2416, 21, 26),
(19397, 21, 27),
(19503, 21, 28),
(19611, 21, 29),
(19719, 21, 30),
(19827, 21, 31),
(2417, 21, 32),
(19935, 21, 33),
(10825, 21, 34),
(10826, 21, 35),
(548, 21, 36),
(549, 21, 37),
(550, 21, 38),
(10827, 21, 39),
(20141, 21, 40),
(15950, 21, 41),
(20248, 21, 42),
(20356, 21, 43),
(20464, 21, 44),
(20572, 21, 45),
(7941, 21, 46),
(7942, 21, 47),
(542, 21, 48),
(543, 21, 49),
(544, 21, 50),
(545, 21, 51),
(20855, 21, 52),
(20961, 21, 53),
(7943, 21, 54),
(21069, 21, 55),
(546, 21, 56),
(21263, 21, 57),
(21371, 21, 58),
(547, 21, 59),
(12280, 21, 60),
(21564, 21, 61),
(21671, 21, 62),
(21772, 21, 63),
(14323, 21, 64),
(21878, 21, 65),
(21985, 21, 66),
(14324, 21, 67),
(14325, 21, 68),
(14326, 21, 69),
(14327, 21, 70),
(14328, 21, 71),
(14329, 21, 72),
(22093, 21, 73),
(17228, 21, 74),
(17229, 21, 75),
(17230, 21, 76),
(22198, 21, 77),
(22304, 21, 78),
(22410, 21, 79),
(22518, 21, 80),
(16614, 21, 81),
(22624, 21, 82),
(22731, 21, 83),
(15951, 21, 84),
(22839, 21, 85),
(22947, 21, 86),
(15952, 21, 87),
(17893, 21, 88),
(23054, 21, 89),
(23161, 21, 90),
(23269, 21, 91),
(23377, 21, 92),
(23485, 21, 93),
(23593, 21, 94);
INSERT INTO `universitymajors` (`UMID`, `UniversityID`, `MajorID`) VALUES
(23701, 21, 95),
(14330, 21, 96),
(23809, 21, 97),
(23917, 21, 98),
(7944, 21, 99),
(2418, 21, 100),
(2419, 21, 101),
(2420, 21, 102),
(2421, 21, 103),
(2422, 21, 104),
(2423, 21, 105),
(2424, 21, 106),
(2425, 21, 107),
(23996, 21, 108),
(2426, 21, 109),
(2427, 21, 110),
(2428, 21, 111),
(24102, 21, 112),
(6021, 21, 113),
(6022, 21, 114),
(6023, 21, 115),
(6024, 21, 116),
(6025, 21, 117),
(6026, 21, 118),
(6027, 21, 119),
(6028, 21, 120),
(7945, 21, 121),
(7946, 21, 122),
(7947, 21, 123),
(7948, 21, 124),
(7949, 21, 125),
(7950, 21, 126),
(7951, 21, 127),
(7952, 21, 128),
(9446, 21, 129),
(9447, 21, 130),
(9448, 21, 131),
(9449, 21, 132),
(9450, 21, 133),
(9451, 21, 134),
(10828, 21, 135),
(10829, 21, 136),
(10830, 21, 137),
(10831, 21, 138),
(10832, 21, 139),
(10833, 21, 140),
(10834, 21, 141),
(12281, 21, 142),
(12282, 21, 143),
(12283, 21, 144),
(12284, 21, 145),
(14331, 21, 146),
(14332, 21, 147),
(14333, 21, 148),
(14334, 21, 149),
(14335, 21, 150),
(14336, 21, 151),
(14337, 21, 152),
(14338, 21, 153),
(14339, 21, 154),
(15263, 21, 155),
(15264, 21, 156),
(15265, 21, 157),
(15266, 21, 158),
(15953, 21, 159),
(15954, 21, 160),
(15955, 21, 161),
(16615, 21, 162),
(17231, 21, 163),
(17232, 21, 164),
(17233, 21, 165),
(17894, 21, 166),
(2429, 21, 167),
(18240, 21, 168),
(18241, 21, 169),
(18242, 21, 170),
(506, 22, 1),
(507, 22, 2),
(508, 22, 3),
(509, 22, 4),
(6029, 22, 5),
(6030, 22, 6),
(510, 22, 7),
(511, 22, 8),
(512, 22, 9),
(18847, 22, 10),
(6031, 22, 11),
(18954, 22, 12),
(513, 22, 13),
(514, 22, 14),
(19147, 22, 15),
(515, 22, 16),
(516, 22, 17),
(517, 22, 18),
(518, 22, 19),
(519, 22, 20),
(2430, 22, 21),
(2431, 22, 22),
(520, 22, 23),
(2432, 22, 24),
(2433, 22, 25),
(2434, 22, 26),
(19398, 22, 27),
(19504, 22, 28),
(19612, 22, 29),
(19720, 22, 30),
(19828, 22, 31),
(2435, 22, 32),
(19936, 22, 33),
(10835, 22, 34),
(10836, 22, 35),
(524, 22, 36),
(525, 22, 37),
(526, 22, 38),
(10837, 22, 39),
(20142, 22, 40),
(15956, 22, 41),
(20249, 22, 42),
(20357, 22, 43),
(20465, 22, 44),
(20573, 22, 45),
(7953, 22, 46),
(7954, 22, 47),
(7955, 22, 48),
(20662, 22, 49),
(20750, 22, 50),
(7956, 22, 51),
(20856, 22, 52),
(20962, 22, 53),
(7957, 22, 54),
(21070, 22, 55),
(521, 22, 56),
(21264, 22, 57),
(21372, 22, 58),
(522, 22, 59),
(523, 22, 60),
(21565, 22, 61),
(21672, 22, 62),
(21773, 22, 63),
(14340, 22, 64),
(21879, 22, 65),
(21986, 22, 66),
(14341, 22, 67),
(14342, 22, 68),
(14343, 22, 69),
(14344, 22, 70),
(14345, 22, 71),
(14346, 22, 72),
(22094, 22, 73),
(17234, 22, 74),
(527, 22, 75),
(17235, 22, 76),
(22199, 22, 77),
(22305, 22, 78),
(22411, 22, 79),
(22519, 22, 80),
(16616, 22, 81),
(22625, 22, 82),
(22732, 22, 83),
(15957, 22, 84),
(22840, 22, 85),
(22948, 22, 86),
(15958, 22, 87),
(17895, 22, 88),
(23055, 22, 89),
(23162, 22, 90),
(23270, 22, 91),
(23378, 22, 92),
(23486, 22, 93),
(23594, 22, 94),
(23702, 22, 95),
(14347, 22, 96),
(23810, 22, 97),
(23918, 22, 98),
(7958, 22, 99),
(2436, 22, 100),
(2437, 22, 101),
(2438, 22, 102),
(2439, 22, 103),
(2440, 22, 104),
(2441, 22, 105),
(2442, 22, 106),
(2443, 22, 107),
(23997, 22, 108),
(2444, 22, 109),
(2445, 22, 110),
(2446, 22, 111),
(24103, 22, 112),
(6032, 22, 113),
(6033, 22, 114),
(6034, 22, 115),
(6035, 22, 116),
(6036, 22, 117),
(6037, 22, 118),
(6038, 22, 119),
(6039, 22, 120),
(7959, 22, 121),
(7960, 22, 122),
(7961, 22, 123),
(7962, 22, 124),
(7963, 22, 125),
(7964, 22, 126),
(7965, 22, 127),
(7966, 22, 128),
(9452, 22, 129),
(9453, 22, 130),
(9454, 22, 131),
(9455, 22, 132),
(9456, 22, 133),
(9457, 22, 134),
(10838, 22, 135),
(10839, 22, 136),
(10840, 22, 137),
(10841, 22, 138),
(10842, 22, 139),
(10843, 22, 140),
(10844, 22, 141),
(12285, 22, 142),
(12286, 22, 143),
(12287, 22, 144),
(12288, 22, 145),
(14348, 22, 146),
(14349, 22, 147),
(14350, 22, 148),
(14351, 22, 149),
(14352, 22, 150),
(14353, 22, 151),
(14354, 22, 152),
(14355, 22, 153),
(14356, 22, 154),
(15267, 22, 155),
(15268, 22, 156),
(15269, 22, 157),
(15270, 22, 158),
(15959, 22, 159),
(15960, 22, 160),
(15961, 22, 161),
(16617, 22, 162),
(17236, 22, 163),
(17237, 22, 164),
(17238, 22, 165),
(17896, 22, 166),
(2447, 22, 167),
(18243, 22, 168),
(18244, 22, 169),
(18245, 22, 170),
(6040, 23, 1),
(6041, 23, 2),
(6042, 23, 3),
(6043, 23, 4),
(6044, 23, 5),
(6045, 23, 6),
(6046, 23, 7),
(18635, 23, 8),
(18740, 23, 9),
(18848, 23, 10),
(6047, 23, 11),
(18955, 23, 12),
(19043, 23, 13),
(2448, 23, 14),
(19148, 23, 15),
(9458, 23, 16),
(19235, 23, 17),
(9459, 23, 18),
(2449, 23, 19),
(19321, 23, 20),
(2450, 23, 21),
(2451, 23, 22),
(2452, 23, 23),
(2453, 23, 24),
(2454, 23, 25),
(2455, 23, 26),
(19399, 23, 27),
(19505, 23, 28),
(19613, 23, 29),
(19721, 23, 30),
(19829, 23, 31),
(2456, 23, 32),
(19937, 23, 33),
(10845, 23, 34),
(10846, 23, 35),
(10847, 23, 36),
(10848, 23, 37),
(20039, 23, 38),
(10849, 23, 39),
(20143, 23, 40),
(15962, 23, 41),
(20250, 23, 42),
(20358, 23, 43),
(20466, 23, 44),
(20574, 23, 45),
(7967, 23, 46),
(7968, 23, 47),
(7969, 23, 48),
(20663, 23, 49),
(20751, 23, 50),
(7970, 23, 51),
(20857, 23, 52),
(20963, 23, 53),
(7971, 23, 54),
(21071, 23, 55),
(21158, 23, 56),
(21265, 23, 57),
(21373, 23, 58),
(21460, 23, 59),
(12289, 23, 60),
(21566, 23, 61),
(21673, 23, 62),
(21774, 23, 63),
(14357, 23, 64),
(21880, 23, 65),
(21987, 23, 66),
(14358, 23, 67),
(14359, 23, 68),
(14360, 23, 69),
(14361, 23, 70),
(14362, 23, 71),
(14363, 23, 72),
(22095, 23, 73),
(17239, 23, 74),
(17240, 23, 75),
(17241, 23, 76),
(22200, 23, 77),
(22306, 23, 78),
(22412, 23, 79),
(22520, 23, 80),
(16618, 23, 81),
(22626, 23, 82),
(22733, 23, 83),
(15963, 23, 84),
(22841, 23, 85),
(22949, 23, 86),
(15964, 23, 87),
(17897, 23, 88),
(23056, 23, 89),
(23163, 23, 90),
(23271, 23, 91),
(23379, 23, 92),
(23487, 23, 93),
(23595, 23, 94),
(23703, 23, 95),
(14364, 23, 96),
(23811, 23, 97),
(23919, 23, 98),
(7972, 23, 99),
(2457, 23, 100),
(2458, 23, 101),
(2459, 23, 102),
(2460, 23, 103),
(2461, 23, 104),
(2462, 23, 105),
(2463, 23, 106),
(2464, 23, 107),
(23998, 23, 108),
(2465, 23, 109),
(2466, 23, 110),
(2467, 23, 111),
(24104, 23, 112),
(6048, 23, 113),
(6049, 23, 114),
(6050, 23, 115),
(6051, 23, 116),
(6052, 23, 117),
(6053, 23, 118),
(6054, 23, 119),
(6055, 23, 120),
(7973, 23, 121),
(7974, 23, 122),
(7975, 23, 123),
(7976, 23, 124),
(7977, 23, 125),
(7978, 23, 126),
(7979, 23, 127),
(7980, 23, 128),
(9460, 23, 129),
(9461, 23, 130),
(9462, 23, 131),
(9463, 23, 132),
(9464, 23, 133),
(9465, 23, 134),
(10850, 23, 135),
(10851, 23, 136),
(10852, 23, 137),
(10853, 23, 138),
(10854, 23, 139),
(10855, 23, 140),
(10856, 23, 141),
(12290, 23, 142),
(12291, 23, 143),
(12292, 23, 144),
(12293, 23, 145),
(14365, 23, 146),
(14366, 23, 147),
(14367, 23, 148),
(14368, 23, 149),
(14369, 23, 150),
(14370, 23, 151),
(14371, 23, 152),
(14372, 23, 153),
(14373, 23, 154),
(15271, 23, 155),
(15272, 23, 156),
(15273, 23, 157),
(15274, 23, 158),
(15965, 23, 159),
(15966, 23, 160),
(15967, 23, 161),
(16619, 23, 162),
(17242, 23, 163),
(17243, 23, 164),
(17244, 23, 165),
(17898, 23, 166),
(2468, 23, 167),
(18246, 23, 168),
(18247, 23, 169),
(18248, 23, 170),
(551, 24, 1),
(552, 24, 2),
(553, 24, 3),
(554, 24, 4),
(6056, 24, 5),
(6057, 24, 6),
(555, 24, 7),
(18636, 24, 8),
(18741, 24, 9),
(18849, 24, 10),
(6058, 24, 11),
(18956, 24, 12),
(556, 24, 13),
(557, 24, 14),
(19149, 24, 15),
(558, 24, 16),
(559, 24, 17),
(560, 24, 18),
(561, 24, 19),
(562, 24, 20),
(2469, 24, 21),
(2470, 24, 22),
(2471, 24, 23),
(2472, 24, 24),
(2473, 24, 25),
(2474, 24, 26),
(19400, 24, 27),
(19506, 24, 28),
(19614, 24, 29),
(19722, 24, 30),
(19830, 24, 31),
(2475, 24, 32),
(19938, 24, 33),
(10857, 24, 34),
(10858, 24, 35),
(572, 24, 36),
(573, 24, 37),
(20040, 24, 38),
(10859, 24, 39),
(20144, 24, 40),
(15968, 24, 41),
(20251, 24, 42),
(20359, 24, 43),
(20467, 24, 44),
(20575, 24, 45),
(7981, 24, 46),
(7982, 24, 47),
(563, 24, 48),
(564, 24, 49),
(565, 24, 50),
(566, 24, 51),
(20858, 24, 52),
(20964, 24, 53),
(7983, 24, 54),
(21072, 24, 55),
(570, 24, 56),
(21266, 24, 57),
(21374, 24, 58),
(571, 24, 59),
(12294, 24, 60),
(21567, 24, 61),
(21674, 24, 62),
(21775, 24, 63),
(14374, 24, 64),
(21881, 24, 65),
(21988, 24, 66),
(14375, 24, 67),
(14376, 24, 68),
(14377, 24, 69),
(567, 24, 70),
(568, 24, 71),
(569, 24, 72),
(22096, 24, 73),
(17245, 24, 74),
(17246, 24, 75),
(17247, 24, 76),
(22201, 24, 77),
(22307, 24, 78),
(22413, 24, 79),
(22521, 24, 80),
(16620, 24, 81),
(22627, 24, 82),
(22734, 24, 83),
(15969, 24, 84),
(22842, 24, 85),
(22950, 24, 86),
(15970, 24, 87),
(17899, 24, 88),
(23057, 24, 89),
(23164, 24, 90),
(23272, 24, 91),
(23380, 24, 92),
(23488, 24, 93),
(23596, 24, 94),
(23704, 24, 95),
(14378, 24, 96),
(23812, 24, 97),
(23920, 24, 98),
(7984, 24, 99),
(2476, 24, 100),
(2477, 24, 101),
(2478, 24, 102),
(2479, 24, 103),
(2480, 24, 104),
(2481, 24, 105),
(2482, 24, 106),
(2483, 24, 107),
(23999, 24, 108),
(2484, 24, 109),
(2485, 24, 110),
(2486, 24, 111),
(24105, 24, 112),
(6059, 24, 113),
(6060, 24, 114),
(6061, 24, 115),
(6062, 24, 116),
(6063, 24, 117),
(6064, 24, 118),
(6065, 24, 119),
(6066, 24, 120),
(7985, 24, 121),
(7986, 24, 122),
(7987, 24, 123),
(7988, 24, 124),
(7989, 24, 125),
(7990, 24, 126),
(7991, 24, 127),
(7992, 24, 128),
(9466, 24, 129),
(9467, 24, 130),
(9468, 24, 131),
(9469, 24, 132),
(9470, 24, 133),
(9471, 24, 134),
(10860, 24, 135),
(10861, 24, 136),
(10862, 24, 137),
(10863, 24, 138),
(10864, 24, 139),
(10865, 24, 140),
(10866, 24, 141),
(12295, 24, 142),
(12296, 24, 143),
(12297, 24, 144),
(12298, 24, 145),
(14379, 24, 146),
(14380, 24, 147),
(14381, 24, 148),
(14382, 24, 149),
(14383, 24, 150),
(14384, 24, 151),
(14385, 24, 152),
(14386, 24, 153),
(14387, 24, 154),
(15275, 24, 155),
(15276, 24, 156),
(15277, 24, 157),
(15278, 24, 158),
(15971, 24, 159),
(15972, 24, 160),
(15973, 24, 161),
(16621, 24, 162),
(17248, 24, 163),
(17249, 24, 164),
(17250, 24, 165),
(17900, 24, 166),
(2487, 24, 167),
(18249, 24, 168),
(18250, 24, 169),
(18251, 24, 170),
(6067, 25, 1),
(6068, 25, 2),
(6069, 25, 3),
(6070, 25, 4),
(6071, 25, 5),
(6072, 25, 6),
(6073, 25, 7),
(18637, 25, 8),
(18742, 25, 9),
(18850, 25, 10),
(6074, 25, 11),
(18957, 25, 12),
(19044, 25, 13),
(2488, 25, 14),
(19150, 25, 15),
(9472, 25, 16),
(19236, 25, 17),
(9473, 25, 18),
(2489, 25, 19),
(19322, 25, 20),
(2490, 25, 21),
(2491, 25, 22),
(2492, 25, 23),
(2493, 25, 24),
(2494, 25, 25),
(2495, 25, 26),
(19401, 25, 27),
(19507, 25, 28),
(19615, 25, 29),
(19723, 25, 30),
(19831, 25, 31),
(2496, 25, 32),
(19939, 25, 33),
(10867, 25, 34),
(10868, 25, 35),
(10869, 25, 36),
(10870, 25, 37),
(20041, 25, 38),
(10871, 25, 39),
(20145, 25, 40),
(15974, 25, 41),
(20252, 25, 42),
(20360, 25, 43),
(20468, 25, 44),
(20576, 25, 45),
(7993, 25, 46),
(7994, 25, 47),
(7995, 25, 48),
(20664, 25, 49),
(20752, 25, 50),
(7996, 25, 51),
(20859, 25, 52),
(20965, 25, 53),
(7997, 25, 54),
(21073, 25, 55),
(21159, 25, 56),
(21267, 25, 57),
(21375, 25, 58),
(21461, 25, 59),
(12299, 25, 60),
(21568, 25, 61),
(21675, 25, 62),
(21776, 25, 63),
(14388, 25, 64),
(21882, 25, 65),
(21989, 25, 66),
(14389, 25, 67),
(14390, 25, 68),
(14391, 25, 69),
(14392, 25, 70),
(14393, 25, 71),
(14394, 25, 72),
(22097, 25, 73),
(17251, 25, 74),
(17252, 25, 75),
(17253, 25, 76),
(22202, 25, 77),
(22308, 25, 78),
(22414, 25, 79),
(22522, 25, 80),
(16622, 25, 81),
(22628, 25, 82),
(22735, 25, 83),
(15975, 25, 84),
(22843, 25, 85),
(22951, 25, 86),
(15976, 25, 87),
(17901, 25, 88),
(23058, 25, 89),
(23165, 25, 90),
(23273, 25, 91),
(23381, 25, 92),
(23489, 25, 93),
(23597, 25, 94),
(23705, 25, 95),
(14395, 25, 96),
(23813, 25, 97),
(23921, 25, 98),
(7998, 25, 99),
(2497, 25, 100),
(2498, 25, 101),
(2499, 25, 102),
(2500, 25, 103),
(2501, 25, 104),
(2502, 25, 105),
(2503, 25, 106),
(2504, 25, 107),
(24000, 25, 108),
(2505, 25, 109),
(2506, 25, 110),
(2507, 25, 111),
(24106, 25, 112),
(6075, 25, 113),
(6076, 25, 114),
(6077, 25, 115),
(6078, 25, 116),
(6079, 25, 117),
(6080, 25, 118),
(6081, 25, 119),
(6082, 25, 120),
(7999, 25, 121),
(8000, 25, 122),
(8001, 25, 123),
(8002, 25, 124),
(8003, 25, 125),
(8004, 25, 126),
(8005, 25, 127),
(8006, 25, 128),
(9474, 25, 129),
(9475, 25, 130),
(9476, 25, 131),
(9477, 25, 132),
(9478, 25, 133),
(9479, 25, 134),
(10872, 25, 135),
(10873, 25, 136),
(10874, 25, 137),
(10875, 25, 138),
(10876, 25, 139),
(10877, 25, 140),
(10878, 25, 141),
(12300, 25, 142),
(12301, 25, 143),
(12302, 25, 144),
(12303, 25, 145),
(14396, 25, 146),
(14397, 25, 147),
(14398, 25, 148),
(14399, 25, 149),
(14400, 25, 150),
(14401, 25, 151),
(14402, 25, 152),
(14403, 25, 153),
(14404, 25, 154),
(15279, 25, 155),
(15280, 25, 156),
(15281, 25, 157),
(15282, 25, 158),
(15977, 25, 159),
(15978, 25, 160),
(15979, 25, 161),
(16623, 25, 162),
(17254, 25, 163),
(17255, 25, 164),
(17256, 25, 165),
(17902, 25, 166),
(2508, 25, 167),
(18252, 25, 168),
(18253, 25, 169),
(18254, 25, 170),
(6083, 26, 1),
(6084, 26, 2),
(6085, 26, 3),
(6086, 26, 4),
(6087, 26, 5),
(6088, 26, 6),
(6089, 26, 7),
(18638, 26, 8),
(18743, 26, 9),
(18851, 26, 10),
(6090, 26, 11),
(18958, 26, 12),
(19045, 26, 13),
(2509, 26, 14),
(19151, 26, 15),
(9480, 26, 16),
(19237, 26, 17),
(9481, 26, 18),
(2510, 26, 19),
(19323, 26, 20),
(2511, 26, 21),
(2512, 26, 22),
(2513, 26, 23),
(2514, 26, 24),
(2515, 26, 25),
(2516, 26, 26),
(19402, 26, 27),
(19508, 26, 28),
(19616, 26, 29),
(19724, 26, 30),
(19832, 26, 31),
(2517, 26, 32),
(19940, 26, 33),
(10879, 26, 34),
(10880, 26, 35),
(10881, 26, 36),
(10882, 26, 37),
(20042, 26, 38),
(10883, 26, 39),
(20146, 26, 40),
(15980, 26, 41),
(20253, 26, 42),
(20361, 26, 43),
(20469, 26, 44),
(20577, 26, 45),
(8007, 26, 46),
(8008, 26, 47),
(8009, 26, 48),
(20665, 26, 49),
(20753, 26, 50),
(8010, 26, 51),
(20860, 26, 52),
(20966, 26, 53),
(8011, 26, 54),
(21074, 26, 55),
(21160, 26, 56),
(21268, 26, 57),
(21376, 26, 58),
(21462, 26, 59),
(12304, 26, 60),
(21569, 26, 61),
(21676, 26, 62),
(21777, 26, 63),
(14405, 26, 64),
(21883, 26, 65),
(21990, 26, 66),
(14406, 26, 67),
(14407, 26, 68),
(14408, 26, 69),
(14409, 26, 70),
(14410, 26, 71),
(14411, 26, 72),
(22098, 26, 73),
(17257, 26, 74),
(17258, 26, 75),
(17259, 26, 76),
(22203, 26, 77),
(22309, 26, 78),
(22415, 26, 79),
(22523, 26, 80),
(16624, 26, 81),
(22629, 26, 82),
(22736, 26, 83),
(15981, 26, 84),
(22844, 26, 85),
(22952, 26, 86),
(15982, 26, 87),
(17903, 26, 88),
(23059, 26, 89),
(23166, 26, 90),
(23274, 26, 91),
(23382, 26, 92),
(23490, 26, 93),
(23598, 26, 94),
(23706, 26, 95),
(14412, 26, 96),
(23814, 26, 97),
(23922, 26, 98),
(8012, 26, 99),
(2518, 26, 100),
(2519, 26, 101),
(2520, 26, 102),
(2521, 26, 103),
(2522, 26, 104),
(2523, 26, 105),
(2524, 26, 106),
(2525, 26, 107),
(24001, 26, 108),
(2526, 26, 109),
(2527, 26, 110),
(2528, 26, 111),
(24107, 26, 112),
(6091, 26, 113),
(6092, 26, 114),
(6093, 26, 115),
(6094, 26, 116),
(6095, 26, 117),
(6096, 26, 118),
(6097, 26, 119),
(6098, 26, 120),
(8013, 26, 121),
(8014, 26, 122),
(8015, 26, 123),
(8016, 26, 124),
(8017, 26, 125),
(8018, 26, 126),
(8019, 26, 127),
(8020, 26, 128),
(9482, 26, 129),
(9483, 26, 130),
(9484, 26, 131),
(9485, 26, 132),
(9486, 26, 133),
(9487, 26, 134),
(10884, 26, 135),
(10885, 26, 136),
(10886, 26, 137),
(10887, 26, 138),
(10888, 26, 139),
(10889, 26, 140),
(10890, 26, 141),
(12305, 26, 142),
(12306, 26, 143),
(12307, 26, 144),
(12308, 26, 145),
(14413, 26, 146),
(14414, 26, 147),
(14415, 26, 148),
(14416, 26, 149),
(14417, 26, 150),
(14418, 26, 151),
(14419, 26, 152),
(14420, 26, 153),
(14421, 26, 154),
(15283, 26, 155),
(15284, 26, 156),
(15285, 26, 157),
(15286, 26, 158),
(15983, 26, 159),
(15984, 26, 160),
(15985, 26, 161),
(16625, 26, 162),
(17260, 26, 163),
(17261, 26, 164),
(17262, 26, 165),
(17904, 26, 166),
(2529, 26, 167),
(18255, 26, 168),
(18256, 26, 169),
(18257, 26, 170),
(6099, 27, 1),
(6100, 27, 2),
(6101, 27, 3),
(6102, 27, 4),
(6103, 27, 5),
(6104, 27, 6),
(6105, 27, 7),
(18639, 27, 8),
(18744, 27, 9),
(18852, 27, 10),
(6106, 27, 11),
(18959, 27, 12),
(19046, 27, 13),
(2530, 27, 14),
(19152, 27, 15),
(9488, 27, 16),
(19238, 27, 17),
(9489, 27, 18),
(2531, 27, 19),
(19324, 27, 20),
(2532, 27, 21),
(2533, 27, 22),
(2534, 27, 23),
(2535, 27, 24),
(2536, 27, 25),
(2537, 27, 26),
(19403, 27, 27),
(19509, 27, 28),
(19617, 27, 29),
(19725, 27, 30),
(19833, 27, 31),
(2538, 27, 32),
(19941, 27, 33),
(10891, 27, 34),
(10892, 27, 35),
(10893, 27, 36),
(10894, 27, 37),
(20043, 27, 38),
(10895, 27, 39),
(20147, 27, 40),
(15986, 27, 41),
(20254, 27, 42),
(20362, 27, 43),
(20470, 27, 44),
(20578, 27, 45),
(8021, 27, 46),
(8022, 27, 47),
(8023, 27, 48),
(20666, 27, 49),
(20754, 27, 50),
(8024, 27, 51),
(20861, 27, 52),
(20967, 27, 53),
(8025, 27, 54),
(21075, 27, 55),
(21161, 27, 56),
(21269, 27, 57),
(21377, 27, 58),
(21463, 27, 59),
(12309, 27, 60),
(21570, 27, 61),
(21677, 27, 62),
(21778, 27, 63),
(14422, 27, 64),
(21884, 27, 65),
(21991, 27, 66),
(14423, 27, 67),
(14424, 27, 68),
(14425, 27, 69),
(14426, 27, 70),
(14427, 27, 71),
(14428, 27, 72),
(22099, 27, 73),
(17263, 27, 74),
(17264, 27, 75),
(17265, 27, 76),
(22204, 27, 77),
(22310, 27, 78),
(22416, 27, 79),
(22524, 27, 80),
(16626, 27, 81),
(22630, 27, 82),
(22737, 27, 83),
(15987, 27, 84),
(22845, 27, 85),
(22953, 27, 86),
(15988, 27, 87),
(17905, 27, 88),
(23060, 27, 89),
(23167, 27, 90),
(23275, 27, 91),
(23383, 27, 92),
(23491, 27, 93),
(23599, 27, 94),
(23707, 27, 95),
(14429, 27, 96),
(23815, 27, 97),
(23923, 27, 98),
(8026, 27, 99),
(2539, 27, 100),
(2540, 27, 101),
(2541, 27, 102),
(2542, 27, 103),
(2543, 27, 104),
(2544, 27, 105),
(2545, 27, 106),
(2546, 27, 107),
(24002, 27, 108),
(2547, 27, 109),
(2548, 27, 110),
(2549, 27, 111),
(24108, 27, 112),
(6107, 27, 113),
(6108, 27, 114),
(6109, 27, 115),
(6110, 27, 116),
(6111, 27, 117),
(6112, 27, 118),
(6113, 27, 119),
(6114, 27, 120),
(8027, 27, 121),
(8028, 27, 122),
(8029, 27, 123),
(8030, 27, 124),
(8031, 27, 125),
(8032, 27, 126),
(8033, 27, 127),
(8034, 27, 128),
(9490, 27, 129),
(9491, 27, 130),
(9492, 27, 131),
(9493, 27, 132),
(9494, 27, 133),
(9495, 27, 134),
(10896, 27, 135),
(10897, 27, 136),
(10898, 27, 137),
(10899, 27, 138),
(10900, 27, 139),
(10901, 27, 140),
(10902, 27, 141),
(12310, 27, 142),
(12311, 27, 143),
(12312, 27, 144),
(12313, 27, 145),
(14430, 27, 146),
(14431, 27, 147),
(14432, 27, 148),
(14433, 27, 149),
(14434, 27, 150),
(14435, 27, 151),
(14436, 27, 152),
(14437, 27, 153),
(14438, 27, 154),
(15287, 27, 155),
(15288, 27, 156),
(15289, 27, 157),
(15290, 27, 158),
(15989, 27, 159),
(15990, 27, 160),
(15991, 27, 161),
(16627, 27, 162),
(17266, 27, 163),
(17267, 27, 164),
(17268, 27, 165),
(17906, 27, 166),
(2550, 27, 167),
(18258, 27, 168),
(18259, 27, 169),
(18260, 27, 170),
(6115, 28, 1),
(6116, 28, 2),
(6117, 28, 3),
(6118, 28, 4),
(6119, 28, 5),
(6120, 28, 6),
(6121, 28, 7),
(18640, 28, 8),
(18745, 28, 9),
(18853, 28, 10),
(6122, 28, 11),
(18960, 28, 12),
(19047, 28, 13),
(2551, 28, 14),
(19153, 28, 15),
(9496, 28, 16),
(19239, 28, 17),
(9497, 28, 18),
(2552, 28, 19),
(19325, 28, 20),
(2553, 28, 21),
(2554, 28, 22),
(2555, 28, 23),
(2556, 28, 24),
(2557, 28, 25),
(2558, 28, 26),
(19404, 28, 27),
(19510, 28, 28),
(19618, 28, 29),
(19726, 28, 30),
(19834, 28, 31),
(2559, 28, 32),
(19942, 28, 33),
(10903, 28, 34),
(10904, 28, 35),
(10905, 28, 36),
(10906, 28, 37),
(20044, 28, 38),
(10907, 28, 39),
(20148, 28, 40),
(15992, 28, 41),
(20255, 28, 42),
(20363, 28, 43),
(20471, 28, 44),
(20579, 28, 45),
(8035, 28, 46),
(8036, 28, 47),
(8037, 28, 48),
(20667, 28, 49),
(20755, 28, 50),
(8038, 28, 51),
(20862, 28, 52),
(20968, 28, 53),
(8039, 28, 54),
(21076, 28, 55),
(21162, 28, 56),
(21270, 28, 57),
(21378, 28, 58),
(21464, 28, 59),
(12314, 28, 60),
(21571, 28, 61),
(21678, 28, 62),
(21779, 28, 63),
(14439, 28, 64),
(21885, 28, 65),
(21992, 28, 66),
(14440, 28, 67),
(14441, 28, 68),
(14442, 28, 69),
(14443, 28, 70),
(14444, 28, 71),
(14445, 28, 72),
(22100, 28, 73),
(17269, 28, 74),
(17270, 28, 75),
(17271, 28, 76),
(22205, 28, 77),
(22311, 28, 78),
(22417, 28, 79),
(22525, 28, 80),
(16628, 28, 81),
(22631, 28, 82),
(22738, 28, 83),
(15993, 28, 84),
(22846, 28, 85),
(22954, 28, 86),
(15994, 28, 87),
(17907, 28, 88),
(23061, 28, 89),
(23168, 28, 90),
(23276, 28, 91),
(23384, 28, 92),
(23492, 28, 93),
(23600, 28, 94),
(23708, 28, 95),
(14446, 28, 96),
(23816, 28, 97),
(23924, 28, 98),
(8040, 28, 99),
(2560, 28, 100),
(2561, 28, 101),
(2562, 28, 102),
(2563, 28, 103),
(2564, 28, 104),
(2565, 28, 105),
(2566, 28, 106),
(2567, 28, 107),
(24003, 28, 108),
(2568, 28, 109),
(2569, 28, 110),
(2570, 28, 111),
(24109, 28, 112),
(6123, 28, 113),
(6124, 28, 114),
(6125, 28, 115),
(6126, 28, 116),
(6127, 28, 117),
(6128, 28, 118),
(6129, 28, 119),
(6130, 28, 120),
(8041, 28, 121),
(8042, 28, 122),
(8043, 28, 123),
(8044, 28, 124),
(8045, 28, 125),
(8046, 28, 126),
(8047, 28, 127),
(8048, 28, 128),
(9498, 28, 129),
(9499, 28, 130),
(9500, 28, 131),
(9501, 28, 132),
(9502, 28, 133),
(9503, 28, 134),
(10908, 28, 135),
(10909, 28, 136),
(10910, 28, 137),
(10911, 28, 138),
(10912, 28, 139),
(10913, 28, 140),
(10914, 28, 141),
(12315, 28, 142),
(12316, 28, 143),
(12317, 28, 144),
(12318, 28, 145),
(14447, 28, 146),
(14448, 28, 147),
(14449, 28, 148),
(14450, 28, 149),
(14451, 28, 150),
(14452, 28, 151),
(14453, 28, 152),
(14454, 28, 153),
(14455, 28, 154),
(15291, 28, 155),
(15292, 28, 156),
(15293, 28, 157),
(15294, 28, 158),
(15995, 28, 159),
(15996, 28, 160),
(15997, 28, 161),
(16629, 28, 162),
(17272, 28, 163),
(17273, 28, 164),
(17274, 28, 165),
(17908, 28, 166),
(2571, 28, 167),
(18261, 28, 168),
(18262, 28, 169),
(18263, 28, 170),
(6131, 29, 1),
(6132, 29, 2),
(6133, 29, 3),
(6134, 29, 4),
(6135, 29, 5),
(6136, 29, 6),
(6137, 29, 7),
(18641, 29, 8),
(18746, 29, 9),
(18854, 29, 10),
(6138, 29, 11),
(18961, 29, 12),
(19048, 29, 13),
(2572, 29, 14),
(19154, 29, 15),
(9504, 29, 16),
(19240, 29, 17),
(9505, 29, 18),
(2573, 29, 19),
(19326, 29, 20),
(2574, 29, 21),
(2575, 29, 22),
(2576, 29, 23),
(2577, 29, 24),
(2578, 29, 25),
(2579, 29, 26),
(19405, 29, 27),
(19511, 29, 28),
(19619, 29, 29),
(19727, 29, 30),
(19835, 29, 31),
(2580, 29, 32),
(19943, 29, 33),
(10915, 29, 34),
(10916, 29, 35),
(10917, 29, 36),
(10918, 29, 37),
(20045, 29, 38),
(10919, 29, 39),
(20149, 29, 40),
(15998, 29, 41),
(20256, 29, 42),
(20364, 29, 43),
(20472, 29, 44),
(20580, 29, 45),
(8049, 29, 46),
(8050, 29, 47),
(8051, 29, 48),
(20668, 29, 49),
(20756, 29, 50),
(8052, 29, 51),
(20863, 29, 52),
(20969, 29, 53),
(8053, 29, 54),
(21077, 29, 55),
(21163, 29, 56),
(21271, 29, 57),
(21379, 29, 58),
(21465, 29, 59),
(12319, 29, 60),
(21572, 29, 61),
(21679, 29, 62),
(21780, 29, 63),
(14456, 29, 64),
(21886, 29, 65),
(21993, 29, 66),
(14457, 29, 67),
(14458, 29, 68),
(14459, 29, 69),
(14460, 29, 70),
(14461, 29, 71),
(14462, 29, 72),
(22101, 29, 73),
(17275, 29, 74),
(17276, 29, 75),
(17277, 29, 76),
(22206, 29, 77),
(22312, 29, 78),
(22418, 29, 79),
(22526, 29, 80),
(16630, 29, 81),
(22632, 29, 82),
(22739, 29, 83),
(15999, 29, 84),
(22847, 29, 85),
(22955, 29, 86),
(16000, 29, 87),
(17909, 29, 88),
(23062, 29, 89),
(23169, 29, 90),
(23277, 29, 91),
(23385, 29, 92),
(23493, 29, 93),
(23601, 29, 94),
(23709, 29, 95),
(14463, 29, 96),
(23817, 29, 97),
(23925, 29, 98),
(8054, 29, 99),
(2581, 29, 100),
(2582, 29, 101),
(2583, 29, 102),
(2584, 29, 103),
(2585, 29, 104),
(2586, 29, 105),
(2587, 29, 106),
(2588, 29, 107),
(24004, 29, 108),
(2589, 29, 109),
(2590, 29, 110),
(2591, 29, 111),
(24110, 29, 112),
(6139, 29, 113),
(6140, 29, 114),
(6141, 29, 115),
(6142, 29, 116),
(6143, 29, 117),
(6144, 29, 118),
(6145, 29, 119),
(6146, 29, 120),
(8055, 29, 121),
(8056, 29, 122),
(8057, 29, 123),
(8058, 29, 124),
(8059, 29, 125),
(8060, 29, 126),
(8061, 29, 127),
(8062, 29, 128),
(9506, 29, 129),
(9507, 29, 130),
(9508, 29, 131),
(9509, 29, 132),
(9510, 29, 133),
(9511, 29, 134),
(10920, 29, 135),
(10921, 29, 136),
(10922, 29, 137),
(10923, 29, 138),
(10924, 29, 139),
(10925, 29, 140),
(10926, 29, 141),
(12320, 29, 142),
(12321, 29, 143),
(12322, 29, 144),
(12323, 29, 145),
(14464, 29, 146),
(14465, 29, 147),
(14466, 29, 148),
(14467, 29, 149),
(14468, 29, 150),
(14469, 29, 151),
(14470, 29, 152),
(14471, 29, 153),
(14472, 29, 154),
(15295, 29, 155),
(15296, 29, 156),
(15297, 29, 157),
(15298, 29, 158),
(16001, 29, 159),
(16002, 29, 160),
(16003, 29, 161),
(16631, 29, 162),
(17278, 29, 163),
(17279, 29, 164),
(17280, 29, 165),
(17910, 29, 166),
(2592, 29, 167),
(18264, 29, 168),
(18265, 29, 169),
(18266, 29, 170),
(6147, 30, 1),
(6148, 30, 2),
(6149, 30, 3),
(6150, 30, 4),
(6151, 30, 5),
(6152, 30, 6),
(6153, 30, 7),
(18642, 30, 8),
(18747, 30, 9),
(18855, 30, 10),
(6154, 30, 11),
(18962, 30, 12),
(19049, 30, 13),
(2593, 30, 14),
(19155, 30, 15),
(9512, 30, 16),
(19241, 30, 17),
(9513, 30, 18),
(2594, 30, 19),
(19327, 30, 20),
(2595, 30, 21),
(2596, 30, 22),
(2597, 30, 23),
(2598, 30, 24),
(2599, 30, 25),
(2600, 30, 26),
(19406, 30, 27),
(19512, 30, 28),
(19620, 30, 29),
(19728, 30, 30),
(19836, 30, 31),
(2601, 30, 32),
(19944, 30, 33),
(10927, 30, 34),
(10928, 30, 35),
(10929, 30, 36),
(10930, 30, 37),
(20046, 30, 38),
(10931, 30, 39),
(20150, 30, 40),
(16004, 30, 41),
(20257, 30, 42),
(20365, 30, 43),
(20473, 30, 44),
(20581, 30, 45),
(8063, 30, 46),
(8064, 30, 47),
(8065, 30, 48),
(20669, 30, 49),
(20757, 30, 50),
(8066, 30, 51),
(20864, 30, 52),
(20970, 30, 53),
(8067, 30, 54),
(21078, 30, 55),
(21164, 30, 56),
(21272, 30, 57),
(21380, 30, 58),
(21466, 30, 59),
(12324, 30, 60),
(21573, 30, 61),
(21680, 30, 62),
(21781, 30, 63),
(14473, 30, 64),
(21887, 30, 65),
(21994, 30, 66),
(14474, 30, 67),
(14475, 30, 68),
(14476, 30, 69),
(14477, 30, 70),
(14478, 30, 71),
(14479, 30, 72),
(22102, 30, 73),
(17281, 30, 74),
(17282, 30, 75),
(17283, 30, 76),
(22207, 30, 77),
(22313, 30, 78),
(22419, 30, 79),
(22527, 30, 80),
(16632, 30, 81),
(22633, 30, 82),
(22740, 30, 83),
(16005, 30, 84),
(22848, 30, 85),
(22956, 30, 86),
(16006, 30, 87),
(17911, 30, 88),
(23063, 30, 89),
(23170, 30, 90),
(23278, 30, 91),
(23386, 30, 92),
(23494, 30, 93),
(23602, 30, 94),
(23710, 30, 95),
(14480, 30, 96),
(23818, 30, 97),
(23926, 30, 98),
(8068, 30, 99),
(2602, 30, 100),
(2603, 30, 101),
(2604, 30, 102),
(2605, 30, 103),
(2606, 30, 104),
(2607, 30, 105),
(2608, 30, 106),
(2609, 30, 107),
(24005, 30, 108),
(2610, 30, 109),
(2611, 30, 110),
(2612, 30, 111),
(24111, 30, 112),
(6155, 30, 113),
(6156, 30, 114),
(6157, 30, 115),
(6158, 30, 116),
(6159, 30, 117),
(6160, 30, 118),
(6161, 30, 119),
(6162, 30, 120),
(8069, 30, 121),
(8070, 30, 122),
(8071, 30, 123),
(8072, 30, 124),
(8073, 30, 125),
(8074, 30, 126),
(8075, 30, 127),
(8076, 30, 128),
(9514, 30, 129),
(9515, 30, 130),
(9516, 30, 131),
(9517, 30, 132),
(9518, 30, 133),
(9519, 30, 134),
(10932, 30, 135),
(10933, 30, 136),
(10934, 30, 137),
(10935, 30, 138),
(10936, 30, 139),
(10937, 30, 140),
(10938, 30, 141),
(12325, 30, 142),
(12326, 30, 143),
(12327, 30, 144),
(12328, 30, 145),
(14481, 30, 146),
(14482, 30, 147),
(14483, 30, 148),
(14484, 30, 149),
(14485, 30, 150),
(14486, 30, 151),
(14487, 30, 152),
(14488, 30, 153),
(14489, 30, 154),
(15299, 30, 155),
(15300, 30, 156),
(15301, 30, 157),
(15302, 30, 158),
(16007, 30, 159),
(16008, 30, 160),
(16009, 30, 161),
(16633, 30, 162),
(17284, 30, 163),
(17285, 30, 164),
(17286, 30, 165),
(17912, 30, 166),
(2613, 30, 167),
(18267, 30, 168),
(18268, 30, 169),
(18269, 30, 170),
(6163, 31, 1),
(6164, 31, 2),
(6165, 31, 3),
(6166, 31, 4),
(6167, 31, 5),
(6168, 31, 6),
(6169, 31, 7),
(18643, 31, 8),
(18748, 31, 9),
(18856, 31, 10),
(6170, 31, 11),
(18963, 31, 12),
(19050, 31, 13),
(2614, 31, 14),
(19156, 31, 15),
(9520, 31, 16),
(19242, 31, 17),
(9521, 31, 18),
(2615, 31, 19),
(19328, 31, 20),
(2616, 31, 21),
(2617, 31, 22),
(2618, 31, 23),
(2619, 31, 24),
(2620, 31, 25),
(2621, 31, 26),
(19407, 31, 27),
(19513, 31, 28),
(19621, 31, 29),
(19729, 31, 30),
(19837, 31, 31),
(2622, 31, 32),
(19945, 31, 33),
(10939, 31, 34),
(10940, 31, 35),
(10941, 31, 36),
(10942, 31, 37),
(20047, 31, 38),
(10943, 31, 39),
(20151, 31, 40),
(16010, 31, 41),
(20258, 31, 42),
(20366, 31, 43),
(20474, 31, 44),
(20582, 31, 45),
(8077, 31, 46),
(8078, 31, 47),
(8079, 31, 48),
(20670, 31, 49),
(20758, 31, 50),
(8080, 31, 51),
(20865, 31, 52),
(20971, 31, 53),
(8081, 31, 54),
(21079, 31, 55),
(21165, 31, 56),
(21273, 31, 57),
(21381, 31, 58),
(21467, 31, 59),
(12329, 31, 60),
(21574, 31, 61),
(21681, 31, 62),
(21782, 31, 63),
(14490, 31, 64),
(21888, 31, 65),
(21995, 31, 66),
(14491, 31, 67),
(14492, 31, 68),
(14493, 31, 69),
(14494, 31, 70),
(14495, 31, 71),
(14496, 31, 72),
(22103, 31, 73),
(17287, 31, 74),
(17288, 31, 75),
(17289, 31, 76),
(22208, 31, 77),
(22314, 31, 78),
(22420, 31, 79),
(22528, 31, 80),
(16634, 31, 81),
(22634, 31, 82),
(22741, 31, 83),
(16011, 31, 84),
(22849, 31, 85),
(22957, 31, 86),
(16012, 31, 87),
(17913, 31, 88),
(23064, 31, 89),
(23171, 31, 90),
(23279, 31, 91),
(23387, 31, 92),
(23495, 31, 93),
(23603, 31, 94),
(23711, 31, 95),
(14497, 31, 96),
(23819, 31, 97),
(23927, 31, 98),
(8082, 31, 99),
(2623, 31, 100),
(2624, 31, 101),
(2625, 31, 102),
(2626, 31, 103),
(2627, 31, 104),
(2628, 31, 105),
(2629, 31, 106),
(2630, 31, 107),
(24006, 31, 108),
(2631, 31, 109),
(2632, 31, 110),
(2633, 31, 111),
(24112, 31, 112),
(6171, 31, 113),
(6172, 31, 114),
(6173, 31, 115),
(6174, 31, 116),
(6175, 31, 117),
(6176, 31, 118),
(6177, 31, 119),
(6178, 31, 120),
(8083, 31, 121),
(8084, 31, 122),
(8085, 31, 123),
(8086, 31, 124),
(8087, 31, 125),
(8088, 31, 126),
(8089, 31, 127),
(8090, 31, 128),
(9522, 31, 129),
(9523, 31, 130),
(9524, 31, 131),
(9525, 31, 132),
(9526, 31, 133),
(9527, 31, 134),
(10944, 31, 135),
(10945, 31, 136),
(10946, 31, 137),
(10947, 31, 138),
(10948, 31, 139),
(10949, 31, 140),
(10950, 31, 141),
(12330, 31, 142),
(12331, 31, 143),
(12332, 31, 144),
(12333, 31, 145),
(14498, 31, 146),
(14499, 31, 147),
(14500, 31, 148),
(14501, 31, 149),
(14502, 31, 150),
(14503, 31, 151),
(14504, 31, 152),
(14505, 31, 153),
(14506, 31, 154),
(15303, 31, 155),
(15304, 31, 156),
(15305, 31, 157),
(15306, 31, 158),
(16013, 31, 159),
(16014, 31, 160),
(16015, 31, 161),
(16635, 31, 162),
(17290, 31, 163),
(17291, 31, 164),
(17292, 31, 165),
(17914, 31, 166),
(2634, 31, 167),
(18270, 31, 168),
(18271, 31, 169),
(18272, 31, 170),
(6179, 32, 1),
(6180, 32, 2),
(6181, 32, 3),
(6182, 32, 4),
(6183, 32, 5),
(6184, 32, 6),
(6185, 32, 7),
(18644, 32, 8),
(18749, 32, 9),
(18857, 32, 10),
(6186, 32, 11),
(18964, 32, 12),
(19051, 32, 13),
(2635, 32, 14),
(19157, 32, 15),
(9528, 32, 16),
(19243, 32, 17),
(9529, 32, 18),
(2636, 32, 19),
(19329, 32, 20),
(2637, 32, 21),
(2638, 32, 22),
(2639, 32, 23),
(2640, 32, 24),
(2641, 32, 25),
(2642, 32, 26),
(19408, 32, 27),
(19514, 32, 28),
(19622, 32, 29),
(19730, 32, 30),
(19838, 32, 31),
(2643, 32, 32),
(19946, 32, 33),
(10951, 32, 34),
(10952, 32, 35),
(10953, 32, 36),
(10954, 32, 37),
(20048, 32, 38),
(10955, 32, 39),
(20152, 32, 40),
(16016, 32, 41),
(20259, 32, 42),
(20367, 32, 43),
(20475, 32, 44),
(20583, 32, 45),
(8091, 32, 46),
(8092, 32, 47),
(8093, 32, 48),
(20671, 32, 49),
(20759, 32, 50),
(8094, 32, 51),
(20866, 32, 52),
(20972, 32, 53),
(8095, 32, 54),
(21080, 32, 55),
(21166, 32, 56),
(21274, 32, 57),
(21382, 32, 58),
(21468, 32, 59),
(12334, 32, 60),
(21575, 32, 61),
(21682, 32, 62),
(21783, 32, 63),
(14507, 32, 64),
(21889, 32, 65),
(21996, 32, 66),
(14508, 32, 67),
(14509, 32, 68),
(14510, 32, 69),
(14511, 32, 70),
(14512, 32, 71),
(14513, 32, 72),
(22104, 32, 73),
(17293, 32, 74),
(17294, 32, 75),
(17295, 32, 76),
(22209, 32, 77),
(22315, 32, 78),
(22421, 32, 79),
(22529, 32, 80),
(16636, 32, 81),
(22635, 32, 82),
(22742, 32, 83),
(16017, 32, 84),
(22850, 32, 85),
(22958, 32, 86),
(16018, 32, 87),
(17915, 32, 88),
(23065, 32, 89),
(23172, 32, 90),
(23280, 32, 91),
(23388, 32, 92),
(23496, 32, 93),
(23604, 32, 94),
(23712, 32, 95),
(14514, 32, 96),
(23820, 32, 97),
(23928, 32, 98),
(8096, 32, 99),
(2644, 32, 100),
(2645, 32, 101),
(2646, 32, 102),
(2647, 32, 103),
(2648, 32, 104),
(2649, 32, 105),
(2650, 32, 106),
(2651, 32, 107),
(24007, 32, 108),
(2652, 32, 109),
(2653, 32, 110),
(2654, 32, 111),
(24113, 32, 112),
(6187, 32, 113),
(6188, 32, 114),
(6189, 32, 115),
(6190, 32, 116),
(6191, 32, 117),
(6192, 32, 118),
(6193, 32, 119),
(6194, 32, 120),
(8097, 32, 121),
(8098, 32, 122),
(8099, 32, 123),
(8100, 32, 124),
(8101, 32, 125),
(8102, 32, 126),
(8103, 32, 127),
(8104, 32, 128),
(9530, 32, 129),
(9531, 32, 130),
(9532, 32, 131),
(9533, 32, 132),
(9534, 32, 133),
(9535, 32, 134),
(10956, 32, 135),
(10957, 32, 136),
(10958, 32, 137),
(10959, 32, 138),
(10960, 32, 139),
(10961, 32, 140),
(10962, 32, 141),
(12335, 32, 142),
(12336, 32, 143),
(12337, 32, 144),
(12338, 32, 145),
(14515, 32, 146),
(14516, 32, 147),
(14517, 32, 148),
(14518, 32, 149),
(14519, 32, 150),
(14520, 32, 151),
(14521, 32, 152),
(14522, 32, 153),
(14523, 32, 154),
(15307, 32, 155),
(15308, 32, 156),
(15309, 32, 157),
(15310, 32, 158),
(16019, 32, 159),
(16020, 32, 160),
(16021, 32, 161),
(16637, 32, 162),
(17296, 32, 163),
(17297, 32, 164),
(17298, 32, 165),
(17916, 32, 166),
(2655, 32, 167),
(18273, 32, 168),
(18274, 32, 169),
(18275, 32, 170),
(6195, 33, 1),
(6196, 33, 2),
(6197, 33, 3),
(6198, 33, 4),
(6199, 33, 5),
(6200, 33, 6),
(6201, 33, 7),
(18645, 33, 8),
(18750, 33, 9),
(18858, 33, 10),
(6202, 33, 11),
(18965, 33, 12),
(19052, 33, 13),
(2656, 33, 14),
(19158, 33, 15),
(9536, 33, 16),
(19244, 33, 17),
(9537, 33, 18),
(2657, 33, 19),
(19330, 33, 20),
(2658, 33, 21),
(2659, 33, 22),
(2660, 33, 23),
(2661, 33, 24),
(2662, 33, 25),
(2663, 33, 26),
(19409, 33, 27),
(19515, 33, 28),
(19623, 33, 29),
(19731, 33, 30),
(19839, 33, 31),
(2664, 33, 32),
(19947, 33, 33),
(10963, 33, 34),
(10964, 33, 35),
(10965, 33, 36),
(10966, 33, 37),
(20049, 33, 38),
(10967, 33, 39),
(20153, 33, 40),
(16022, 33, 41),
(20260, 33, 42),
(20368, 33, 43),
(20476, 33, 44),
(20584, 33, 45),
(8105, 33, 46),
(8106, 33, 47),
(8107, 33, 48),
(20672, 33, 49),
(20760, 33, 50),
(8108, 33, 51),
(20867, 33, 52),
(20973, 33, 53),
(8109, 33, 54),
(21081, 33, 55),
(21167, 33, 56),
(21275, 33, 57),
(21383, 33, 58),
(21469, 33, 59),
(12339, 33, 60),
(21576, 33, 61),
(21683, 33, 62),
(21784, 33, 63),
(14524, 33, 64),
(21890, 33, 65),
(21997, 33, 66),
(14525, 33, 67),
(14526, 33, 68),
(14527, 33, 69),
(14528, 33, 70),
(14529, 33, 71),
(14530, 33, 72),
(22105, 33, 73),
(17299, 33, 74),
(17300, 33, 75),
(17301, 33, 76),
(22210, 33, 77),
(22316, 33, 78),
(22422, 33, 79),
(22530, 33, 80),
(16638, 33, 81),
(22636, 33, 82),
(22743, 33, 83),
(16023, 33, 84),
(22851, 33, 85),
(22959, 33, 86),
(16024, 33, 87),
(17917, 33, 88),
(23066, 33, 89),
(23173, 33, 90),
(23281, 33, 91),
(23389, 33, 92),
(23497, 33, 93),
(23605, 33, 94),
(23713, 33, 95),
(14531, 33, 96),
(23821, 33, 97),
(23929, 33, 98),
(8110, 33, 99),
(2665, 33, 100),
(2666, 33, 101),
(2667, 33, 102),
(2668, 33, 103),
(2669, 33, 104),
(2670, 33, 105),
(2671, 33, 106),
(2672, 33, 107),
(24008, 33, 108),
(2673, 33, 109),
(2674, 33, 110),
(2675, 33, 111),
(24114, 33, 112),
(6203, 33, 113),
(6204, 33, 114),
(6205, 33, 115),
(6206, 33, 116),
(6207, 33, 117),
(6208, 33, 118),
(6209, 33, 119),
(6210, 33, 120),
(8111, 33, 121),
(8112, 33, 122),
(8113, 33, 123),
(8114, 33, 124),
(8115, 33, 125),
(8116, 33, 126),
(8117, 33, 127),
(8118, 33, 128),
(9538, 33, 129),
(9539, 33, 130),
(9540, 33, 131),
(9541, 33, 132),
(9542, 33, 133),
(9543, 33, 134),
(10968, 33, 135),
(10969, 33, 136),
(10970, 33, 137),
(10971, 33, 138),
(10972, 33, 139),
(10973, 33, 140),
(10974, 33, 141),
(12340, 33, 142),
(12341, 33, 143),
(12342, 33, 144),
(12343, 33, 145),
(14532, 33, 146),
(14533, 33, 147),
(14534, 33, 148),
(14535, 33, 149),
(14536, 33, 150),
(14537, 33, 151),
(14538, 33, 152),
(14539, 33, 153),
(14540, 33, 154),
(15311, 33, 155),
(15312, 33, 156),
(15313, 33, 157),
(15314, 33, 158),
(16025, 33, 159),
(16026, 33, 160),
(16027, 33, 161),
(16639, 33, 162),
(17302, 33, 163),
(17303, 33, 164),
(17304, 33, 165),
(17918, 33, 166),
(2676, 33, 167),
(18276, 33, 168),
(18277, 33, 169),
(18278, 33, 170),
(6211, 34, 1),
(6212, 34, 2),
(6213, 34, 3),
(6214, 34, 4),
(6215, 34, 5),
(6216, 34, 6),
(6217, 34, 7),
(18646, 34, 8),
(18751, 34, 9),
(18859, 34, 10),
(6218, 34, 11),
(18966, 34, 12),
(19053, 34, 13),
(2677, 34, 14),
(19159, 34, 15),
(9544, 34, 16),
(19245, 34, 17),
(9545, 34, 18),
(2678, 34, 19),
(19331, 34, 20),
(2679, 34, 21),
(2680, 34, 22),
(2681, 34, 23),
(2682, 34, 24),
(2683, 34, 25),
(2684, 34, 26),
(19410, 34, 27),
(19516, 34, 28),
(19624, 34, 29),
(19732, 34, 30),
(19840, 34, 31),
(2685, 34, 32),
(19948, 34, 33),
(10975, 34, 34),
(10976, 34, 35),
(10977, 34, 36),
(10978, 34, 37),
(20050, 34, 38),
(10979, 34, 39),
(20154, 34, 40),
(16028, 34, 41),
(20261, 34, 42),
(20369, 34, 43),
(20477, 34, 44),
(20585, 34, 45),
(8119, 34, 46),
(8120, 34, 47),
(8121, 34, 48),
(20673, 34, 49),
(20761, 34, 50),
(8122, 34, 51),
(20868, 34, 52),
(20974, 34, 53),
(8123, 34, 54),
(21082, 34, 55),
(21168, 34, 56),
(21276, 34, 57),
(21384, 34, 58),
(21470, 34, 59),
(12344, 34, 60),
(21577, 34, 61),
(21684, 34, 62),
(21785, 34, 63),
(14541, 34, 64),
(21891, 34, 65),
(21998, 34, 66),
(14542, 34, 67),
(14543, 34, 68),
(14544, 34, 69),
(14545, 34, 70),
(14546, 34, 71),
(14547, 34, 72),
(22106, 34, 73),
(17305, 34, 74),
(17306, 34, 75),
(17307, 34, 76),
(22211, 34, 77),
(22317, 34, 78),
(22423, 34, 79),
(22531, 34, 80),
(16640, 34, 81),
(22637, 34, 82),
(22744, 34, 83),
(16029, 34, 84),
(22852, 34, 85),
(22960, 34, 86),
(16030, 34, 87),
(17919, 34, 88),
(23067, 34, 89),
(23174, 34, 90),
(23282, 34, 91),
(23390, 34, 92),
(23498, 34, 93),
(23606, 34, 94),
(23714, 34, 95),
(14548, 34, 96),
(23822, 34, 97),
(23930, 34, 98),
(8124, 34, 99),
(2686, 34, 100),
(2687, 34, 101),
(2688, 34, 102),
(2689, 34, 103),
(2690, 34, 104),
(2691, 34, 105),
(2692, 34, 106),
(2693, 34, 107),
(24009, 34, 108),
(2694, 34, 109),
(2695, 34, 110),
(2696, 34, 111),
(24115, 34, 112),
(6219, 34, 113),
(6220, 34, 114),
(6221, 34, 115),
(6222, 34, 116),
(6223, 34, 117),
(6224, 34, 118),
(6225, 34, 119),
(6226, 34, 120),
(8125, 34, 121),
(8126, 34, 122),
(8127, 34, 123),
(8128, 34, 124),
(8129, 34, 125),
(8130, 34, 126),
(8131, 34, 127),
(8132, 34, 128),
(9546, 34, 129),
(9547, 34, 130),
(9548, 34, 131),
(9549, 34, 132),
(9550, 34, 133),
(9551, 34, 134),
(10980, 34, 135),
(10981, 34, 136),
(10982, 34, 137),
(10983, 34, 138),
(10984, 34, 139),
(10985, 34, 140),
(10986, 34, 141),
(12345, 34, 142),
(12346, 34, 143),
(12347, 34, 144),
(12348, 34, 145),
(14549, 34, 146),
(14550, 34, 147),
(14551, 34, 148),
(14552, 34, 149),
(14553, 34, 150),
(14554, 34, 151),
(14555, 34, 152),
(14556, 34, 153),
(14557, 34, 154),
(15315, 34, 155),
(15316, 34, 156),
(15317, 34, 157),
(15318, 34, 158),
(16031, 34, 159),
(16032, 34, 160),
(16033, 34, 161),
(16641, 34, 162),
(17308, 34, 163),
(17309, 34, 164),
(17310, 34, 165),
(17920, 34, 166),
(2697, 34, 167),
(18279, 34, 168),
(18280, 34, 169),
(18281, 34, 170),
(6227, 35, 1),
(6228, 35, 2),
(6229, 35, 3),
(6230, 35, 4),
(6231, 35, 5),
(6232, 35, 6),
(6233, 35, 7),
(18647, 35, 8),
(18752, 35, 9),
(18860, 35, 10),
(6234, 35, 11),
(18967, 35, 12),
(19054, 35, 13),
(2698, 35, 14),
(19160, 35, 15),
(9552, 35, 16),
(19246, 35, 17),
(9553, 35, 18),
(2699, 35, 19),
(19332, 35, 20),
(2700, 35, 21),
(2701, 35, 22),
(2702, 35, 23),
(2703, 35, 24),
(2704, 35, 25),
(2705, 35, 26),
(18483, 35, 27),
(19517, 35, 28),
(19625, 35, 29),
(19733, 35, 30),
(19841, 35, 31),
(2706, 35, 32),
(19949, 35, 33),
(10987, 35, 34),
(10988, 35, 35),
(10989, 35, 36),
(10990, 35, 37),
(20051, 35, 38),
(10991, 35, 39),
(20155, 35, 40),
(16034, 35, 41),
(20262, 35, 42),
(20370, 35, 43),
(20478, 35, 44),
(20586, 35, 45),
(8133, 35, 46),
(8134, 35, 47),
(8135, 35, 48),
(20674, 35, 49),
(20762, 35, 50),
(8136, 35, 51),
(20869, 35, 52),
(20975, 35, 53),
(8137, 35, 54),
(21083, 35, 55),
(21169, 35, 56),
(21277, 35, 57),
(21385, 35, 58),
(21471, 35, 59),
(12349, 35, 60),
(21578, 35, 61),
(21685, 35, 62),
(21786, 35, 63),
(14558, 35, 64),
(21892, 35, 65),
(21999, 35, 66),
(14559, 35, 67),
(14560, 35, 68),
(14561, 35, 69),
(14562, 35, 70),
(14563, 35, 71),
(14564, 35, 72),
(22107, 35, 73),
(17311, 35, 74),
(17312, 35, 75),
(17313, 35, 76),
(22212, 35, 77),
(22318, 35, 78),
(22424, 35, 79),
(22532, 35, 80),
(16642, 35, 81),
(22638, 35, 82),
(22745, 35, 83),
(16035, 35, 84),
(22853, 35, 85),
(22961, 35, 86),
(16036, 35, 87),
(17921, 35, 88),
(23068, 35, 89),
(23175, 35, 90),
(23283, 35, 91),
(23391, 35, 92),
(23499, 35, 93),
(23607, 35, 94),
(23715, 35, 95),
(14565, 35, 96),
(23823, 35, 97),
(23931, 35, 98),
(8138, 35, 99),
(2707, 35, 100),
(2708, 35, 101),
(2709, 35, 102),
(2710, 35, 103),
(2711, 35, 104),
(2712, 35, 105),
(2713, 35, 106),
(2714, 35, 107),
(18484, 35, 108),
(2715, 35, 109),
(2716, 35, 110),
(2717, 35, 111),
(24116, 35, 112),
(6235, 35, 113),
(6236, 35, 114),
(6237, 35, 115),
(6238, 35, 116),
(6239, 35, 117),
(6240, 35, 118),
(6241, 35, 119),
(6242, 35, 120),
(8139, 35, 121),
(8140, 35, 122),
(8141, 35, 123),
(8142, 35, 124),
(8143, 35, 125),
(8144, 35, 126),
(8145, 35, 127),
(8146, 35, 128),
(9554, 35, 129),
(9555, 35, 130),
(9556, 35, 131),
(9557, 35, 132),
(9558, 35, 133),
(9559, 35, 134),
(10992, 35, 135),
(10993, 35, 136),
(10994, 35, 137),
(10995, 35, 138),
(10996, 35, 139),
(10997, 35, 140),
(10998, 35, 141),
(12350, 35, 142),
(12351, 35, 143),
(12352, 35, 144),
(12353, 35, 145),
(14566, 35, 146),
(14567, 35, 147),
(14568, 35, 148),
(14569, 35, 149),
(14570, 35, 150),
(14571, 35, 151),
(14572, 35, 152),
(14573, 35, 153),
(14574, 35, 154),
(15319, 35, 155),
(15320, 35, 156),
(15321, 35, 157),
(15322, 35, 158),
(16037, 35, 159),
(16038, 35, 160),
(16039, 35, 161),
(16643, 35, 162),
(17314, 35, 163),
(17315, 35, 164),
(17316, 35, 165),
(17922, 35, 166),
(2718, 35, 167),
(18282, 35, 168),
(18283, 35, 169),
(18284, 35, 170),
(6243, 36, 1),
(6244, 36, 2),
(6245, 36, 3),
(6246, 36, 4),
(6247, 36, 5),
(6248, 36, 6),
(6249, 36, 7),
(18648, 36, 8),
(18753, 36, 9),
(18861, 36, 10),
(6250, 36, 11),
(18968, 36, 12),
(19055, 36, 13),
(2719, 36, 14),
(19161, 36, 15),
(9560, 36, 16),
(19247, 36, 17),
(9561, 36, 18),
(2720, 36, 19),
(19333, 36, 20),
(2721, 36, 21),
(2722, 36, 22),
(2723, 36, 23),
(2724, 36, 24),
(2725, 36, 25),
(2726, 36, 26),
(19411, 36, 27),
(19518, 36, 28),
(19626, 36, 29),
(19734, 36, 30),
(19842, 36, 31),
(2727, 36, 32),
(19950, 36, 33),
(10999, 36, 34),
(11000, 36, 35),
(11001, 36, 36),
(11002, 36, 37),
(20052, 36, 38),
(11003, 36, 39),
(20156, 36, 40),
(16040, 36, 41),
(20263, 36, 42),
(20371, 36, 43),
(20479, 36, 44),
(20587, 36, 45),
(8147, 36, 46),
(8148, 36, 47),
(8149, 36, 48),
(20675, 36, 49),
(20763, 36, 50),
(8150, 36, 51),
(20870, 36, 52),
(20976, 36, 53),
(8151, 36, 54),
(21084, 36, 55),
(21170, 36, 56),
(21278, 36, 57),
(21386, 36, 58),
(21472, 36, 59),
(12354, 36, 60),
(21579, 36, 61),
(21686, 36, 62),
(21787, 36, 63),
(14575, 36, 64),
(21893, 36, 65),
(22000, 36, 66),
(14576, 36, 67),
(14577, 36, 68),
(14578, 36, 69),
(14579, 36, 70),
(14580, 36, 71),
(14581, 36, 72),
(22108, 36, 73),
(17317, 36, 74),
(17318, 36, 75),
(17319, 36, 76),
(22213, 36, 77),
(22319, 36, 78),
(22425, 36, 79),
(22533, 36, 80),
(16644, 36, 81),
(22639, 36, 82),
(22746, 36, 83),
(16041, 36, 84),
(22854, 36, 85),
(22962, 36, 86),
(16042, 36, 87),
(17923, 36, 88),
(23069, 36, 89),
(23176, 36, 90),
(23284, 36, 91),
(23392, 36, 92),
(23500, 36, 93),
(23608, 36, 94),
(23716, 36, 95),
(14582, 36, 96),
(23824, 36, 97),
(23932, 36, 98),
(8152, 36, 99),
(2728, 36, 100),
(2729, 36, 101),
(2730, 36, 102),
(2731, 36, 103),
(2732, 36, 104),
(2733, 36, 105),
(2734, 36, 106),
(2735, 36, 107),
(24010, 36, 108),
(2736, 36, 109),
(2737, 36, 110),
(2738, 36, 111),
(24117, 36, 112),
(6251, 36, 113),
(6252, 36, 114),
(6253, 36, 115),
(6254, 36, 116),
(6255, 36, 117),
(6256, 36, 118),
(6257, 36, 119),
(6258, 36, 120),
(8153, 36, 121),
(8154, 36, 122),
(8155, 36, 123),
(8156, 36, 124),
(8157, 36, 125),
(8158, 36, 126),
(8159, 36, 127),
(8160, 36, 128),
(9562, 36, 129),
(9563, 36, 130),
(9564, 36, 131),
(9565, 36, 132),
(9566, 36, 133),
(9567, 36, 134),
(11004, 36, 135),
(11005, 36, 136),
(11006, 36, 137),
(11007, 36, 138),
(11008, 36, 139),
(11009, 36, 140),
(11010, 36, 141),
(12355, 36, 142),
(12356, 36, 143),
(12357, 36, 144),
(12358, 36, 145),
(14583, 36, 146),
(14584, 36, 147),
(14585, 36, 148),
(14586, 36, 149),
(14587, 36, 150),
(14588, 36, 151),
(14589, 36, 152),
(14590, 36, 153),
(14591, 36, 154),
(15323, 36, 155),
(15324, 36, 156),
(15325, 36, 157),
(15326, 36, 158),
(16043, 36, 159),
(16044, 36, 160),
(16045, 36, 161),
(16645, 36, 162),
(17320, 36, 163),
(17321, 36, 164),
(17322, 36, 165),
(17924, 36, 166),
(2739, 36, 167),
(18285, 36, 168),
(18286, 36, 169),
(18287, 36, 170),
(6259, 37, 1),
(6260, 37, 2),
(6261, 37, 3),
(6262, 37, 4),
(6263, 37, 5),
(6264, 37, 6),
(6265, 37, 7),
(18649, 37, 8),
(18754, 37, 9),
(18862, 37, 10),
(6266, 37, 11),
(18969, 37, 12),
(19056, 37, 13),
(2740, 37, 14),
(19162, 37, 15),
(9568, 37, 16),
(19248, 37, 17),
(9569, 37, 18),
(2741, 37, 19),
(19334, 37, 20),
(2742, 37, 21),
(2743, 37, 22),
(2744, 37, 23),
(2745, 37, 24),
(2746, 37, 25),
(2747, 37, 26),
(19412, 37, 27),
(19519, 37, 28),
(19627, 37, 29),
(19735, 37, 30),
(19843, 37, 31),
(2748, 37, 32),
(19951, 37, 33),
(11011, 37, 34),
(11012, 37, 35),
(11013, 37, 36),
(11014, 37, 37),
(20053, 37, 38),
(11015, 37, 39),
(20157, 37, 40),
(16046, 37, 41),
(20264, 37, 42),
(20372, 37, 43),
(20480, 37, 44),
(20588, 37, 45),
(8161, 37, 46),
(8162, 37, 47),
(8163, 37, 48),
(20676, 37, 49),
(20764, 37, 50),
(8164, 37, 51),
(20871, 37, 52),
(20977, 37, 53),
(8165, 37, 54),
(21085, 37, 55),
(21171, 37, 56),
(21279, 37, 57),
(21387, 37, 58),
(21473, 37, 59),
(12359, 37, 60),
(21580, 37, 61),
(21687, 37, 62),
(21788, 37, 63),
(14592, 37, 64),
(21894, 37, 65),
(22001, 37, 66),
(14593, 37, 67),
(14594, 37, 68),
(14595, 37, 69),
(14596, 37, 70),
(14597, 37, 71),
(14598, 37, 72),
(22109, 37, 73),
(17323, 37, 74),
(17324, 37, 75),
(17325, 37, 76),
(22214, 37, 77),
(22320, 37, 78),
(22426, 37, 79),
(22534, 37, 80),
(16646, 37, 81),
(22640, 37, 82),
(22747, 37, 83),
(16047, 37, 84),
(22855, 37, 85),
(22963, 37, 86),
(16048, 37, 87),
(17925, 37, 88),
(23070, 37, 89),
(23177, 37, 90),
(23285, 37, 91),
(23393, 37, 92),
(23501, 37, 93),
(23609, 37, 94),
(23717, 37, 95),
(14599, 37, 96),
(23825, 37, 97),
(23933, 37, 98),
(8166, 37, 99),
(2749, 37, 100),
(2750, 37, 101),
(2751, 37, 102),
(2752, 37, 103),
(2753, 37, 104),
(2754, 37, 105),
(2755, 37, 106),
(2756, 37, 107),
(24011, 37, 108),
(2757, 37, 109),
(2758, 37, 110),
(2759, 37, 111),
(24118, 37, 112),
(6267, 37, 113),
(6268, 37, 114),
(6269, 37, 115),
(6270, 37, 116),
(6271, 37, 117),
(6272, 37, 118),
(6273, 37, 119),
(6274, 37, 120),
(8167, 37, 121),
(8168, 37, 122),
(8169, 37, 123),
(8170, 37, 124),
(8171, 37, 125),
(8172, 37, 126),
(8173, 37, 127),
(8174, 37, 128),
(9570, 37, 129),
(9571, 37, 130),
(9572, 37, 131),
(9573, 37, 132),
(9574, 37, 133),
(9575, 37, 134),
(11016, 37, 135),
(11017, 37, 136),
(11018, 37, 137),
(11019, 37, 138),
(11020, 37, 139),
(11021, 37, 140),
(11022, 37, 141),
(12360, 37, 142),
(12361, 37, 143),
(12362, 37, 144),
(12363, 37, 145),
(14600, 37, 146),
(14601, 37, 147),
(14602, 37, 148),
(14603, 37, 149),
(14604, 37, 150),
(14605, 37, 151),
(14606, 37, 152),
(14607, 37, 153),
(14608, 37, 154),
(15327, 37, 155),
(15328, 37, 156),
(15329, 37, 157),
(15330, 37, 158),
(16049, 37, 159),
(16050, 37, 160),
(16051, 37, 161),
(16647, 37, 162),
(17326, 37, 163),
(17327, 37, 164),
(17328, 37, 165),
(17926, 37, 166),
(2760, 37, 167),
(18288, 37, 168),
(18289, 37, 169),
(18290, 37, 170),
(6275, 38, 1),
(6276, 38, 2),
(6277, 38, 3),
(6278, 38, 4),
(6279, 38, 5),
(6280, 38, 6),
(6281, 38, 7),
(18650, 38, 8),
(18755, 38, 9),
(18863, 38, 10),
(6282, 38, 11),
(18970, 38, 12),
(19057, 38, 13),
(2761, 38, 14),
(19163, 38, 15),
(9576, 38, 16),
(19249, 38, 17),
(9577, 38, 18),
(2762, 38, 19),
(19335, 38, 20),
(2763, 38, 21),
(2764, 38, 22),
(2765, 38, 23),
(2766, 38, 24),
(2767, 38, 25),
(2768, 38, 26),
(18485, 38, 27),
(19520, 38, 28),
(19628, 38, 29),
(19736, 38, 30),
(19844, 38, 31),
(2769, 38, 32),
(19952, 38, 33),
(11023, 38, 34),
(11024, 38, 35),
(11025, 38, 36),
(11026, 38, 37),
(20054, 38, 38),
(11027, 38, 39),
(20158, 38, 40),
(16052, 38, 41),
(20265, 38, 42),
(20373, 38, 43),
(20481, 38, 44),
(20589, 38, 45),
(8175, 38, 46),
(8176, 38, 47),
(8177, 38, 48),
(20677, 38, 49),
(20765, 38, 50),
(8178, 38, 51),
(20872, 38, 52),
(20978, 38, 53),
(8179, 38, 54),
(21086, 38, 55),
(21172, 38, 56),
(21280, 38, 57),
(21388, 38, 58),
(21474, 38, 59),
(12364, 38, 60),
(21581, 38, 61),
(21688, 38, 62),
(21789, 38, 63),
(14609, 38, 64),
(21895, 38, 65),
(22002, 38, 66),
(14610, 38, 67),
(14611, 38, 68),
(14612, 38, 69),
(14613, 38, 70),
(14614, 38, 71),
(14615, 38, 72),
(22110, 38, 73),
(17329, 38, 74),
(17330, 38, 75),
(17331, 38, 76),
(22215, 38, 77),
(22321, 38, 78),
(22427, 38, 79),
(22535, 38, 80),
(16648, 38, 81),
(22641, 38, 82),
(22748, 38, 83),
(16053, 38, 84),
(22856, 38, 85),
(22964, 38, 86),
(16054, 38, 87),
(17927, 38, 88),
(23071, 38, 89),
(23178, 38, 90),
(23286, 38, 91),
(23394, 38, 92),
(23502, 38, 93),
(23610, 38, 94),
(23718, 38, 95),
(14616, 38, 96),
(23826, 38, 97),
(23934, 38, 98),
(8180, 38, 99),
(2770, 38, 100),
(2771, 38, 101),
(2772, 38, 102),
(2773, 38, 103),
(2774, 38, 104),
(2775, 38, 105),
(2776, 38, 106),
(2777, 38, 107),
(18486, 38, 108),
(2778, 38, 109),
(2779, 38, 110),
(2780, 38, 111),
(24119, 38, 112),
(6283, 38, 113),
(6284, 38, 114),
(6285, 38, 115),
(6286, 38, 116),
(6287, 38, 117),
(6288, 38, 118),
(6289, 38, 119),
(6290, 38, 120),
(8181, 38, 121),
(8182, 38, 122),
(8183, 38, 123),
(8184, 38, 124),
(8185, 38, 125),
(8186, 38, 126),
(8187, 38, 127),
(8188, 38, 128),
(9578, 38, 129),
(9579, 38, 130),
(9580, 38, 131),
(9581, 38, 132),
(9582, 38, 133),
(9583, 38, 134),
(11028, 38, 135),
(11029, 38, 136),
(11030, 38, 137),
(11031, 38, 138),
(11032, 38, 139),
(11033, 38, 140),
(11034, 38, 141),
(12365, 38, 142),
(12366, 38, 143),
(12367, 38, 144),
(12368, 38, 145),
(14617, 38, 146),
(14618, 38, 147),
(14619, 38, 148),
(14620, 38, 149),
(14621, 38, 150),
(14622, 38, 151),
(14623, 38, 152),
(14624, 38, 153),
(14625, 38, 154),
(15331, 38, 155),
(15332, 38, 156),
(15333, 38, 157),
(15334, 38, 158),
(16055, 38, 159),
(16056, 38, 160),
(16057, 38, 161),
(16649, 38, 162),
(17332, 38, 163),
(17333, 38, 164),
(17334, 38, 165),
(17928, 38, 166),
(2781, 38, 167),
(18291, 38, 168),
(18292, 38, 169),
(18293, 38, 170),
(4696, 39, 1),
(4697, 39, 2),
(4698, 39, 3),
(4699, 39, 4),
(4700, 39, 5),
(4701, 39, 6),
(4702, 39, 7),
(18546, 39, 8),
(18652, 39, 9),
(18758, 39, 10),
(4703, 39, 11),
(18866, 39, 12),
(18972, 39, 13),
(606, 39, 14),
(19058, 39, 15),
(8776, 39, 16),
(19164, 39, 17),
(8777, 39, 18),
(607, 39, 19),
(19250, 39, 20),
(608, 39, 21),
(609, 39, 22),
(610, 39, 23),
(611, 39, 24),
(612, 39, 25),
(613, 39, 26),
(19337, 39, 27),
(19415, 39, 28),
(19523, 39, 29),
(19631, 39, 30),
(19739, 39, 31),
(614, 39, 32),
(19847, 39, 33),
(9805, 39, 34),
(9806, 39, 35),
(9807, 39, 36),
(9808, 39, 37),
(19954, 39, 38),
(9809, 39, 39),
(20056, 39, 40),
(15424, 39, 41),
(20160, 39, 42),
(20268, 39, 43),
(20376, 39, 44),
(20484, 39, 45),
(6741, 39, 46),
(6742, 39, 47),
(6743, 39, 48),
(20590, 39, 49),
(20678, 39, 50),
(6744, 39, 51),
(20768, 39, 52),
(20874, 39, 53),
(6745, 39, 54),
(20981, 39, 55),
(21087, 39, 56),
(21175, 39, 57),
(21283, 39, 58),
(21389, 39, 59),
(11841, 39, 60),
(21476, 39, 61),
(21583, 39, 62),
(21691, 39, 63),
(12886, 39, 64),
(21792, 39, 65),
(21898, 39, 66),
(12887, 39, 67),
(12888, 39, 68),
(12889, 39, 69),
(12890, 39, 70),
(12891, 39, 71),
(12892, 39, 72),
(22005, 39, 73),
(16704, 39, 74),
(16705, 39, 75),
(16706, 39, 76),
(22112, 39, 77),
(22217, 39, 78),
(22323, 39, 79),
(22430, 39, 80),
(16440, 39, 81),
(22537, 39, 82),
(22644, 39, 83),
(15425, 39, 84),
(22751, 39, 85),
(22859, 39, 86),
(15426, 39, 87),
(17718, 39, 88),
(22967, 39, 89),
(23074, 39, 90),
(23181, 39, 91),
(23289, 39, 92),
(23397, 39, 93),
(23505, 39, 94),
(23613, 39, 95),
(12893, 39, 96),
(23721, 39, 97),
(23829, 39, 98),
(6746, 39, 99),
(615, 39, 100),
(616, 39, 101),
(617, 39, 102),
(618, 39, 103),
(619, 39, 104),
(620, 39, 105),
(621, 39, 106),
(622, 39, 107),
(23936, 39, 108),
(623, 39, 109),
(624, 39, 110),
(625, 39, 111),
(24014, 39, 112),
(4704, 39, 113),
(4705, 39, 114),
(4706, 39, 115),
(4707, 39, 116),
(4708, 39, 117),
(4709, 39, 118),
(4710, 39, 119),
(4711, 39, 120),
(6747, 39, 121),
(6748, 39, 122),
(6749, 39, 123),
(6750, 39, 124),
(6751, 39, 125),
(6752, 39, 126),
(6753, 39, 127),
(6754, 39, 128),
(8778, 39, 129),
(8779, 39, 130),
(8780, 39, 131),
(8781, 39, 132),
(8782, 39, 133),
(8783, 39, 134),
(9810, 39, 135),
(9811, 39, 136),
(9812, 39, 137),
(9813, 39, 138),
(9814, 39, 139),
(9815, 39, 140),
(9816, 39, 141),
(11842, 39, 142),
(11843, 39, 143),
(11844, 39, 144),
(11845, 39, 145),
(12894, 39, 146),
(12895, 39, 147),
(12896, 39, 148),
(12897, 39, 149),
(12898, 39, 150),
(12899, 39, 151),
(12900, 39, 152),
(12901, 39, 153),
(12902, 39, 154),
(14911, 39, 155),
(14912, 39, 156),
(14913, 39, 157),
(14914, 39, 158),
(15427, 39, 159),
(15428, 39, 160),
(15429, 39, 161),
(16441, 39, 162),
(16707, 39, 163),
(16708, 39, 164),
(16709, 39, 165),
(17719, 39, 166),
(626, 39, 167),
(17976, 39, 168),
(17977, 39, 169),
(17978, 39, 170),
(4712, 40, 1),
(4713, 40, 2),
(4714, 40, 3),
(4715, 40, 4),
(4716, 40, 5),
(4717, 40, 6),
(4718, 40, 7),
(18547, 40, 8),
(18653, 40, 9),
(18759, 40, 10),
(4719, 40, 11),
(18867, 40, 12),
(18973, 40, 13),
(627, 40, 14),
(19059, 40, 15),
(8784, 40, 16),
(19165, 40, 17),
(8785, 40, 18),
(628, 40, 19),
(19251, 40, 20),
(629, 40, 21),
(630, 40, 22),
(631, 40, 23),
(632, 40, 24),
(633, 40, 25),
(634, 40, 26),
(19338, 40, 27),
(19416, 40, 28),
(19524, 40, 29),
(19632, 40, 30),
(19740, 40, 31),
(635, 40, 32),
(19848, 40, 33),
(9817, 40, 34),
(9818, 40, 35),
(9819, 40, 36),
(9820, 40, 37),
(19955, 40, 38),
(9821, 40, 39),
(20057, 40, 40),
(15430, 40, 41),
(20161, 40, 42),
(20269, 40, 43),
(20377, 40, 44),
(20485, 40, 45),
(6755, 40, 46),
(6756, 40, 47),
(6757, 40, 48),
(20591, 40, 49),
(20679, 40, 50),
(6758, 40, 51),
(20769, 40, 52),
(20875, 40, 53),
(6759, 40, 54),
(20982, 40, 55),
(21088, 40, 56),
(21176, 40, 57),
(21284, 40, 58),
(21390, 40, 59),
(11846, 40, 60),
(21477, 40, 61),
(21584, 40, 62),
(21692, 40, 63),
(12903, 40, 64),
(21793, 40, 65),
(21899, 40, 66),
(12904, 40, 67),
(12905, 40, 68),
(12906, 40, 69),
(12907, 40, 70),
(12908, 40, 71),
(12909, 40, 72),
(22006, 40, 73),
(16710, 40, 74),
(16711, 40, 75),
(16712, 40, 76),
(22113, 40, 77),
(22218, 40, 78),
(22324, 40, 79),
(22431, 40, 80),
(16442, 40, 81),
(22538, 40, 82),
(22645, 40, 83),
(15431, 40, 84),
(22752, 40, 85),
(22860, 40, 86),
(15432, 40, 87),
(17720, 40, 88),
(22968, 40, 89),
(23075, 40, 90),
(23182, 40, 91),
(23290, 40, 92),
(23398, 40, 93),
(23506, 40, 94),
(23614, 40, 95),
(12910, 40, 96),
(23722, 40, 97),
(23830, 40, 98),
(6760, 40, 99),
(636, 40, 100),
(637, 40, 101),
(638, 40, 102),
(639, 40, 103),
(640, 40, 104),
(641, 40, 105),
(642, 40, 106),
(643, 40, 107),
(23937, 40, 108),
(644, 40, 109),
(645, 40, 110),
(646, 40, 111),
(24015, 40, 112),
(4720, 40, 113),
(4721, 40, 114),
(4722, 40, 115),
(4723, 40, 116),
(4724, 40, 117),
(4725, 40, 118),
(4726, 40, 119),
(4727, 40, 120),
(6761, 40, 121),
(6762, 40, 122),
(6763, 40, 123),
(6764, 40, 124),
(6765, 40, 125),
(6766, 40, 126),
(6767, 40, 127),
(6768, 40, 128),
(8786, 40, 129),
(8787, 40, 130),
(8788, 40, 131),
(8789, 40, 132),
(8790, 40, 133),
(8791, 40, 134),
(9822, 40, 135),
(9823, 40, 136),
(9824, 40, 137),
(9825, 40, 138),
(9826, 40, 139),
(9827, 40, 140),
(9828, 40, 141),
(11847, 40, 142),
(11848, 40, 143),
(11849, 40, 144),
(11850, 40, 145),
(12911, 40, 146),
(12912, 40, 147),
(12913, 40, 148),
(12914, 40, 149),
(12915, 40, 150),
(12916, 40, 151),
(12917, 40, 152),
(12918, 40, 153),
(12919, 40, 154),
(14915, 40, 155),
(14916, 40, 156),
(14917, 40, 157),
(14918, 40, 158),
(15433, 40, 159),
(15434, 40, 160),
(15435, 40, 161),
(16443, 40, 162),
(16713, 40, 163),
(16714, 40, 164),
(16715, 40, 165),
(17721, 40, 166),
(647, 40, 167),
(17979, 40, 168),
(17980, 40, 169),
(17981, 40, 170),
(4728, 41, 1),
(4729, 41, 2),
(4730, 41, 3),
(4731, 41, 4),
(4732, 41, 5),
(4733, 41, 6),
(4734, 41, 7),
(18548, 41, 8),
(18654, 41, 9),
(18760, 41, 10),
(4735, 41, 11),
(18868, 41, 12),
(18974, 41, 13),
(648, 41, 14),
(19060, 41, 15),
(8792, 41, 16),
(19166, 41, 17),
(8793, 41, 18),
(649, 41, 19),
(19252, 41, 20),
(650, 41, 21),
(651, 41, 22),
(652, 41, 23),
(653, 41, 24),
(654, 41, 25),
(655, 41, 26),
(19339, 41, 27);
INSERT INTO `universitymajors` (`UMID`, `UniversityID`, `MajorID`) VALUES
(19417, 41, 28),
(19525, 41, 29),
(19633, 41, 30),
(19741, 41, 31),
(656, 41, 32),
(19849, 41, 33),
(9829, 41, 34),
(9830, 41, 35),
(9831, 41, 36),
(9832, 41, 37),
(19956, 41, 38),
(9833, 41, 39),
(20058, 41, 40),
(15436, 41, 41),
(20162, 41, 42),
(20270, 41, 43),
(20378, 41, 44),
(20486, 41, 45),
(6769, 41, 46),
(6770, 41, 47),
(6771, 41, 48),
(20592, 41, 49),
(20680, 41, 50),
(6772, 41, 51),
(20770, 41, 52),
(20876, 41, 53),
(6773, 41, 54),
(20983, 41, 55),
(21089, 41, 56),
(21177, 41, 57),
(21285, 41, 58),
(21391, 41, 59),
(11851, 41, 60),
(21478, 41, 61),
(21585, 41, 62),
(21693, 41, 63),
(12920, 41, 64),
(21794, 41, 65),
(21900, 41, 66),
(12921, 41, 67),
(12922, 41, 68),
(12923, 41, 69),
(12924, 41, 70),
(12925, 41, 71),
(12926, 41, 72),
(22007, 41, 73),
(16716, 41, 74),
(16717, 41, 75),
(16718, 41, 76),
(22114, 41, 77),
(22219, 41, 78),
(22325, 41, 79),
(22432, 41, 80),
(16444, 41, 81),
(22539, 41, 82),
(22646, 41, 83),
(15437, 41, 84),
(22753, 41, 85),
(22861, 41, 86),
(15438, 41, 87),
(17722, 41, 88),
(22969, 41, 89),
(23076, 41, 90),
(23183, 41, 91),
(23291, 41, 92),
(23399, 41, 93),
(23507, 41, 94),
(23615, 41, 95),
(12927, 41, 96),
(23723, 41, 97),
(23831, 41, 98),
(6774, 41, 99),
(657, 41, 100),
(658, 41, 101),
(659, 41, 102),
(660, 41, 103),
(661, 41, 104),
(662, 41, 105),
(663, 41, 106),
(664, 41, 107),
(23938, 41, 108),
(665, 41, 109),
(666, 41, 110),
(667, 41, 111),
(24016, 41, 112),
(4736, 41, 113),
(4737, 41, 114),
(4738, 41, 115),
(4739, 41, 116),
(4740, 41, 117),
(4741, 41, 118),
(4742, 41, 119),
(4743, 41, 120),
(6775, 41, 121),
(6776, 41, 122),
(6777, 41, 123),
(6778, 41, 124),
(6779, 41, 125),
(6780, 41, 126),
(6781, 41, 127),
(6782, 41, 128),
(8794, 41, 129),
(8795, 41, 130),
(8796, 41, 131),
(8797, 41, 132),
(8798, 41, 133),
(8799, 41, 134),
(9834, 41, 135),
(9835, 41, 136),
(9836, 41, 137),
(9837, 41, 138),
(9838, 41, 139),
(9839, 41, 140),
(9840, 41, 141),
(11852, 41, 142),
(11853, 41, 143),
(11854, 41, 144),
(11855, 41, 145),
(12928, 41, 146),
(12929, 41, 147),
(12930, 41, 148),
(12931, 41, 149),
(12932, 41, 150),
(12933, 41, 151),
(12934, 41, 152),
(12935, 41, 153),
(12936, 41, 154),
(14919, 41, 155),
(14920, 41, 156),
(14921, 41, 157),
(14922, 41, 158),
(15439, 41, 159),
(15440, 41, 160),
(15441, 41, 161),
(16445, 41, 162),
(16719, 41, 163),
(16720, 41, 164),
(16721, 41, 165),
(17723, 41, 166),
(668, 41, 167),
(17982, 41, 168),
(17983, 41, 169),
(17984, 41, 170),
(4744, 42, 1),
(4745, 42, 2),
(4746, 42, 3),
(4747, 42, 4),
(4748, 42, 5),
(4749, 42, 6),
(4750, 42, 7),
(18549, 42, 8),
(18655, 42, 9),
(18761, 42, 10),
(4751, 42, 11),
(18869, 42, 12),
(18975, 42, 13),
(669, 42, 14),
(19061, 42, 15),
(8800, 42, 16),
(19167, 42, 17),
(8801, 42, 18),
(670, 42, 19),
(19253, 42, 20),
(671, 42, 21),
(672, 42, 22),
(673, 42, 23),
(674, 42, 24),
(675, 42, 25),
(676, 42, 26),
(19340, 42, 27),
(19418, 42, 28),
(19526, 42, 29),
(19634, 42, 30),
(19742, 42, 31),
(677, 42, 32),
(19850, 42, 33),
(9841, 42, 34),
(9842, 42, 35),
(9843, 42, 36),
(9844, 42, 37),
(19957, 42, 38),
(9845, 42, 39),
(20059, 42, 40),
(15442, 42, 41),
(20163, 42, 42),
(20271, 42, 43),
(20379, 42, 44),
(20487, 42, 45),
(6783, 42, 46),
(6784, 42, 47),
(6785, 42, 48),
(20593, 42, 49),
(20681, 42, 50),
(6786, 42, 51),
(20771, 42, 52),
(20877, 42, 53),
(6787, 42, 54),
(20984, 42, 55),
(21090, 42, 56),
(21178, 42, 57),
(21286, 42, 58),
(21392, 42, 59),
(11856, 42, 60),
(21479, 42, 61),
(21586, 42, 62),
(21694, 42, 63),
(12937, 42, 64),
(21795, 42, 65),
(21901, 42, 66),
(12938, 42, 67),
(12939, 42, 68),
(12940, 42, 69),
(12941, 42, 70),
(12942, 42, 71),
(12943, 42, 72),
(22008, 42, 73),
(16722, 42, 74),
(16723, 42, 75),
(16724, 42, 76),
(22115, 42, 77),
(22220, 42, 78),
(22326, 42, 79),
(22433, 42, 80),
(16446, 42, 81),
(22540, 42, 82),
(22647, 42, 83),
(15443, 42, 84),
(22754, 42, 85),
(22862, 42, 86),
(15444, 42, 87),
(17724, 42, 88),
(22970, 42, 89),
(23077, 42, 90),
(23184, 42, 91),
(23292, 42, 92),
(23400, 42, 93),
(23508, 42, 94),
(23616, 42, 95),
(12944, 42, 96),
(23724, 42, 97),
(23832, 42, 98),
(6788, 42, 99),
(678, 42, 100),
(679, 42, 101),
(680, 42, 102),
(681, 42, 103),
(682, 42, 104),
(683, 42, 105),
(684, 42, 106),
(685, 42, 107),
(23939, 42, 108),
(686, 42, 109),
(687, 42, 110),
(688, 42, 111),
(24017, 42, 112),
(4752, 42, 113),
(4753, 42, 114),
(4754, 42, 115),
(4755, 42, 116),
(4756, 42, 117),
(4757, 42, 118),
(4758, 42, 119),
(4759, 42, 120),
(6789, 42, 121),
(6790, 42, 122),
(6791, 42, 123),
(6792, 42, 124),
(6793, 42, 125),
(6794, 42, 126),
(6795, 42, 127),
(6796, 42, 128),
(8802, 42, 129),
(8803, 42, 130),
(8804, 42, 131),
(8805, 42, 132),
(8806, 42, 133),
(8807, 42, 134),
(9846, 42, 135),
(9847, 42, 136),
(9848, 42, 137),
(9849, 42, 138),
(9850, 42, 139),
(9851, 42, 140),
(9852, 42, 141),
(11857, 42, 142),
(11858, 42, 143),
(11859, 42, 144),
(11860, 42, 145),
(12945, 42, 146),
(12946, 42, 147),
(12947, 42, 148),
(12948, 42, 149),
(12949, 42, 150),
(12950, 42, 151),
(12951, 42, 152),
(12952, 42, 153),
(12953, 42, 154),
(14923, 42, 155),
(14924, 42, 156),
(14925, 42, 157),
(14926, 42, 158),
(15445, 42, 159),
(15446, 42, 160),
(15447, 42, 161),
(16447, 42, 162),
(16725, 42, 163),
(16726, 42, 164),
(16727, 42, 165),
(17725, 42, 166),
(689, 42, 167),
(17985, 42, 168),
(17986, 42, 169),
(17987, 42, 170),
(4760, 43, 1),
(4761, 43, 2),
(4762, 43, 3),
(4763, 43, 4),
(4764, 43, 5),
(4765, 43, 6),
(4766, 43, 7),
(18550, 43, 8),
(18656, 43, 9),
(18762, 43, 10),
(4767, 43, 11),
(18870, 43, 12),
(18976, 43, 13),
(690, 43, 14),
(19062, 43, 15),
(8808, 43, 16),
(19168, 43, 17),
(8809, 43, 18),
(691, 43, 19),
(19254, 43, 20),
(692, 43, 21),
(693, 43, 22),
(694, 43, 23),
(695, 43, 24),
(696, 43, 25),
(697, 43, 26),
(19341, 43, 27),
(19419, 43, 28),
(19527, 43, 29),
(19635, 43, 30),
(19743, 43, 31),
(698, 43, 32),
(19851, 43, 33),
(9853, 43, 34),
(9854, 43, 35),
(9855, 43, 36),
(9856, 43, 37),
(19958, 43, 38),
(9857, 43, 39),
(20060, 43, 40),
(15448, 43, 41),
(20164, 43, 42),
(20272, 43, 43),
(20380, 43, 44),
(20488, 43, 45),
(6797, 43, 46),
(6798, 43, 47),
(6799, 43, 48),
(20594, 43, 49),
(20682, 43, 50),
(6800, 43, 51),
(20772, 43, 52),
(20878, 43, 53),
(6801, 43, 54),
(20985, 43, 55),
(21091, 43, 56),
(21179, 43, 57),
(21287, 43, 58),
(21393, 43, 59),
(11861, 43, 60),
(21480, 43, 61),
(21587, 43, 62),
(21695, 43, 63),
(12954, 43, 64),
(21796, 43, 65),
(21902, 43, 66),
(12955, 43, 67),
(12956, 43, 68),
(12957, 43, 69),
(12958, 43, 70),
(12959, 43, 71),
(12960, 43, 72),
(22009, 43, 73),
(16728, 43, 74),
(16729, 43, 75),
(16730, 43, 76),
(22116, 43, 77),
(22221, 43, 78),
(22327, 43, 79),
(22434, 43, 80),
(16448, 43, 81),
(22541, 43, 82),
(22648, 43, 83),
(15449, 43, 84),
(22755, 43, 85),
(22863, 43, 86),
(15450, 43, 87),
(17726, 43, 88),
(22971, 43, 89),
(23078, 43, 90),
(23185, 43, 91),
(23293, 43, 92),
(23401, 43, 93),
(23509, 43, 94),
(23617, 43, 95),
(12961, 43, 96),
(23725, 43, 97),
(23833, 43, 98),
(6802, 43, 99),
(699, 43, 100),
(700, 43, 101),
(701, 43, 102),
(702, 43, 103),
(703, 43, 104),
(704, 43, 105),
(705, 43, 106),
(706, 43, 107),
(23940, 43, 108),
(707, 43, 109),
(708, 43, 110),
(709, 43, 111),
(24018, 43, 112),
(4768, 43, 113),
(4769, 43, 114),
(4770, 43, 115),
(4771, 43, 116),
(4772, 43, 117),
(4773, 43, 118),
(4774, 43, 119),
(4775, 43, 120),
(6803, 43, 121),
(6804, 43, 122),
(6805, 43, 123),
(6806, 43, 124),
(6807, 43, 125),
(6808, 43, 126),
(6809, 43, 127),
(6810, 43, 128),
(8810, 43, 129),
(8811, 43, 130),
(8812, 43, 131),
(8813, 43, 132),
(8814, 43, 133),
(8815, 43, 134),
(9858, 43, 135),
(9859, 43, 136),
(9860, 43, 137),
(9861, 43, 138),
(9862, 43, 139),
(9863, 43, 140),
(9864, 43, 141),
(11862, 43, 142),
(11863, 43, 143),
(11864, 43, 144),
(11865, 43, 145),
(12962, 43, 146),
(12963, 43, 147),
(12964, 43, 148),
(12965, 43, 149),
(12966, 43, 150),
(12967, 43, 151),
(12968, 43, 152),
(12969, 43, 153),
(12970, 43, 154),
(14927, 43, 155),
(14928, 43, 156),
(14929, 43, 157),
(14930, 43, 158),
(15451, 43, 159),
(15452, 43, 160),
(15453, 43, 161),
(16449, 43, 162),
(16731, 43, 163),
(16732, 43, 164),
(16733, 43, 165),
(17727, 43, 166),
(710, 43, 167),
(17988, 43, 168),
(17989, 43, 169),
(17990, 43, 170),
(4776, 44, 1),
(4777, 44, 2),
(4778, 44, 3),
(4779, 44, 4),
(4780, 44, 5),
(4781, 44, 6),
(4782, 44, 7),
(18551, 44, 8),
(18657, 44, 9),
(18763, 44, 10),
(4783, 44, 11),
(18871, 44, 12),
(18977, 44, 13),
(711, 44, 14),
(19063, 44, 15),
(8816, 44, 16),
(19169, 44, 17),
(8817, 44, 18),
(712, 44, 19),
(19255, 44, 20),
(713, 44, 21),
(714, 44, 22),
(715, 44, 23),
(716, 44, 24),
(717, 44, 25),
(718, 44, 26),
(19342, 44, 27),
(19420, 44, 28),
(19528, 44, 29),
(19636, 44, 30),
(19744, 44, 31),
(719, 44, 32),
(19852, 44, 33),
(9865, 44, 34),
(9866, 44, 35),
(9867, 44, 36),
(9868, 44, 37),
(19959, 44, 38),
(9869, 44, 39),
(20061, 44, 40),
(15454, 44, 41),
(20165, 44, 42),
(20273, 44, 43),
(20381, 44, 44),
(20489, 44, 45),
(6811, 44, 46),
(6812, 44, 47),
(6813, 44, 48),
(20595, 44, 49),
(20683, 44, 50),
(6814, 44, 51),
(20773, 44, 52),
(20879, 44, 53),
(6815, 44, 54),
(20986, 44, 55),
(21092, 44, 56),
(21180, 44, 57),
(21288, 44, 58),
(21394, 44, 59),
(11866, 44, 60),
(21481, 44, 61),
(21588, 44, 62),
(21696, 44, 63),
(12971, 44, 64),
(21797, 44, 65),
(21903, 44, 66),
(12972, 44, 67),
(12973, 44, 68),
(12974, 44, 69),
(12975, 44, 70),
(12976, 44, 71),
(12977, 44, 72),
(22010, 44, 73),
(16734, 44, 74),
(16735, 44, 75),
(16736, 44, 76),
(22117, 44, 77),
(22222, 44, 78),
(22328, 44, 79),
(22435, 44, 80),
(16450, 44, 81),
(22542, 44, 82),
(22649, 44, 83),
(15455, 44, 84),
(22756, 44, 85),
(22864, 44, 86),
(15456, 44, 87),
(17728, 44, 88),
(22972, 44, 89),
(23079, 44, 90),
(23186, 44, 91),
(23294, 44, 92),
(23402, 44, 93),
(23510, 44, 94),
(23618, 44, 95),
(12978, 44, 96),
(23726, 44, 97),
(23834, 44, 98),
(6816, 44, 99),
(720, 44, 100),
(721, 44, 101),
(722, 44, 102),
(723, 44, 103),
(724, 44, 104),
(725, 44, 105),
(726, 44, 106),
(727, 44, 107),
(23941, 44, 108),
(728, 44, 109),
(729, 44, 110),
(730, 44, 111),
(24019, 44, 112),
(4784, 44, 113),
(4785, 44, 114),
(4786, 44, 115),
(4787, 44, 116),
(4788, 44, 117),
(4789, 44, 118),
(4790, 44, 119),
(4791, 44, 120),
(6817, 44, 121),
(6818, 44, 122),
(6819, 44, 123),
(6820, 44, 124),
(6821, 44, 125),
(6822, 44, 126),
(6823, 44, 127),
(6824, 44, 128),
(8818, 44, 129),
(8819, 44, 130),
(8820, 44, 131),
(8821, 44, 132),
(8822, 44, 133),
(8823, 44, 134),
(9870, 44, 135),
(9871, 44, 136),
(9872, 44, 137),
(9873, 44, 138),
(9874, 44, 139),
(9875, 44, 140),
(9876, 44, 141),
(11867, 44, 142),
(11868, 44, 143),
(11869, 44, 144),
(11870, 44, 145),
(12979, 44, 146),
(12980, 44, 147),
(12981, 44, 148),
(12982, 44, 149),
(12983, 44, 150),
(12984, 44, 151),
(12985, 44, 152),
(12986, 44, 153),
(12987, 44, 154),
(14931, 44, 155),
(14932, 44, 156),
(14933, 44, 157),
(14934, 44, 158),
(15457, 44, 159),
(15458, 44, 160),
(15459, 44, 161),
(16451, 44, 162),
(16737, 44, 163),
(16738, 44, 164),
(16739, 44, 165),
(17729, 44, 166),
(731, 44, 167),
(17991, 44, 168),
(17992, 44, 169),
(17993, 44, 170),
(4792, 45, 1),
(4793, 45, 2),
(4794, 45, 3),
(4795, 45, 4),
(4796, 45, 5),
(4797, 45, 6),
(4798, 45, 7),
(18552, 45, 8),
(18658, 45, 9),
(18764, 45, 10),
(4799, 45, 11),
(18872, 45, 12),
(18978, 45, 13),
(732, 45, 14),
(19064, 45, 15),
(8824, 45, 16),
(19170, 45, 17),
(8825, 45, 18),
(733, 45, 19),
(19256, 45, 20),
(734, 45, 21),
(735, 45, 22),
(736, 45, 23),
(737, 45, 24),
(738, 45, 25),
(739, 45, 26),
(19343, 45, 27),
(19421, 45, 28),
(19529, 45, 29),
(19637, 45, 30),
(19745, 45, 31),
(740, 45, 32),
(19853, 45, 33),
(9877, 45, 34),
(9878, 45, 35),
(9879, 45, 36),
(9880, 45, 37),
(19960, 45, 38),
(9881, 45, 39),
(20062, 45, 40),
(15460, 45, 41),
(20166, 45, 42),
(20274, 45, 43),
(20382, 45, 44),
(20490, 45, 45),
(6825, 45, 46),
(6826, 45, 47),
(6827, 45, 48),
(20596, 45, 49),
(20684, 45, 50),
(6828, 45, 51),
(20774, 45, 52),
(20880, 45, 53),
(6829, 45, 54),
(20987, 45, 55),
(21093, 45, 56),
(21181, 45, 57),
(21289, 45, 58),
(21395, 45, 59),
(11871, 45, 60),
(21482, 45, 61),
(21589, 45, 62),
(21697, 45, 63),
(12988, 45, 64),
(21798, 45, 65),
(21904, 45, 66),
(12989, 45, 67),
(12990, 45, 68),
(12991, 45, 69),
(12992, 45, 70),
(12993, 45, 71),
(12994, 45, 72),
(22011, 45, 73),
(16740, 45, 74),
(16741, 45, 75),
(16742, 45, 76),
(22118, 45, 77),
(22223, 45, 78),
(22329, 45, 79),
(22436, 45, 80),
(16452, 45, 81),
(22543, 45, 82),
(22650, 45, 83),
(15461, 45, 84),
(22757, 45, 85),
(22865, 45, 86),
(15462, 45, 87),
(17730, 45, 88),
(22973, 45, 89),
(23080, 45, 90),
(23187, 45, 91),
(23295, 45, 92),
(23403, 45, 93),
(23511, 45, 94),
(23619, 45, 95),
(12995, 45, 96),
(23727, 45, 97),
(23835, 45, 98),
(6830, 45, 99),
(741, 45, 100),
(742, 45, 101),
(743, 45, 102),
(744, 45, 103),
(745, 45, 104),
(746, 45, 105),
(747, 45, 106),
(748, 45, 107),
(23942, 45, 108),
(749, 45, 109),
(750, 45, 110),
(751, 45, 111),
(24020, 45, 112),
(4800, 45, 113),
(4801, 45, 114),
(4802, 45, 115),
(4803, 45, 116),
(4804, 45, 117),
(4805, 45, 118),
(4806, 45, 119),
(4807, 45, 120),
(6831, 45, 121),
(6832, 45, 122),
(6833, 45, 123),
(6834, 45, 124),
(6835, 45, 125),
(6836, 45, 126),
(6837, 45, 127),
(6838, 45, 128),
(8826, 45, 129),
(8827, 45, 130),
(8828, 45, 131),
(8829, 45, 132),
(8830, 45, 133),
(8831, 45, 134),
(9882, 45, 135),
(9883, 45, 136),
(9884, 45, 137),
(9885, 45, 138),
(9886, 45, 139),
(9887, 45, 140),
(9888, 45, 141),
(11872, 45, 142),
(11873, 45, 143),
(11874, 45, 144),
(11875, 45, 145),
(12996, 45, 146),
(12997, 45, 147),
(12998, 45, 148),
(12999, 45, 149),
(13000, 45, 150),
(13001, 45, 151),
(13002, 45, 152),
(13003, 45, 153),
(13004, 45, 154),
(14935, 45, 155),
(14936, 45, 156),
(14937, 45, 157),
(14938, 45, 158),
(15463, 45, 159),
(15464, 45, 160),
(15465, 45, 161),
(16453, 45, 162),
(16743, 45, 163),
(16744, 45, 164),
(16745, 45, 165),
(17731, 45, 166),
(752, 45, 167),
(17994, 45, 168),
(17995, 45, 169),
(17996, 45, 170),
(4808, 46, 1),
(4809, 46, 2),
(4810, 46, 3),
(4811, 46, 4),
(4812, 46, 5),
(4813, 46, 6),
(4814, 46, 7),
(18553, 46, 8),
(18659, 46, 9),
(18765, 46, 10),
(4815, 46, 11),
(18873, 46, 12),
(18979, 46, 13),
(753, 46, 14),
(19065, 46, 15),
(8832, 46, 16),
(19171, 46, 17),
(8833, 46, 18),
(754, 46, 19),
(19257, 46, 20),
(755, 46, 21),
(756, 46, 22),
(757, 46, 23),
(758, 46, 24),
(759, 46, 25),
(760, 46, 26),
(19344, 46, 27),
(19422, 46, 28),
(19530, 46, 29),
(19638, 46, 30),
(19746, 46, 31),
(761, 46, 32),
(19854, 46, 33),
(9889, 46, 34),
(9890, 46, 35),
(9891, 46, 36),
(9892, 46, 37),
(19961, 46, 38),
(9893, 46, 39),
(20063, 46, 40),
(15466, 46, 41),
(20167, 46, 42),
(20275, 46, 43),
(20383, 46, 44),
(20491, 46, 45),
(6839, 46, 46),
(6840, 46, 47),
(6841, 46, 48),
(20597, 46, 49),
(20685, 46, 50),
(6842, 46, 51),
(20775, 46, 52),
(20881, 46, 53),
(6843, 46, 54),
(20988, 46, 55),
(21094, 46, 56),
(21182, 46, 57),
(21290, 46, 58),
(21396, 46, 59),
(11876, 46, 60),
(21483, 46, 61),
(21590, 46, 62),
(21698, 46, 63),
(13005, 46, 64),
(21799, 46, 65),
(21905, 46, 66),
(13006, 46, 67),
(13007, 46, 68),
(13008, 46, 69),
(13009, 46, 70),
(13010, 46, 71),
(13011, 46, 72),
(22012, 46, 73),
(16746, 46, 74),
(16747, 46, 75),
(16748, 46, 76),
(22119, 46, 77),
(22224, 46, 78),
(22330, 46, 79),
(22437, 46, 80),
(16454, 46, 81),
(22544, 46, 82),
(22651, 46, 83),
(15467, 46, 84),
(22758, 46, 85),
(22866, 46, 86),
(15468, 46, 87),
(17732, 46, 88),
(22974, 46, 89),
(23081, 46, 90),
(23188, 46, 91),
(23296, 46, 92),
(23404, 46, 93),
(23512, 46, 94),
(23620, 46, 95),
(13012, 46, 96),
(23728, 46, 97),
(23836, 46, 98),
(6844, 46, 99),
(762, 46, 100),
(763, 46, 101),
(764, 46, 102),
(765, 46, 103),
(766, 46, 104),
(767, 46, 105),
(768, 46, 106),
(769, 46, 107),
(23943, 46, 108),
(770, 46, 109),
(771, 46, 110),
(772, 46, 111),
(24021, 46, 112),
(4816, 46, 113),
(4817, 46, 114),
(4818, 46, 115),
(4819, 46, 116),
(4820, 46, 117),
(4821, 46, 118),
(4822, 46, 119),
(4823, 46, 120),
(6845, 46, 121),
(6846, 46, 122),
(6847, 46, 123),
(6848, 46, 124),
(6849, 46, 125),
(6850, 46, 126),
(6851, 46, 127),
(6852, 46, 128),
(8834, 46, 129),
(8835, 46, 130),
(8836, 46, 131),
(8837, 46, 132),
(8838, 46, 133),
(8839, 46, 134),
(9894, 46, 135),
(9895, 46, 136),
(9896, 46, 137),
(9897, 46, 138),
(9898, 46, 139),
(9899, 46, 140),
(9900, 46, 141),
(11877, 46, 142),
(11878, 46, 143),
(11879, 46, 144),
(11880, 46, 145),
(13013, 46, 146),
(13014, 46, 147),
(13015, 46, 148),
(13016, 46, 149),
(13017, 46, 150),
(13018, 46, 151),
(13019, 46, 152),
(13020, 46, 153),
(13021, 46, 154),
(14939, 46, 155),
(14940, 46, 156),
(14941, 46, 157),
(14942, 46, 158),
(15469, 46, 159),
(15470, 46, 160),
(15471, 46, 161),
(16455, 46, 162),
(16749, 46, 163),
(16750, 46, 164),
(16751, 46, 165),
(17733, 46, 166),
(773, 46, 167),
(17997, 46, 168),
(17998, 46, 169),
(17999, 46, 170),
(4824, 47, 1),
(4825, 47, 2),
(4826, 47, 3),
(4827, 47, 4),
(4828, 47, 5),
(4829, 47, 6),
(4830, 47, 7),
(18554, 47, 8),
(18660, 47, 9),
(18766, 47, 10),
(4831, 47, 11),
(18874, 47, 12),
(18980, 47, 13),
(774, 47, 14),
(19066, 47, 15),
(8840, 47, 16),
(19172, 47, 17),
(8841, 47, 18),
(775, 47, 19),
(19258, 47, 20),
(776, 47, 21),
(777, 47, 22),
(778, 47, 23),
(779, 47, 24),
(780, 47, 25),
(781, 47, 26),
(19345, 47, 27),
(19423, 47, 28),
(19531, 47, 29),
(19639, 47, 30),
(19747, 47, 31),
(782, 47, 32),
(19855, 47, 33),
(9901, 47, 34),
(9902, 47, 35),
(9903, 47, 36),
(9904, 47, 37),
(19962, 47, 38),
(9905, 47, 39),
(20064, 47, 40),
(15472, 47, 41),
(20168, 47, 42),
(20276, 47, 43),
(20384, 47, 44),
(20492, 47, 45),
(6853, 47, 46),
(6854, 47, 47),
(6855, 47, 48),
(20598, 47, 49),
(20686, 47, 50),
(6856, 47, 51),
(20776, 47, 52),
(20882, 47, 53),
(6857, 47, 54),
(20989, 47, 55),
(21095, 47, 56),
(21183, 47, 57),
(21291, 47, 58),
(21397, 47, 59),
(11881, 47, 60),
(21484, 47, 61),
(21591, 47, 62),
(21699, 47, 63),
(13022, 47, 64),
(21800, 47, 65),
(21906, 47, 66),
(13023, 47, 67),
(13024, 47, 68),
(13025, 47, 69),
(13026, 47, 70),
(13027, 47, 71),
(13028, 47, 72),
(22013, 47, 73),
(16752, 47, 74),
(16753, 47, 75),
(16754, 47, 76),
(22120, 47, 77),
(22225, 47, 78),
(22331, 47, 79),
(22438, 47, 80),
(16456, 47, 81),
(22545, 47, 82),
(22652, 47, 83),
(15473, 47, 84),
(22759, 47, 85),
(22867, 47, 86),
(15474, 47, 87),
(17734, 47, 88),
(22975, 47, 89),
(23082, 47, 90),
(23189, 47, 91),
(23297, 47, 92),
(23405, 47, 93),
(23513, 47, 94),
(23621, 47, 95),
(13029, 47, 96),
(23729, 47, 97),
(23837, 47, 98),
(6858, 47, 99),
(783, 47, 100),
(784, 47, 101),
(785, 47, 102),
(786, 47, 103),
(787, 47, 104),
(788, 47, 105),
(789, 47, 106),
(790, 47, 107),
(23944, 47, 108),
(791, 47, 109),
(792, 47, 110),
(793, 47, 111),
(24022, 47, 112),
(4832, 47, 113),
(4833, 47, 114),
(4834, 47, 115),
(4835, 47, 116),
(4836, 47, 117),
(4837, 47, 118),
(4838, 47, 119),
(4839, 47, 120),
(6859, 47, 121),
(6860, 47, 122),
(6861, 47, 123),
(6862, 47, 124),
(6863, 47, 125),
(6864, 47, 126),
(6865, 47, 127),
(6866, 47, 128),
(8842, 47, 129),
(8843, 47, 130),
(8844, 47, 131),
(8845, 47, 132),
(8846, 47, 133),
(8847, 47, 134),
(9906, 47, 135),
(9907, 47, 136),
(9908, 47, 137),
(9909, 47, 138),
(9910, 47, 139),
(9911, 47, 140),
(9912, 47, 141),
(11882, 47, 142),
(11883, 47, 143),
(11884, 47, 144),
(11885, 47, 145),
(13030, 47, 146),
(13031, 47, 147),
(13032, 47, 148),
(13033, 47, 149),
(13034, 47, 150),
(13035, 47, 151),
(13036, 47, 152),
(13037, 47, 153),
(13038, 47, 154),
(14943, 47, 155),
(14944, 47, 156),
(14945, 47, 157),
(14946, 47, 158),
(15475, 47, 159),
(15476, 47, 160),
(15477, 47, 161),
(16457, 47, 162),
(16755, 47, 163),
(16756, 47, 164),
(16757, 47, 165),
(17735, 47, 166),
(794, 47, 167),
(18000, 47, 168),
(18001, 47, 169),
(18002, 47, 170),
(4840, 48, 1),
(4841, 48, 2),
(4842, 48, 3),
(4843, 48, 4),
(4844, 48, 5),
(4845, 48, 6),
(4846, 48, 7),
(18555, 48, 8),
(18661, 48, 9),
(18767, 48, 10),
(4847, 48, 11),
(18875, 48, 12),
(18981, 48, 13),
(795, 48, 14),
(19067, 48, 15),
(8848, 48, 16),
(19173, 48, 17),
(8849, 48, 18),
(796, 48, 19),
(19259, 48, 20),
(797, 48, 21),
(798, 48, 22),
(799, 48, 23),
(800, 48, 24),
(801, 48, 25),
(802, 48, 26),
(19346, 48, 27),
(19424, 48, 28),
(19532, 48, 29),
(19640, 48, 30),
(19748, 48, 31),
(803, 48, 32),
(19856, 48, 33),
(9913, 48, 34),
(9914, 48, 35),
(9915, 48, 36),
(9916, 48, 37),
(19963, 48, 38),
(9917, 48, 39),
(20065, 48, 40),
(15478, 48, 41),
(20169, 48, 42),
(20277, 48, 43),
(20385, 48, 44),
(20493, 48, 45),
(6867, 48, 46),
(6868, 48, 47),
(6869, 48, 48),
(20599, 48, 49),
(20687, 48, 50),
(6870, 48, 51),
(20777, 48, 52),
(20883, 48, 53),
(6871, 48, 54),
(20990, 48, 55),
(21096, 48, 56),
(21184, 48, 57),
(21292, 48, 58),
(21398, 48, 59),
(11886, 48, 60),
(21485, 48, 61),
(21592, 48, 62),
(21700, 48, 63),
(13039, 48, 64),
(21801, 48, 65),
(21907, 48, 66),
(13040, 48, 67),
(13041, 48, 68),
(13042, 48, 69),
(13043, 48, 70),
(13044, 48, 71),
(13045, 48, 72),
(22014, 48, 73),
(16758, 48, 74),
(16759, 48, 75),
(16760, 48, 76),
(22121, 48, 77),
(22226, 48, 78),
(22332, 48, 79),
(22439, 48, 80),
(16458, 48, 81),
(22546, 48, 82),
(22653, 48, 83),
(15479, 48, 84),
(22760, 48, 85),
(22868, 48, 86),
(15480, 48, 87),
(17736, 48, 88),
(22976, 48, 89),
(23083, 48, 90),
(23190, 48, 91),
(23298, 48, 92),
(23406, 48, 93),
(23514, 48, 94),
(23622, 48, 95),
(13046, 48, 96),
(23730, 48, 97),
(23838, 48, 98),
(6872, 48, 99),
(804, 48, 100),
(805, 48, 101),
(806, 48, 102),
(807, 48, 103),
(808, 48, 104),
(809, 48, 105),
(810, 48, 106),
(811, 48, 107),
(23945, 48, 108),
(812, 48, 109),
(813, 48, 110),
(814, 48, 111),
(24023, 48, 112),
(4848, 48, 113),
(4849, 48, 114),
(4850, 48, 115),
(4851, 48, 116),
(4852, 48, 117),
(4853, 48, 118),
(4854, 48, 119),
(4855, 48, 120),
(6873, 48, 121),
(6874, 48, 122),
(6875, 48, 123),
(6876, 48, 124),
(6877, 48, 125),
(6878, 48, 126),
(6879, 48, 127),
(6880, 48, 128),
(8850, 48, 129),
(8851, 48, 130),
(8852, 48, 131),
(8853, 48, 132),
(8854, 48, 133),
(8855, 48, 134),
(9918, 48, 135),
(9919, 48, 136),
(9920, 48, 137),
(9921, 48, 138),
(9922, 48, 139),
(9923, 48, 140),
(9924, 48, 141),
(11887, 48, 142),
(11888, 48, 143),
(11889, 48, 144),
(11890, 48, 145),
(13047, 48, 146),
(13048, 48, 147),
(13049, 48, 148),
(13050, 48, 149),
(13051, 48, 150),
(13052, 48, 151),
(13053, 48, 152),
(13054, 48, 153),
(13055, 48, 154),
(14947, 48, 155),
(14948, 48, 156),
(14949, 48, 157),
(14950, 48, 158),
(15481, 48, 159),
(15482, 48, 160),
(15483, 48, 161),
(16459, 48, 162),
(16761, 48, 163),
(16762, 48, 164),
(16763, 48, 165),
(17737, 48, 166),
(815, 48, 167),
(18003, 48, 168),
(18004, 48, 169),
(18005, 48, 170),
(4856, 49, 1),
(4857, 49, 2),
(4858, 49, 3),
(4859, 49, 4),
(4860, 49, 5),
(4861, 49, 6),
(4862, 49, 7),
(18556, 49, 8),
(18662, 49, 9),
(18768, 49, 10),
(4863, 49, 11),
(18876, 49, 12),
(18982, 49, 13),
(816, 49, 14),
(19068, 49, 15),
(8856, 49, 16),
(19174, 49, 17),
(8857, 49, 18),
(817, 49, 19),
(19260, 49, 20),
(818, 49, 21),
(819, 49, 22),
(820, 49, 23),
(821, 49, 24),
(822, 49, 25),
(823, 49, 26),
(19347, 49, 27),
(19425, 49, 28),
(19533, 49, 29),
(19641, 49, 30),
(19749, 49, 31),
(824, 49, 32),
(19857, 49, 33),
(9925, 49, 34),
(9926, 49, 35),
(9927, 49, 36),
(9928, 49, 37),
(19964, 49, 38),
(9929, 49, 39),
(20066, 49, 40),
(15484, 49, 41),
(20170, 49, 42),
(20278, 49, 43),
(20386, 49, 44),
(20494, 49, 45),
(6881, 49, 46),
(6882, 49, 47),
(6883, 49, 48),
(20600, 49, 49),
(20688, 49, 50),
(6884, 49, 51),
(20778, 49, 52),
(20884, 49, 53),
(6885, 49, 54),
(20991, 49, 55),
(21097, 49, 56),
(21185, 49, 57),
(21293, 49, 58),
(21399, 49, 59),
(11891, 49, 60),
(21486, 49, 61),
(21593, 49, 62),
(21701, 49, 63),
(13056, 49, 64),
(21802, 49, 65),
(21908, 49, 66),
(13057, 49, 67),
(13058, 49, 68),
(13059, 49, 69),
(13060, 49, 70),
(13061, 49, 71),
(13062, 49, 72),
(22015, 49, 73),
(16764, 49, 74),
(16765, 49, 75),
(16766, 49, 76),
(22122, 49, 77),
(22227, 49, 78),
(22333, 49, 79),
(22440, 49, 80),
(16460, 49, 81),
(22547, 49, 82),
(22654, 49, 83),
(15485, 49, 84),
(22761, 49, 85),
(22869, 49, 86),
(15486, 49, 87),
(17738, 49, 88),
(22977, 49, 89),
(23084, 49, 90),
(23191, 49, 91),
(23299, 49, 92),
(23407, 49, 93),
(23515, 49, 94),
(23623, 49, 95),
(13063, 49, 96),
(23731, 49, 97),
(23839, 49, 98),
(6886, 49, 99),
(825, 49, 100),
(826, 49, 101),
(827, 49, 102),
(828, 49, 103),
(829, 49, 104),
(830, 49, 105),
(831, 49, 106),
(832, 49, 107),
(23946, 49, 108),
(833, 49, 109),
(834, 49, 110),
(835, 49, 111),
(24024, 49, 112),
(4864, 49, 113),
(4865, 49, 114),
(4866, 49, 115),
(4867, 49, 116),
(4868, 49, 117),
(4869, 49, 118),
(4870, 49, 119),
(4871, 49, 120),
(6887, 49, 121),
(6888, 49, 122),
(6889, 49, 123),
(6890, 49, 124),
(6891, 49, 125),
(6892, 49, 126),
(6893, 49, 127),
(6894, 49, 128),
(8858, 49, 129),
(8859, 49, 130),
(8860, 49, 131),
(8861, 49, 132),
(8862, 49, 133),
(8863, 49, 134),
(9930, 49, 135),
(9931, 49, 136),
(9932, 49, 137),
(9933, 49, 138),
(9934, 49, 139),
(9935, 49, 140),
(9936, 49, 141),
(11892, 49, 142),
(11893, 49, 143),
(11894, 49, 144),
(11895, 49, 145),
(13064, 49, 146),
(13065, 49, 147),
(13066, 49, 148),
(13067, 49, 149),
(13068, 49, 150),
(13069, 49, 151),
(13070, 49, 152),
(13071, 49, 153),
(13072, 49, 154),
(14951, 49, 155),
(14952, 49, 156),
(14953, 49, 157),
(14954, 49, 158),
(15487, 49, 159),
(15488, 49, 160),
(15489, 49, 161),
(16461, 49, 162),
(16767, 49, 163),
(16768, 49, 164),
(16769, 49, 165),
(17739, 49, 166),
(836, 49, 167),
(18006, 49, 168),
(18007, 49, 169),
(18008, 49, 170),
(4872, 50, 1),
(4873, 50, 2),
(4874, 50, 3),
(4875, 50, 4),
(4876, 50, 5),
(4877, 50, 6),
(4878, 50, 7),
(18557, 50, 8),
(18663, 50, 9),
(18769, 50, 10),
(4879, 50, 11),
(18877, 50, 12),
(18983, 50, 13),
(837, 50, 14),
(19069, 50, 15),
(8864, 50, 16),
(19175, 50, 17),
(8865, 50, 18),
(838, 50, 19),
(19261, 50, 20),
(839, 50, 21),
(840, 50, 22),
(841, 50, 23),
(842, 50, 24),
(843, 50, 25),
(844, 50, 26),
(19348, 50, 27),
(19426, 50, 28),
(19534, 50, 29),
(19642, 50, 30),
(19750, 50, 31),
(845, 50, 32),
(19858, 50, 33),
(9937, 50, 34),
(9938, 50, 35),
(9939, 50, 36),
(9940, 50, 37),
(19965, 50, 38),
(9941, 50, 39),
(20067, 50, 40),
(15490, 50, 41),
(20171, 50, 42),
(20279, 50, 43),
(20387, 50, 44),
(20495, 50, 45),
(6895, 50, 46),
(6896, 50, 47),
(6897, 50, 48),
(20601, 50, 49),
(20689, 50, 50),
(6898, 50, 51),
(20779, 50, 52),
(20885, 50, 53),
(6899, 50, 54),
(20992, 50, 55),
(21098, 50, 56),
(21186, 50, 57),
(21294, 50, 58),
(21400, 50, 59),
(11896, 50, 60),
(21487, 50, 61),
(21594, 50, 62),
(21702, 50, 63),
(13073, 50, 64),
(21803, 50, 65),
(21909, 50, 66),
(13074, 50, 67),
(13075, 50, 68),
(13076, 50, 69),
(13077, 50, 70),
(13078, 50, 71),
(13079, 50, 72),
(22016, 50, 73),
(16770, 50, 74),
(16771, 50, 75),
(16772, 50, 76),
(22123, 50, 77),
(22228, 50, 78),
(22334, 50, 79),
(22441, 50, 80),
(16462, 50, 81),
(22548, 50, 82),
(22655, 50, 83),
(15491, 50, 84),
(22762, 50, 85),
(22870, 50, 86),
(15492, 50, 87),
(17740, 50, 88),
(22978, 50, 89),
(23085, 50, 90),
(23192, 50, 91),
(23300, 50, 92),
(23408, 50, 93),
(23516, 50, 94),
(23624, 50, 95),
(13080, 50, 96),
(23732, 50, 97),
(23840, 50, 98),
(6900, 50, 99),
(846, 50, 100),
(847, 50, 101),
(848, 50, 102),
(849, 50, 103),
(850, 50, 104),
(851, 50, 105),
(852, 50, 106),
(853, 50, 107),
(23947, 50, 108),
(854, 50, 109),
(855, 50, 110),
(856, 50, 111),
(24025, 50, 112),
(4880, 50, 113),
(4881, 50, 114),
(4882, 50, 115),
(4883, 50, 116),
(4884, 50, 117),
(4885, 50, 118),
(4886, 50, 119),
(4887, 50, 120),
(6901, 50, 121),
(6902, 50, 122),
(6903, 50, 123),
(6904, 50, 124),
(6905, 50, 125),
(6906, 50, 126),
(6907, 50, 127),
(6908, 50, 128),
(8866, 50, 129),
(8867, 50, 130),
(8868, 50, 131),
(8869, 50, 132),
(8870, 50, 133),
(8871, 50, 134),
(9942, 50, 135),
(9943, 50, 136),
(9944, 50, 137),
(9945, 50, 138),
(9946, 50, 139),
(9947, 50, 140),
(9948, 50, 141),
(11897, 50, 142),
(11898, 50, 143),
(11899, 50, 144),
(11900, 50, 145),
(13081, 50, 146),
(13082, 50, 147),
(13083, 50, 148),
(13084, 50, 149),
(13085, 50, 150),
(13086, 50, 151),
(13087, 50, 152),
(13088, 50, 153),
(13089, 50, 154),
(14955, 50, 155),
(14956, 50, 156),
(14957, 50, 157),
(14958, 50, 158),
(15493, 50, 159),
(15494, 50, 160),
(15495, 50, 161),
(16463, 50, 162),
(16773, 50, 163),
(16774, 50, 164),
(16775, 50, 165),
(17741, 50, 166),
(857, 50, 167),
(18009, 50, 168),
(18010, 50, 169),
(18011, 50, 170),
(4888, 51, 1),
(4889, 51, 2),
(4890, 51, 3),
(4891, 51, 4),
(4892, 51, 5),
(4893, 51, 6),
(4894, 51, 7),
(18558, 51, 8),
(18664, 51, 9),
(18770, 51, 10),
(4895, 51, 11),
(18878, 51, 12),
(18984, 51, 13),
(858, 51, 14),
(19070, 51, 15),
(8872, 51, 16),
(19176, 51, 17),
(8873, 51, 18),
(859, 51, 19),
(19262, 51, 20),
(860, 51, 21),
(861, 51, 22),
(862, 51, 23),
(863, 51, 24),
(864, 51, 25),
(865, 51, 26),
(19349, 51, 27),
(19427, 51, 28),
(19535, 51, 29),
(19643, 51, 30),
(19751, 51, 31),
(866, 51, 32),
(19859, 51, 33),
(9949, 51, 34),
(9950, 51, 35),
(9951, 51, 36),
(9952, 51, 37),
(19966, 51, 38),
(9953, 51, 39),
(20068, 51, 40),
(15496, 51, 41),
(20172, 51, 42),
(20280, 51, 43),
(20388, 51, 44),
(20496, 51, 45),
(6909, 51, 46),
(6910, 51, 47),
(6911, 51, 48),
(20602, 51, 49),
(20690, 51, 50),
(6912, 51, 51),
(20780, 51, 52),
(20886, 51, 53),
(6913, 51, 54),
(20993, 51, 55),
(21099, 51, 56),
(21187, 51, 57),
(21295, 51, 58),
(21401, 51, 59),
(11901, 51, 60),
(21488, 51, 61),
(21595, 51, 62),
(21703, 51, 63),
(13090, 51, 64),
(21804, 51, 65),
(21910, 51, 66),
(13091, 51, 67),
(13092, 51, 68),
(13093, 51, 69),
(13094, 51, 70),
(13095, 51, 71),
(13096, 51, 72),
(22017, 51, 73),
(16776, 51, 74),
(16777, 51, 75),
(16778, 51, 76),
(22124, 51, 77),
(22229, 51, 78),
(22335, 51, 79),
(22442, 51, 80),
(16464, 51, 81),
(22549, 51, 82),
(22656, 51, 83),
(15497, 51, 84),
(22763, 51, 85),
(22871, 51, 86),
(15498, 51, 87),
(17742, 51, 88),
(22979, 51, 89),
(23086, 51, 90),
(23193, 51, 91),
(23301, 51, 92),
(23409, 51, 93),
(23517, 51, 94),
(23625, 51, 95),
(13097, 51, 96),
(23733, 51, 97),
(23841, 51, 98),
(6914, 51, 99),
(867, 51, 100),
(868, 51, 101),
(869, 51, 102),
(870, 51, 103),
(871, 51, 104),
(872, 51, 105),
(873, 51, 106),
(874, 51, 107),
(23948, 51, 108),
(875, 51, 109),
(876, 51, 110),
(877, 51, 111),
(24026, 51, 112),
(4896, 51, 113),
(4897, 51, 114),
(4898, 51, 115),
(4899, 51, 116),
(4900, 51, 117),
(4901, 51, 118),
(4902, 51, 119),
(4903, 51, 120),
(6915, 51, 121),
(6916, 51, 122),
(6917, 51, 123),
(6918, 51, 124),
(6919, 51, 125),
(6920, 51, 126),
(6921, 51, 127),
(6922, 51, 128),
(8874, 51, 129),
(8875, 51, 130),
(8876, 51, 131),
(8877, 51, 132),
(8878, 51, 133),
(8879, 51, 134),
(9954, 51, 135),
(9955, 51, 136),
(9956, 51, 137),
(9957, 51, 138),
(9958, 51, 139),
(9959, 51, 140),
(9960, 51, 141),
(11902, 51, 142),
(11903, 51, 143),
(11904, 51, 144),
(11905, 51, 145),
(13098, 51, 146),
(13099, 51, 147),
(13100, 51, 148),
(13101, 51, 149),
(13102, 51, 150),
(13103, 51, 151),
(13104, 51, 152),
(13105, 51, 153),
(13106, 51, 154),
(14959, 51, 155),
(14960, 51, 156),
(14961, 51, 157),
(14962, 51, 158),
(15499, 51, 159),
(15500, 51, 160),
(15501, 51, 161),
(16465, 51, 162),
(16779, 51, 163),
(16780, 51, 164),
(16781, 51, 165),
(17743, 51, 166),
(878, 51, 167),
(18012, 51, 168),
(18013, 51, 169),
(18014, 51, 170),
(4904, 52, 1),
(4905, 52, 2),
(4906, 52, 3),
(4907, 52, 4),
(4908, 52, 5),
(4909, 52, 6),
(4910, 52, 7),
(18559, 52, 8),
(18665, 52, 9),
(18771, 52, 10),
(4911, 52, 11),
(18879, 52, 12),
(18985, 52, 13),
(879, 52, 14),
(19071, 52, 15),
(8880, 52, 16),
(19177, 52, 17),
(8881, 52, 18),
(880, 52, 19),
(19263, 52, 20),
(881, 52, 21),
(882, 52, 22),
(883, 52, 23),
(884, 52, 24),
(885, 52, 25),
(886, 52, 26),
(19350, 52, 27),
(19428, 52, 28),
(19536, 52, 29),
(19644, 52, 30),
(19752, 52, 31),
(887, 52, 32),
(19860, 52, 33),
(9961, 52, 34),
(9962, 52, 35),
(9963, 52, 36),
(9964, 52, 37),
(19967, 52, 38),
(9965, 52, 39),
(20069, 52, 40),
(15502, 52, 41),
(20173, 52, 42),
(20281, 52, 43),
(20389, 52, 44),
(20497, 52, 45),
(6923, 52, 46),
(6924, 52, 47),
(6925, 52, 48),
(20603, 52, 49),
(20691, 52, 50),
(6926, 52, 51),
(20781, 52, 52),
(20887, 52, 53),
(6927, 52, 54),
(20994, 52, 55),
(21100, 52, 56),
(21188, 52, 57),
(21296, 52, 58),
(21402, 52, 59),
(11906, 52, 60),
(21489, 52, 61),
(21596, 52, 62),
(21704, 52, 63),
(13107, 52, 64),
(21805, 52, 65),
(21911, 52, 66),
(13108, 52, 67),
(13109, 52, 68),
(13110, 52, 69),
(13111, 52, 70),
(13112, 52, 71),
(13113, 52, 72),
(22018, 52, 73),
(16782, 52, 74),
(16783, 52, 75),
(16784, 52, 76),
(22125, 52, 77),
(22230, 52, 78),
(22336, 52, 79),
(22443, 52, 80),
(16466, 52, 81),
(22550, 52, 82),
(22657, 52, 83),
(15503, 52, 84),
(22764, 52, 85),
(22872, 52, 86),
(15504, 52, 87),
(17744, 52, 88),
(22980, 52, 89),
(23087, 52, 90),
(23194, 52, 91),
(23302, 52, 92),
(23410, 52, 93),
(23518, 52, 94),
(23626, 52, 95),
(13114, 52, 96),
(23734, 52, 97),
(23842, 52, 98),
(6928, 52, 99),
(888, 52, 100),
(889, 52, 101),
(890, 52, 102),
(891, 52, 103),
(892, 52, 104),
(893, 52, 105),
(894, 52, 106),
(895, 52, 107),
(23949, 52, 108),
(896, 52, 109),
(897, 52, 110),
(898, 52, 111),
(24027, 52, 112),
(4912, 52, 113),
(4913, 52, 114),
(4914, 52, 115),
(4915, 52, 116),
(4916, 52, 117),
(4917, 52, 118),
(4918, 52, 119),
(4919, 52, 120),
(6929, 52, 121),
(6930, 52, 122),
(6931, 52, 123),
(6932, 52, 124),
(6933, 52, 125),
(6934, 52, 126),
(6935, 52, 127),
(6936, 52, 128),
(8882, 52, 129),
(8883, 52, 130),
(8884, 52, 131),
(8885, 52, 132),
(8886, 52, 133),
(8887, 52, 134),
(9966, 52, 135),
(9967, 52, 136),
(9968, 52, 137),
(9969, 52, 138),
(9970, 52, 139),
(9971, 52, 140),
(9972, 52, 141),
(11907, 52, 142),
(11908, 52, 143),
(11909, 52, 144),
(11910, 52, 145),
(13115, 52, 146),
(13116, 52, 147),
(13117, 52, 148),
(13118, 52, 149),
(13119, 52, 150),
(13120, 52, 151),
(13121, 52, 152),
(13122, 52, 153),
(13123, 52, 154),
(14963, 52, 155),
(14964, 52, 156),
(14965, 52, 157),
(14966, 52, 158),
(15505, 52, 159),
(15506, 52, 160),
(15507, 52, 161),
(16467, 52, 162),
(16785, 52, 163),
(16786, 52, 164),
(16787, 52, 165),
(17745, 52, 166),
(899, 52, 167),
(18015, 52, 168),
(18016, 52, 169),
(18017, 52, 170),
(4920, 53, 1),
(4921, 53, 2),
(4922, 53, 3),
(4923, 53, 4),
(4924, 53, 5),
(4925, 53, 6),
(4926, 53, 7),
(18560, 53, 8),
(18666, 53, 9),
(18772, 53, 10),
(4927, 53, 11),
(18880, 53, 12),
(18986, 53, 13),
(900, 53, 14),
(19072, 53, 15),
(8888, 53, 16),
(19178, 53, 17),
(8889, 53, 18),
(901, 53, 19),
(19264, 53, 20),
(902, 53, 21),
(903, 53, 22),
(904, 53, 23),
(905, 53, 24),
(906, 53, 25),
(907, 53, 26),
(19351, 53, 27),
(19429, 53, 28),
(19537, 53, 29),
(19645, 53, 30),
(19753, 53, 31),
(908, 53, 32),
(19861, 53, 33),
(9973, 53, 34),
(9974, 53, 35),
(9975, 53, 36),
(9976, 53, 37),
(19968, 53, 38),
(9977, 53, 39),
(20070, 53, 40),
(15508, 53, 41),
(20174, 53, 42),
(20282, 53, 43),
(20390, 53, 44),
(20498, 53, 45),
(6937, 53, 46),
(6938, 53, 47),
(6939, 53, 48),
(20604, 53, 49),
(20692, 53, 50),
(6940, 53, 51),
(20782, 53, 52),
(20888, 53, 53),
(6941, 53, 54),
(20995, 53, 55),
(21101, 53, 56),
(21189, 53, 57),
(21297, 53, 58),
(21403, 53, 59),
(11911, 53, 60),
(21490, 53, 61),
(21597, 53, 62),
(21705, 53, 63),
(13124, 53, 64),
(21806, 53, 65),
(21912, 53, 66),
(13125, 53, 67),
(13126, 53, 68),
(13127, 53, 69),
(13128, 53, 70),
(13129, 53, 71),
(13130, 53, 72),
(22019, 53, 73),
(16788, 53, 74),
(16789, 53, 75),
(16790, 53, 76),
(22126, 53, 77),
(22231, 53, 78),
(22337, 53, 79),
(22444, 53, 80),
(16468, 53, 81),
(22551, 53, 82),
(22658, 53, 83),
(15509, 53, 84),
(22765, 53, 85),
(22873, 53, 86),
(15510, 53, 87),
(17746, 53, 88),
(22981, 53, 89),
(23088, 53, 90),
(23195, 53, 91),
(23303, 53, 92),
(23411, 53, 93),
(23519, 53, 94),
(23627, 53, 95),
(13131, 53, 96),
(23735, 53, 97),
(23843, 53, 98),
(6942, 53, 99),
(909, 53, 100),
(910, 53, 101),
(911, 53, 102),
(912, 53, 103),
(913, 53, 104),
(914, 53, 105),
(915, 53, 106),
(916, 53, 107),
(23950, 53, 108),
(917, 53, 109),
(918, 53, 110),
(919, 53, 111),
(24028, 53, 112),
(4928, 53, 113),
(4929, 53, 114),
(4930, 53, 115),
(4931, 53, 116),
(4932, 53, 117),
(4933, 53, 118),
(4934, 53, 119),
(4935, 53, 120),
(6943, 53, 121),
(6944, 53, 122),
(6945, 53, 123),
(6946, 53, 124),
(6947, 53, 125),
(6948, 53, 126),
(6949, 53, 127),
(6950, 53, 128),
(8890, 53, 129),
(8891, 53, 130),
(8892, 53, 131),
(8893, 53, 132),
(8894, 53, 133),
(8895, 53, 134),
(9978, 53, 135),
(9979, 53, 136),
(9980, 53, 137),
(9981, 53, 138),
(9982, 53, 139),
(9983, 53, 140),
(9984, 53, 141),
(11912, 53, 142),
(11913, 53, 143),
(11914, 53, 144),
(11915, 53, 145),
(13132, 53, 146),
(13133, 53, 147),
(13134, 53, 148),
(13135, 53, 149),
(13136, 53, 150),
(13137, 53, 151),
(13138, 53, 152),
(13139, 53, 153),
(13140, 53, 154),
(14967, 53, 155),
(14968, 53, 156),
(14969, 53, 157),
(14970, 53, 158),
(15511, 53, 159),
(15512, 53, 160),
(15513, 53, 161),
(16469, 53, 162),
(16791, 53, 163),
(16792, 53, 164),
(16793, 53, 165),
(17747, 53, 166),
(920, 53, 167),
(18018, 53, 168),
(18019, 53, 169),
(18020, 53, 170),
(4936, 54, 1),
(4937, 54, 2),
(4938, 54, 3),
(4939, 54, 4),
(4940, 54, 5),
(4941, 54, 6),
(4942, 54, 7),
(18561, 54, 8),
(18667, 54, 9),
(18773, 54, 10),
(4943, 54, 11),
(18881, 54, 12),
(18987, 54, 13),
(921, 54, 14),
(19073, 54, 15),
(8896, 54, 16),
(19179, 54, 17),
(8897, 54, 18),
(922, 54, 19),
(19265, 54, 20),
(923, 54, 21),
(924, 54, 22),
(925, 54, 23),
(926, 54, 24),
(927, 54, 25),
(928, 54, 26),
(19352, 54, 27),
(19430, 54, 28),
(19538, 54, 29),
(19646, 54, 30),
(19754, 54, 31),
(929, 54, 32),
(19862, 54, 33),
(9985, 54, 34),
(9986, 54, 35),
(9987, 54, 36),
(9988, 54, 37),
(19969, 54, 38),
(9989, 54, 39),
(20071, 54, 40),
(15514, 54, 41),
(20175, 54, 42),
(20283, 54, 43),
(20391, 54, 44),
(20499, 54, 45),
(6951, 54, 46),
(6952, 54, 47),
(6953, 54, 48),
(20605, 54, 49),
(20693, 54, 50),
(6954, 54, 51),
(20783, 54, 52),
(20889, 54, 53),
(6955, 54, 54),
(20996, 54, 55),
(21102, 54, 56),
(21190, 54, 57),
(21298, 54, 58),
(21404, 54, 59),
(11916, 54, 60),
(21491, 54, 61),
(21598, 54, 62),
(21706, 54, 63),
(13141, 54, 64),
(21807, 54, 65),
(21913, 54, 66),
(13142, 54, 67),
(13143, 54, 68),
(13144, 54, 69),
(13145, 54, 70),
(13146, 54, 71),
(13147, 54, 72),
(22020, 54, 73),
(16794, 54, 74),
(16795, 54, 75),
(16796, 54, 76),
(22127, 54, 77),
(22232, 54, 78),
(22338, 54, 79),
(22445, 54, 80),
(16470, 54, 81),
(22552, 54, 82),
(22659, 54, 83),
(15515, 54, 84),
(22766, 54, 85),
(22874, 54, 86),
(15516, 54, 87),
(17748, 54, 88),
(22982, 54, 89),
(23089, 54, 90),
(23196, 54, 91),
(23304, 54, 92),
(23412, 54, 93),
(23520, 54, 94),
(23628, 54, 95),
(13148, 54, 96),
(23736, 54, 97),
(23844, 54, 98),
(6956, 54, 99),
(930, 54, 100),
(931, 54, 101),
(932, 54, 102),
(933, 54, 103),
(934, 54, 104),
(935, 54, 105),
(936, 54, 106),
(937, 54, 107),
(23951, 54, 108),
(938, 54, 109),
(939, 54, 110),
(940, 54, 111),
(24029, 54, 112),
(4944, 54, 113),
(4945, 54, 114),
(4946, 54, 115),
(4947, 54, 116),
(4948, 54, 117),
(4949, 54, 118),
(4950, 54, 119),
(4951, 54, 120),
(6957, 54, 121),
(6958, 54, 122),
(6959, 54, 123),
(6960, 54, 124),
(6961, 54, 125),
(6962, 54, 126),
(6963, 54, 127),
(6964, 54, 128),
(8898, 54, 129),
(8899, 54, 130),
(8900, 54, 131),
(8901, 54, 132),
(8902, 54, 133),
(8903, 54, 134),
(9990, 54, 135),
(9991, 54, 136),
(9992, 54, 137),
(9993, 54, 138),
(9994, 54, 139),
(9995, 54, 140),
(9996, 54, 141),
(11917, 54, 142),
(11918, 54, 143),
(11919, 54, 144),
(11920, 54, 145),
(13149, 54, 146),
(13150, 54, 147),
(13151, 54, 148),
(13152, 54, 149),
(13153, 54, 150),
(13154, 54, 151),
(13155, 54, 152),
(13156, 54, 153),
(13157, 54, 154),
(14971, 54, 155),
(14972, 54, 156),
(14973, 54, 157),
(14974, 54, 158),
(15517, 54, 159),
(15518, 54, 160),
(15519, 54, 161),
(16471, 54, 162),
(16797, 54, 163),
(16798, 54, 164),
(16799, 54, 165),
(17749, 54, 166),
(941, 54, 167),
(18021, 54, 168),
(18022, 54, 169),
(18023, 54, 170),
(4952, 55, 1),
(4953, 55, 2),
(4954, 55, 3),
(4955, 55, 4),
(4956, 55, 5),
(4957, 55, 6),
(4958, 55, 7),
(18562, 55, 8),
(18668, 55, 9),
(18774, 55, 10),
(4959, 55, 11),
(18882, 55, 12),
(18988, 55, 13),
(942, 55, 14),
(19074, 55, 15),
(8904, 55, 16),
(19180, 55, 17),
(8905, 55, 18),
(943, 55, 19),
(19266, 55, 20),
(944, 55, 21),
(945, 55, 22),
(946, 55, 23),
(947, 55, 24),
(948, 55, 25),
(949, 55, 26),
(19353, 55, 27),
(19431, 55, 28),
(19539, 55, 29),
(19647, 55, 30),
(19755, 55, 31),
(950, 55, 32),
(19863, 55, 33),
(9997, 55, 34),
(9998, 55, 35),
(9999, 55, 36),
(10000, 55, 37),
(19970, 55, 38),
(10001, 55, 39),
(20072, 55, 40),
(15520, 55, 41),
(20176, 55, 42),
(20284, 55, 43),
(20392, 55, 44),
(20500, 55, 45),
(6965, 55, 46),
(6966, 55, 47),
(6967, 55, 48),
(20606, 55, 49),
(20694, 55, 50),
(6968, 55, 51),
(20784, 55, 52),
(20890, 55, 53),
(6969, 55, 54),
(20997, 55, 55),
(21103, 55, 56),
(21191, 55, 57),
(21299, 55, 58),
(21405, 55, 59),
(11921, 55, 60),
(21492, 55, 61),
(21599, 55, 62),
(21707, 55, 63),
(13158, 55, 64),
(21808, 55, 65),
(21914, 55, 66),
(13159, 55, 67),
(13160, 55, 68),
(13161, 55, 69),
(13162, 55, 70),
(13163, 55, 71),
(13164, 55, 72),
(22021, 55, 73),
(16800, 55, 74),
(16801, 55, 75),
(16802, 55, 76),
(22128, 55, 77),
(22233, 55, 78),
(22339, 55, 79),
(22446, 55, 80),
(16472, 55, 81),
(22553, 55, 82),
(22660, 55, 83),
(15521, 55, 84),
(22767, 55, 85),
(22875, 55, 86),
(15522, 55, 87),
(17750, 55, 88),
(22983, 55, 89),
(23090, 55, 90),
(23197, 55, 91),
(23305, 55, 92),
(23413, 55, 93),
(23521, 55, 94),
(23629, 55, 95),
(13165, 55, 96),
(23737, 55, 97),
(23845, 55, 98),
(6970, 55, 99),
(951, 55, 100),
(952, 55, 101),
(953, 55, 102),
(954, 55, 103),
(955, 55, 104),
(956, 55, 105),
(957, 55, 106),
(958, 55, 107),
(23952, 55, 108),
(959, 55, 109),
(960, 55, 110),
(961, 55, 111),
(24030, 55, 112),
(4960, 55, 113),
(4961, 55, 114),
(4962, 55, 115),
(4963, 55, 116),
(4964, 55, 117),
(4965, 55, 118),
(4966, 55, 119),
(4967, 55, 120),
(6971, 55, 121),
(6972, 55, 122),
(6973, 55, 123),
(6974, 55, 124),
(6975, 55, 125),
(6976, 55, 126),
(6977, 55, 127),
(6978, 55, 128),
(8906, 55, 129),
(8907, 55, 130),
(8908, 55, 131),
(8909, 55, 132),
(8910, 55, 133),
(8911, 55, 134),
(10002, 55, 135),
(10003, 55, 136),
(10004, 55, 137),
(10005, 55, 138),
(10006, 55, 139),
(10007, 55, 140),
(10008, 55, 141),
(11922, 55, 142),
(11923, 55, 143),
(11924, 55, 144),
(11925, 55, 145),
(13166, 55, 146),
(13167, 55, 147),
(13168, 55, 148),
(13169, 55, 149),
(13170, 55, 150),
(13171, 55, 151),
(13172, 55, 152),
(13173, 55, 153),
(13174, 55, 154),
(14975, 55, 155),
(14976, 55, 156),
(14977, 55, 157),
(14978, 55, 158),
(15523, 55, 159),
(15524, 55, 160),
(15525, 55, 161),
(16473, 55, 162),
(16803, 55, 163),
(16804, 55, 164),
(16805, 55, 165),
(17751, 55, 166),
(962, 55, 167),
(18024, 55, 168),
(18025, 55, 169),
(18026, 55, 170),
(4968, 56, 1),
(4969, 56, 2),
(4970, 56, 3),
(4971, 56, 4),
(4972, 56, 5),
(4973, 56, 6),
(4974, 56, 7),
(18563, 56, 8),
(18669, 56, 9),
(18775, 56, 10),
(4975, 56, 11),
(18883, 56, 12),
(18989, 56, 13),
(963, 56, 14),
(19075, 56, 15),
(8912, 56, 16),
(19181, 56, 17),
(8913, 56, 18),
(964, 56, 19),
(19267, 56, 20),
(965, 56, 21),
(966, 56, 22),
(967, 56, 23),
(968, 56, 24),
(969, 56, 25),
(970, 56, 26),
(19354, 56, 27),
(19432, 56, 28),
(19540, 56, 29),
(19648, 56, 30),
(19756, 56, 31),
(971, 56, 32),
(19864, 56, 33),
(10009, 56, 34),
(10010, 56, 35),
(10011, 56, 36),
(10012, 56, 37),
(19971, 56, 38),
(10013, 56, 39),
(20073, 56, 40),
(15526, 56, 41),
(20177, 56, 42),
(20285, 56, 43),
(20393, 56, 44),
(20501, 56, 45),
(6979, 56, 46),
(6980, 56, 47),
(6981, 56, 48),
(20607, 56, 49),
(20695, 56, 50),
(6982, 56, 51),
(20785, 56, 52),
(20891, 56, 53),
(6983, 56, 54),
(20998, 56, 55),
(21104, 56, 56),
(21192, 56, 57),
(21300, 56, 58),
(21406, 56, 59),
(11926, 56, 60),
(21493, 56, 61),
(21600, 56, 62),
(21708, 56, 63),
(13175, 56, 64),
(21809, 56, 65),
(21915, 56, 66),
(13176, 56, 67),
(13177, 56, 68),
(13178, 56, 69),
(13179, 56, 70),
(13180, 56, 71),
(13181, 56, 72),
(22022, 56, 73),
(16806, 56, 74),
(16807, 56, 75),
(16808, 56, 76),
(22129, 56, 77),
(22234, 56, 78),
(22340, 56, 79),
(22447, 56, 80),
(16474, 56, 81),
(22554, 56, 82),
(22661, 56, 83),
(15527, 56, 84),
(22768, 56, 85),
(22876, 56, 86),
(15528, 56, 87),
(17752, 56, 88),
(22984, 56, 89),
(23091, 56, 90),
(23198, 56, 91),
(23306, 56, 92),
(23414, 56, 93),
(23522, 56, 94),
(23630, 56, 95),
(13182, 56, 96),
(23738, 56, 97),
(23846, 56, 98),
(6984, 56, 99),
(972, 56, 100),
(973, 56, 101),
(974, 56, 102),
(975, 56, 103),
(976, 56, 104),
(977, 56, 105),
(978, 56, 106),
(979, 56, 107),
(23953, 56, 108),
(980, 56, 109),
(981, 56, 110),
(982, 56, 111),
(24031, 56, 112),
(4976, 56, 113),
(4977, 56, 114),
(4978, 56, 115),
(4979, 56, 116),
(4980, 56, 117),
(4981, 56, 118),
(4982, 56, 119),
(4983, 56, 120),
(6985, 56, 121),
(6986, 56, 122),
(6987, 56, 123),
(6988, 56, 124),
(6989, 56, 125),
(6990, 56, 126),
(6991, 56, 127),
(6992, 56, 128),
(8914, 56, 129),
(8915, 56, 130),
(8916, 56, 131),
(8917, 56, 132),
(8918, 56, 133),
(8919, 56, 134),
(10014, 56, 135),
(10015, 56, 136),
(10016, 56, 137),
(10017, 56, 138),
(10018, 56, 139),
(10019, 56, 140),
(10020, 56, 141),
(11927, 56, 142),
(11928, 56, 143),
(11929, 56, 144),
(11930, 56, 145),
(13183, 56, 146),
(13184, 56, 147),
(13185, 56, 148),
(13186, 56, 149),
(13187, 56, 150),
(13188, 56, 151),
(13189, 56, 152),
(13190, 56, 153),
(13191, 56, 154),
(14979, 56, 155),
(14980, 56, 156),
(14981, 56, 157),
(14982, 56, 158),
(15529, 56, 159),
(15530, 56, 160),
(15531, 56, 161),
(16475, 56, 162),
(16809, 56, 163),
(16810, 56, 164),
(16811, 56, 165),
(17753, 56, 166),
(983, 56, 167),
(18027, 56, 168),
(18028, 56, 169),
(18029, 56, 170),
(4984, 57, 1),
(4985, 57, 2),
(4986, 57, 3),
(4987, 57, 4),
(4988, 57, 5),
(4989, 57, 6),
(4990, 57, 7),
(18564, 57, 8),
(18670, 57, 9),
(18776, 57, 10),
(4991, 57, 11),
(18884, 57, 12),
(18990, 57, 13),
(984, 57, 14),
(19076, 57, 15),
(8920, 57, 16),
(19182, 57, 17),
(8921, 57, 18),
(985, 57, 19),
(19268, 57, 20),
(986, 57, 21),
(987, 57, 22),
(988, 57, 23),
(989, 57, 24),
(990, 57, 25),
(991, 57, 26),
(19355, 57, 27),
(19433, 57, 28),
(19541, 57, 29),
(19649, 57, 30),
(19757, 57, 31),
(992, 57, 32),
(19865, 57, 33),
(10021, 57, 34),
(10022, 57, 35),
(10023, 57, 36),
(10024, 57, 37),
(19972, 57, 38),
(10025, 57, 39),
(20074, 57, 40),
(15532, 57, 41),
(20178, 57, 42),
(20286, 57, 43),
(20394, 57, 44),
(20502, 57, 45),
(6993, 57, 46),
(6994, 57, 47),
(6995, 57, 48),
(20608, 57, 49),
(20696, 57, 50),
(6996, 57, 51),
(20786, 57, 52),
(20892, 57, 53),
(6997, 57, 54),
(20999, 57, 55),
(21105, 57, 56),
(21193, 57, 57),
(21301, 57, 58),
(21407, 57, 59),
(11931, 57, 60),
(21494, 57, 61),
(21601, 57, 62),
(21709, 57, 63),
(13192, 57, 64),
(21810, 57, 65),
(21916, 57, 66),
(13193, 57, 67),
(13194, 57, 68),
(13195, 57, 69),
(13196, 57, 70),
(13197, 57, 71),
(13198, 57, 72),
(22023, 57, 73),
(16812, 57, 74),
(16813, 57, 75),
(16814, 57, 76),
(22130, 57, 77),
(22235, 57, 78),
(22341, 57, 79),
(22448, 57, 80),
(16476, 57, 81),
(22555, 57, 82),
(22662, 57, 83),
(15533, 57, 84),
(22769, 57, 85),
(22877, 57, 86),
(15534, 57, 87),
(17754, 57, 88),
(22985, 57, 89),
(23092, 57, 90),
(23199, 57, 91),
(23307, 57, 92),
(23415, 57, 93),
(23523, 57, 94),
(23631, 57, 95),
(13199, 57, 96),
(23739, 57, 97),
(23847, 57, 98),
(6998, 57, 99),
(993, 57, 100),
(994, 57, 101),
(995, 57, 102),
(996, 57, 103),
(997, 57, 104),
(998, 57, 105),
(999, 57, 106),
(1000, 57, 107),
(23954, 57, 108),
(1001, 57, 109),
(1002, 57, 110),
(1003, 57, 111),
(24032, 57, 112),
(4992, 57, 113),
(4993, 57, 114),
(4994, 57, 115),
(4995, 57, 116),
(4996, 57, 117),
(4997, 57, 118),
(4998, 57, 119),
(4999, 57, 120),
(6999, 57, 121),
(7000, 57, 122),
(7001, 57, 123),
(7002, 57, 124),
(7003, 57, 125),
(7004, 57, 126),
(7005, 57, 127),
(7006, 57, 128),
(8922, 57, 129),
(8923, 57, 130),
(8924, 57, 131),
(8925, 57, 132),
(8926, 57, 133),
(8927, 57, 134),
(10026, 57, 135),
(10027, 57, 136),
(10028, 57, 137),
(10029, 57, 138),
(10030, 57, 139),
(10031, 57, 140),
(10032, 57, 141),
(11932, 57, 142),
(11933, 57, 143),
(11934, 57, 144),
(11935, 57, 145),
(13200, 57, 146),
(13201, 57, 147),
(13202, 57, 148),
(13203, 57, 149),
(13204, 57, 150),
(13205, 57, 151),
(13206, 57, 152),
(13207, 57, 153),
(13208, 57, 154),
(14983, 57, 155),
(14984, 57, 156),
(14985, 57, 157),
(14986, 57, 158),
(15535, 57, 159),
(15536, 57, 160),
(15537, 57, 161),
(16477, 57, 162),
(16815, 57, 163),
(16816, 57, 164),
(16817, 57, 165),
(17755, 57, 166),
(1004, 57, 167),
(18030, 57, 168),
(18031, 57, 169),
(18032, 57, 170),
(5000, 58, 1),
(5001, 58, 2),
(5002, 58, 3),
(5003, 58, 4),
(5004, 58, 5),
(5005, 58, 6),
(5006, 58, 7),
(18565, 58, 8),
(18671, 58, 9),
(18777, 58, 10),
(5007, 58, 11),
(18885, 58, 12),
(18991, 58, 13),
(1005, 58, 14),
(19077, 58, 15),
(8928, 58, 16),
(19183, 58, 17),
(8929, 58, 18),
(1006, 58, 19),
(19269, 58, 20),
(1007, 58, 21),
(1008, 58, 22),
(1009, 58, 23),
(1010, 58, 24),
(1011, 58, 25),
(1012, 58, 26),
(19356, 58, 27),
(19434, 58, 28),
(19542, 58, 29),
(19650, 58, 30),
(19758, 58, 31),
(1013, 58, 32),
(19866, 58, 33),
(10033, 58, 34),
(10034, 58, 35),
(10035, 58, 36),
(10036, 58, 37),
(19973, 58, 38),
(10037, 58, 39),
(20075, 58, 40),
(15538, 58, 41),
(20179, 58, 42),
(20287, 58, 43),
(20395, 58, 44),
(20503, 58, 45),
(7007, 58, 46),
(7008, 58, 47),
(7009, 58, 48),
(20609, 58, 49),
(20697, 58, 50),
(7010, 58, 51),
(20787, 58, 52),
(20893, 58, 53),
(7011, 58, 54),
(21000, 58, 55),
(21106, 58, 56),
(21194, 58, 57),
(21302, 58, 58),
(21408, 58, 59),
(11936, 58, 60),
(21495, 58, 61),
(21602, 58, 62),
(21710, 58, 63),
(13209, 58, 64),
(21811, 58, 65),
(21917, 58, 66),
(13210, 58, 67),
(13211, 58, 68),
(13212, 58, 69),
(13213, 58, 70),
(13214, 58, 71),
(13215, 58, 72),
(22024, 58, 73),
(16818, 58, 74),
(16819, 58, 75),
(16820, 58, 76),
(22131, 58, 77),
(22236, 58, 78),
(22342, 58, 79),
(22449, 58, 80),
(16478, 58, 81),
(22556, 58, 82),
(22663, 58, 83),
(15539, 58, 84),
(22770, 58, 85),
(22878, 58, 86),
(15540, 58, 87),
(17756, 58, 88),
(22986, 58, 89),
(23093, 58, 90),
(23200, 58, 91),
(23308, 58, 92),
(23416, 58, 93),
(23524, 58, 94),
(23632, 58, 95),
(13216, 58, 96),
(23740, 58, 97),
(23848, 58, 98),
(7012, 58, 99),
(1014, 58, 100),
(1015, 58, 101),
(1016, 58, 102),
(1017, 58, 103),
(1018, 58, 104),
(1019, 58, 105),
(1020, 58, 106),
(1021, 58, 107),
(23955, 58, 108),
(1022, 58, 109),
(1023, 58, 110),
(1024, 58, 111),
(24033, 58, 112),
(5008, 58, 113),
(5009, 58, 114),
(5010, 58, 115),
(5011, 58, 116),
(5012, 58, 117),
(5013, 58, 118),
(5014, 58, 119),
(5015, 58, 120),
(7013, 58, 121),
(7014, 58, 122),
(7015, 58, 123),
(7016, 58, 124),
(7017, 58, 125),
(7018, 58, 126),
(7019, 58, 127),
(7020, 58, 128),
(8930, 58, 129),
(8931, 58, 130),
(8932, 58, 131),
(8933, 58, 132),
(8934, 58, 133),
(8935, 58, 134),
(10038, 58, 135),
(10039, 58, 136),
(10040, 58, 137),
(10041, 58, 138),
(10042, 58, 139),
(10043, 58, 140),
(10044, 58, 141),
(11937, 58, 142),
(11938, 58, 143),
(11939, 58, 144),
(11940, 58, 145),
(13217, 58, 146),
(13218, 58, 147),
(13219, 58, 148),
(13220, 58, 149),
(13221, 58, 150),
(13222, 58, 151),
(13223, 58, 152),
(13224, 58, 153),
(13225, 58, 154),
(14987, 58, 155),
(14988, 58, 156),
(14989, 58, 157),
(14990, 58, 158),
(15541, 58, 159),
(15542, 58, 160),
(15543, 58, 161),
(16479, 58, 162),
(16821, 58, 163),
(16822, 58, 164),
(16823, 58, 165),
(17757, 58, 166),
(1025, 58, 167),
(18033, 58, 168),
(18034, 58, 169),
(18035, 58, 170),
(5016, 59, 1),
(5017, 59, 2),
(5018, 59, 3),
(5019, 59, 4),
(5020, 59, 5),
(5021, 59, 6),
(5022, 59, 7),
(18566, 59, 8),
(18672, 59, 9),
(18778, 59, 10),
(5023, 59, 11),
(18886, 59, 12),
(18992, 59, 13),
(1026, 59, 14),
(19078, 59, 15),
(8936, 59, 16),
(19184, 59, 17),
(8937, 59, 18),
(1027, 59, 19),
(19270, 59, 20),
(1028, 59, 21),
(1029, 59, 22),
(1030, 59, 23),
(1031, 59, 24),
(1032, 59, 25),
(1033, 59, 26),
(19357, 59, 27),
(19435, 59, 28),
(19543, 59, 29),
(19651, 59, 30),
(19759, 59, 31),
(1034, 59, 32),
(19867, 59, 33),
(10045, 59, 34),
(10046, 59, 35),
(10047, 59, 36),
(10048, 59, 37),
(19974, 59, 38),
(10049, 59, 39),
(20076, 59, 40),
(15544, 59, 41),
(20180, 59, 42),
(20288, 59, 43),
(20396, 59, 44),
(20504, 59, 45),
(7021, 59, 46),
(7022, 59, 47),
(7023, 59, 48),
(20610, 59, 49),
(20698, 59, 50),
(7024, 59, 51),
(20788, 59, 52),
(20894, 59, 53),
(7025, 59, 54),
(21001, 59, 55),
(21107, 59, 56),
(21195, 59, 57),
(21303, 59, 58),
(21409, 59, 59),
(11941, 59, 60),
(21496, 59, 61),
(21603, 59, 62),
(21711, 59, 63),
(13226, 59, 64),
(21812, 59, 65),
(21918, 59, 66),
(13227, 59, 67),
(13228, 59, 68),
(13229, 59, 69),
(13230, 59, 70),
(13231, 59, 71),
(13232, 59, 72),
(22025, 59, 73),
(16824, 59, 74),
(16825, 59, 75),
(16826, 59, 76),
(22132, 59, 77),
(22237, 59, 78),
(22343, 59, 79),
(22450, 59, 80),
(16480, 59, 81),
(22557, 59, 82),
(22664, 59, 83),
(15545, 59, 84),
(22771, 59, 85),
(22879, 59, 86),
(15546, 59, 87),
(17758, 59, 88),
(22987, 59, 89),
(23094, 59, 90),
(23201, 59, 91),
(23309, 59, 92),
(23417, 59, 93),
(23525, 59, 94),
(23633, 59, 95),
(13233, 59, 96),
(23741, 59, 97),
(23849, 59, 98),
(7026, 59, 99),
(1035, 59, 100),
(1036, 59, 101),
(1037, 59, 102),
(1038, 59, 103),
(1039, 59, 104),
(1040, 59, 105),
(1041, 59, 106),
(1042, 59, 107),
(23956, 59, 108),
(1043, 59, 109),
(1044, 59, 110),
(1045, 59, 111),
(24034, 59, 112),
(5024, 59, 113),
(5025, 59, 114),
(5026, 59, 115),
(5027, 59, 116),
(5028, 59, 117),
(5029, 59, 118),
(5030, 59, 119),
(5031, 59, 120),
(7027, 59, 121),
(7028, 59, 122),
(7029, 59, 123),
(7030, 59, 124),
(7031, 59, 125),
(7032, 59, 126),
(7033, 59, 127),
(7034, 59, 128),
(8938, 59, 129),
(8939, 59, 130),
(8940, 59, 131),
(8941, 59, 132),
(8942, 59, 133),
(8943, 59, 134),
(10050, 59, 135),
(10051, 59, 136),
(10052, 59, 137),
(10053, 59, 138),
(10054, 59, 139),
(10055, 59, 140),
(10056, 59, 141),
(11942, 59, 142),
(11943, 59, 143),
(11944, 59, 144),
(11945, 59, 145),
(13234, 59, 146),
(13235, 59, 147),
(13236, 59, 148),
(13237, 59, 149),
(13238, 59, 150),
(13239, 59, 151),
(13240, 59, 152),
(13241, 59, 153),
(13242, 59, 154),
(14991, 59, 155),
(14992, 59, 156),
(14993, 59, 157),
(14994, 59, 158),
(15547, 59, 159),
(15548, 59, 160),
(15549, 59, 161),
(16481, 59, 162),
(16827, 59, 163),
(16828, 59, 164),
(16829, 59, 165),
(17759, 59, 166),
(1046, 59, 167),
(18036, 59, 168),
(18037, 59, 169),
(18038, 59, 170),
(5032, 60, 1),
(5033, 60, 2),
(5034, 60, 3),
(5035, 60, 4),
(5036, 60, 5),
(5037, 60, 6),
(5038, 60, 7),
(18567, 60, 8),
(18673, 60, 9),
(18779, 60, 10),
(5039, 60, 11),
(18887, 60, 12),
(18993, 60, 13),
(1047, 60, 14),
(19079, 60, 15),
(8944, 60, 16),
(19185, 60, 17),
(8945, 60, 18),
(1048, 60, 19),
(19271, 60, 20),
(1049, 60, 21),
(1050, 60, 22),
(1051, 60, 23),
(1052, 60, 24),
(1053, 60, 25),
(1054, 60, 26),
(19358, 60, 27),
(19436, 60, 28),
(19544, 60, 29),
(19652, 60, 30),
(19760, 60, 31),
(1055, 60, 32),
(19868, 60, 33),
(10057, 60, 34),
(10058, 60, 35),
(10059, 60, 36),
(10060, 60, 37),
(19975, 60, 38),
(10061, 60, 39),
(20077, 60, 40),
(15550, 60, 41),
(20181, 60, 42),
(20289, 60, 43),
(20397, 60, 44),
(20505, 60, 45),
(7035, 60, 46),
(7036, 60, 47),
(7037, 60, 48),
(20611, 60, 49),
(20699, 60, 50),
(7038, 60, 51),
(20789, 60, 52),
(20895, 60, 53),
(7039, 60, 54),
(21002, 60, 55),
(21108, 60, 56),
(21196, 60, 57),
(21304, 60, 58),
(21410, 60, 59),
(11946, 60, 60),
(21497, 60, 61),
(21604, 60, 62),
(21712, 60, 63),
(13243, 60, 64),
(21813, 60, 65),
(21919, 60, 66),
(13244, 60, 67),
(13245, 60, 68),
(13246, 60, 69),
(13247, 60, 70),
(13248, 60, 71),
(13249, 60, 72),
(22026, 60, 73),
(16830, 60, 74),
(16831, 60, 75),
(16832, 60, 76),
(22133, 60, 77),
(22238, 60, 78),
(22344, 60, 79),
(22451, 60, 80),
(16482, 60, 81),
(22558, 60, 82),
(22665, 60, 83),
(15551, 60, 84),
(22772, 60, 85),
(22880, 60, 86),
(15552, 60, 87),
(17760, 60, 88),
(22988, 60, 89),
(23095, 60, 90),
(23202, 60, 91),
(23310, 60, 92),
(23418, 60, 93),
(23526, 60, 94),
(23634, 60, 95),
(13250, 60, 96),
(23742, 60, 97),
(23850, 60, 98),
(7040, 60, 99),
(1056, 60, 100),
(1057, 60, 101),
(1058, 60, 102),
(1059, 60, 103),
(1060, 60, 104),
(1061, 60, 105),
(1062, 60, 106),
(1063, 60, 107),
(23957, 60, 108),
(1064, 60, 109),
(1065, 60, 110),
(1066, 60, 111),
(24035, 60, 112),
(5040, 60, 113),
(5041, 60, 114),
(5042, 60, 115),
(5043, 60, 116),
(5044, 60, 117),
(5045, 60, 118),
(5046, 60, 119),
(5047, 60, 120),
(7041, 60, 121),
(7042, 60, 122),
(7043, 60, 123),
(7044, 60, 124),
(7045, 60, 125),
(7046, 60, 126),
(7047, 60, 127),
(7048, 60, 128),
(8946, 60, 129),
(8947, 60, 130),
(8948, 60, 131),
(8949, 60, 132),
(8950, 60, 133),
(8951, 60, 134),
(10062, 60, 135),
(10063, 60, 136),
(10064, 60, 137),
(10065, 60, 138),
(10066, 60, 139),
(10067, 60, 140),
(10068, 60, 141),
(11947, 60, 142),
(11948, 60, 143),
(11949, 60, 144),
(11950, 60, 145),
(13251, 60, 146),
(13252, 60, 147),
(13253, 60, 148),
(13254, 60, 149),
(13255, 60, 150),
(13256, 60, 151),
(13257, 60, 152),
(13258, 60, 153),
(13259, 60, 154);
INSERT INTO `universitymajors` (`UMID`, `UniversityID`, `MajorID`) VALUES
(14995, 60, 155),
(14996, 60, 156),
(14997, 60, 157),
(14998, 60, 158),
(15553, 60, 159),
(15554, 60, 160),
(15555, 60, 161),
(16483, 60, 162),
(16833, 60, 163),
(16834, 60, 164),
(16835, 60, 165),
(17761, 60, 166),
(1067, 60, 167),
(18039, 60, 168),
(18040, 60, 169),
(18041, 60, 170),
(5048, 61, 1),
(5049, 61, 2),
(5050, 61, 3),
(5051, 61, 4),
(5052, 61, 5),
(5053, 61, 6),
(5054, 61, 7),
(18568, 61, 8),
(18674, 61, 9),
(18780, 61, 10),
(5055, 61, 11),
(18888, 61, 12),
(18994, 61, 13),
(1068, 61, 14),
(19080, 61, 15),
(8952, 61, 16),
(19186, 61, 17),
(8953, 61, 18),
(1069, 61, 19),
(19272, 61, 20),
(1070, 61, 21),
(1071, 61, 22),
(1072, 61, 23),
(1073, 61, 24),
(1074, 61, 25),
(1075, 61, 26),
(19359, 61, 27),
(19437, 61, 28),
(19545, 61, 29),
(19653, 61, 30),
(19761, 61, 31),
(1076, 61, 32),
(19869, 61, 33),
(10069, 61, 34),
(10070, 61, 35),
(10071, 61, 36),
(10072, 61, 37),
(19976, 61, 38),
(10073, 61, 39),
(20078, 61, 40),
(15556, 61, 41),
(20182, 61, 42),
(20290, 61, 43),
(20398, 61, 44),
(20506, 61, 45),
(7049, 61, 46),
(7050, 61, 47),
(7051, 61, 48),
(20612, 61, 49),
(20700, 61, 50),
(7052, 61, 51),
(20790, 61, 52),
(20896, 61, 53),
(7053, 61, 54),
(21003, 61, 55),
(21109, 61, 56),
(21197, 61, 57),
(21305, 61, 58),
(21411, 61, 59),
(11951, 61, 60),
(21498, 61, 61),
(21605, 61, 62),
(21713, 61, 63),
(13260, 61, 64),
(21814, 61, 65),
(21920, 61, 66),
(13261, 61, 67),
(13262, 61, 68),
(13263, 61, 69),
(13264, 61, 70),
(13265, 61, 71),
(13266, 61, 72),
(22027, 61, 73),
(16836, 61, 74),
(16837, 61, 75),
(16838, 61, 76),
(22134, 61, 77),
(22239, 61, 78),
(22345, 61, 79),
(22452, 61, 80),
(16484, 61, 81),
(22559, 61, 82),
(22666, 61, 83),
(15557, 61, 84),
(22773, 61, 85),
(22881, 61, 86),
(15558, 61, 87),
(17762, 61, 88),
(22989, 61, 89),
(23096, 61, 90),
(23203, 61, 91),
(23311, 61, 92),
(23419, 61, 93),
(23527, 61, 94),
(23635, 61, 95),
(13267, 61, 96),
(23743, 61, 97),
(23851, 61, 98),
(7054, 61, 99),
(1077, 61, 100),
(1078, 61, 101),
(1079, 61, 102),
(1080, 61, 103),
(1081, 61, 104),
(1082, 61, 105),
(1083, 61, 106),
(1084, 61, 107),
(23958, 61, 108),
(1085, 61, 109),
(1086, 61, 110),
(1087, 61, 111),
(24036, 61, 112),
(5056, 61, 113),
(5057, 61, 114),
(5058, 61, 115),
(5059, 61, 116),
(5060, 61, 117),
(5061, 61, 118),
(5062, 61, 119),
(5063, 61, 120),
(7055, 61, 121),
(7056, 61, 122),
(7057, 61, 123),
(7058, 61, 124),
(7059, 61, 125),
(7060, 61, 126),
(7061, 61, 127),
(7062, 61, 128),
(8954, 61, 129),
(8955, 61, 130),
(8956, 61, 131),
(8957, 61, 132),
(8958, 61, 133),
(8959, 61, 134),
(10074, 61, 135),
(10075, 61, 136),
(10076, 61, 137),
(10077, 61, 138),
(10078, 61, 139),
(10079, 61, 140),
(10080, 61, 141),
(11952, 61, 142),
(11953, 61, 143),
(11954, 61, 144),
(11955, 61, 145),
(13268, 61, 146),
(13269, 61, 147),
(13270, 61, 148),
(13271, 61, 149),
(13272, 61, 150),
(13273, 61, 151),
(13274, 61, 152),
(13275, 61, 153),
(13276, 61, 154),
(14999, 61, 155),
(15000, 61, 156),
(15001, 61, 157),
(15002, 61, 158),
(15559, 61, 159),
(15560, 61, 160),
(15561, 61, 161),
(16485, 61, 162),
(16839, 61, 163),
(16840, 61, 164),
(16841, 61, 165),
(17763, 61, 166),
(1088, 61, 167),
(18042, 61, 168),
(18043, 61, 169),
(18044, 61, 170),
(5064, 62, 1),
(5065, 62, 2),
(5066, 62, 3),
(5067, 62, 4),
(5068, 62, 5),
(5069, 62, 6),
(5070, 62, 7),
(18569, 62, 8),
(18675, 62, 9),
(18781, 62, 10),
(5071, 62, 11),
(18889, 62, 12),
(18995, 62, 13),
(1089, 62, 14),
(19081, 62, 15),
(8960, 62, 16),
(19187, 62, 17),
(8961, 62, 18),
(1090, 62, 19),
(19273, 62, 20),
(1091, 62, 21),
(1092, 62, 22),
(1093, 62, 23),
(1094, 62, 24),
(1095, 62, 25),
(1096, 62, 26),
(19360, 62, 27),
(19438, 62, 28),
(19546, 62, 29),
(19654, 62, 30),
(19762, 62, 31),
(1097, 62, 32),
(19870, 62, 33),
(10081, 62, 34),
(10082, 62, 35),
(10083, 62, 36),
(10084, 62, 37),
(19977, 62, 38),
(10085, 62, 39),
(20079, 62, 40),
(15562, 62, 41),
(20183, 62, 42),
(20291, 62, 43),
(20399, 62, 44),
(20507, 62, 45),
(7063, 62, 46),
(7064, 62, 47),
(7065, 62, 48),
(20613, 62, 49),
(20701, 62, 50),
(7066, 62, 51),
(20791, 62, 52),
(20897, 62, 53),
(7067, 62, 54),
(21004, 62, 55),
(21110, 62, 56),
(21198, 62, 57),
(21306, 62, 58),
(21412, 62, 59),
(11956, 62, 60),
(21499, 62, 61),
(21606, 62, 62),
(21714, 62, 63),
(13277, 62, 64),
(21815, 62, 65),
(21921, 62, 66),
(13278, 62, 67),
(13279, 62, 68),
(13280, 62, 69),
(13281, 62, 70),
(13282, 62, 71),
(13283, 62, 72),
(22028, 62, 73),
(16842, 62, 74),
(16843, 62, 75),
(16844, 62, 76),
(22135, 62, 77),
(22240, 62, 78),
(22346, 62, 79),
(22453, 62, 80),
(16486, 62, 81),
(22560, 62, 82),
(22667, 62, 83),
(15563, 62, 84),
(22774, 62, 85),
(22882, 62, 86),
(15564, 62, 87),
(17764, 62, 88),
(22990, 62, 89),
(23097, 62, 90),
(23204, 62, 91),
(23312, 62, 92),
(23420, 62, 93),
(23528, 62, 94),
(23636, 62, 95),
(13284, 62, 96),
(23744, 62, 97),
(23852, 62, 98),
(7068, 62, 99),
(1098, 62, 100),
(1099, 62, 101),
(1100, 62, 102),
(1101, 62, 103),
(1102, 62, 104),
(1103, 62, 105),
(1104, 62, 106),
(1105, 62, 107),
(23959, 62, 108),
(1106, 62, 109),
(1107, 62, 110),
(1108, 62, 111),
(24037, 62, 112),
(5072, 62, 113),
(5073, 62, 114),
(5074, 62, 115),
(5075, 62, 116),
(5076, 62, 117),
(5077, 62, 118),
(5078, 62, 119),
(5079, 62, 120),
(7069, 62, 121),
(7070, 62, 122),
(7071, 62, 123),
(7072, 62, 124),
(7073, 62, 125),
(7074, 62, 126),
(7075, 62, 127),
(7076, 62, 128),
(8962, 62, 129),
(8963, 62, 130),
(8964, 62, 131),
(8965, 62, 132),
(8966, 62, 133),
(8967, 62, 134),
(10086, 62, 135),
(10087, 62, 136),
(10088, 62, 137),
(10089, 62, 138),
(10090, 62, 139),
(10091, 62, 140),
(10092, 62, 141),
(11957, 62, 142),
(11958, 62, 143),
(11959, 62, 144),
(11960, 62, 145),
(13285, 62, 146),
(13286, 62, 147),
(13287, 62, 148),
(13288, 62, 149),
(13289, 62, 150),
(13290, 62, 151),
(13291, 62, 152),
(13292, 62, 153),
(13293, 62, 154),
(15003, 62, 155),
(15004, 62, 156),
(15005, 62, 157),
(15006, 62, 158),
(15565, 62, 159),
(15566, 62, 160),
(15567, 62, 161),
(16487, 62, 162),
(16845, 62, 163),
(16846, 62, 164),
(16847, 62, 165),
(17765, 62, 166),
(1109, 62, 167),
(18045, 62, 168),
(18046, 62, 169),
(18047, 62, 170),
(5080, 63, 1),
(5081, 63, 2),
(5082, 63, 3),
(5083, 63, 4),
(5084, 63, 5),
(5085, 63, 6),
(5086, 63, 7),
(18570, 63, 8),
(18676, 63, 9),
(18782, 63, 10),
(5087, 63, 11),
(18890, 63, 12),
(18996, 63, 13),
(1110, 63, 14),
(19082, 63, 15),
(8968, 63, 16),
(19188, 63, 17),
(8969, 63, 18),
(1111, 63, 19),
(19274, 63, 20),
(1112, 63, 21),
(1113, 63, 22),
(1114, 63, 23),
(1115, 63, 24),
(1116, 63, 25),
(1117, 63, 26),
(19361, 63, 27),
(19439, 63, 28),
(19547, 63, 29),
(19655, 63, 30),
(19763, 63, 31),
(1118, 63, 32),
(19871, 63, 33),
(10093, 63, 34),
(10094, 63, 35),
(10095, 63, 36),
(10096, 63, 37),
(19978, 63, 38),
(10097, 63, 39),
(20080, 63, 40),
(15568, 63, 41),
(20184, 63, 42),
(20292, 63, 43),
(20400, 63, 44),
(20508, 63, 45),
(7077, 63, 46),
(7078, 63, 47),
(7079, 63, 48),
(20614, 63, 49),
(20702, 63, 50),
(7080, 63, 51),
(20792, 63, 52),
(20898, 63, 53),
(7081, 63, 54),
(21005, 63, 55),
(21111, 63, 56),
(21199, 63, 57),
(21307, 63, 58),
(21413, 63, 59),
(11961, 63, 60),
(21500, 63, 61),
(21607, 63, 62),
(21715, 63, 63),
(13294, 63, 64),
(21816, 63, 65),
(21922, 63, 66),
(13295, 63, 67),
(13296, 63, 68),
(13297, 63, 69),
(13298, 63, 70),
(13299, 63, 71),
(13300, 63, 72),
(22029, 63, 73),
(16848, 63, 74),
(16849, 63, 75),
(16850, 63, 76),
(22136, 63, 77),
(22241, 63, 78),
(22347, 63, 79),
(22454, 63, 80),
(16488, 63, 81),
(22561, 63, 82),
(22668, 63, 83),
(15569, 63, 84),
(22775, 63, 85),
(22883, 63, 86),
(15570, 63, 87),
(17766, 63, 88),
(22991, 63, 89),
(23098, 63, 90),
(23205, 63, 91),
(23313, 63, 92),
(23421, 63, 93),
(23529, 63, 94),
(23637, 63, 95),
(13301, 63, 96),
(23745, 63, 97),
(23853, 63, 98),
(7082, 63, 99),
(1119, 63, 100),
(1120, 63, 101),
(1121, 63, 102),
(1122, 63, 103),
(1123, 63, 104),
(1124, 63, 105),
(1125, 63, 106),
(1126, 63, 107),
(23960, 63, 108),
(1127, 63, 109),
(1128, 63, 110),
(1129, 63, 111),
(24038, 63, 112),
(5088, 63, 113),
(5089, 63, 114),
(5090, 63, 115),
(5091, 63, 116),
(5092, 63, 117),
(5093, 63, 118),
(5094, 63, 119),
(5095, 63, 120),
(7083, 63, 121),
(7084, 63, 122),
(7085, 63, 123),
(7086, 63, 124),
(7087, 63, 125),
(7088, 63, 126),
(7089, 63, 127),
(7090, 63, 128),
(8970, 63, 129),
(8971, 63, 130),
(8972, 63, 131),
(8973, 63, 132),
(8974, 63, 133),
(8975, 63, 134),
(10098, 63, 135),
(10099, 63, 136),
(10100, 63, 137),
(10101, 63, 138),
(10102, 63, 139),
(10103, 63, 140),
(10104, 63, 141),
(11962, 63, 142),
(11963, 63, 143),
(11964, 63, 144),
(11965, 63, 145),
(13302, 63, 146),
(13303, 63, 147),
(13304, 63, 148),
(13305, 63, 149),
(13306, 63, 150),
(13307, 63, 151),
(13308, 63, 152),
(13309, 63, 153),
(13310, 63, 154),
(15007, 63, 155),
(15008, 63, 156),
(15009, 63, 157),
(15010, 63, 158),
(15571, 63, 159),
(15572, 63, 160),
(15573, 63, 161),
(16489, 63, 162),
(16851, 63, 163),
(16852, 63, 164),
(16853, 63, 165),
(17767, 63, 166),
(1130, 63, 167),
(18048, 63, 168),
(18049, 63, 169),
(18050, 63, 170),
(5096, 64, 1),
(5097, 64, 2),
(5098, 64, 3),
(5099, 64, 4),
(5100, 64, 5),
(5101, 64, 6),
(5102, 64, 7),
(18571, 64, 8),
(18677, 64, 9),
(18783, 64, 10),
(5103, 64, 11),
(18891, 64, 12),
(18997, 64, 13),
(1131, 64, 14),
(19083, 64, 15),
(8976, 64, 16),
(19189, 64, 17),
(8977, 64, 18),
(1132, 64, 19),
(19275, 64, 20),
(1133, 64, 21),
(1134, 64, 22),
(1135, 64, 23),
(1136, 64, 24),
(1137, 64, 25),
(1138, 64, 26),
(19362, 64, 27),
(19440, 64, 28),
(19548, 64, 29),
(19656, 64, 30),
(19764, 64, 31),
(1139, 64, 32),
(19872, 64, 33),
(10105, 64, 34),
(10106, 64, 35),
(10107, 64, 36),
(10108, 64, 37),
(19979, 64, 38),
(10109, 64, 39),
(20081, 64, 40),
(15574, 64, 41),
(20185, 64, 42),
(20293, 64, 43),
(20401, 64, 44),
(20509, 64, 45),
(7091, 64, 46),
(7092, 64, 47),
(7093, 64, 48),
(20615, 64, 49),
(20703, 64, 50),
(7094, 64, 51),
(20793, 64, 52),
(20899, 64, 53),
(7095, 64, 54),
(21006, 64, 55),
(21112, 64, 56),
(21200, 64, 57),
(21308, 64, 58),
(21414, 64, 59),
(11966, 64, 60),
(21501, 64, 61),
(21608, 64, 62),
(21716, 64, 63),
(13311, 64, 64),
(21817, 64, 65),
(21923, 64, 66),
(13312, 64, 67),
(13313, 64, 68),
(13314, 64, 69),
(13315, 64, 70),
(13316, 64, 71),
(13317, 64, 72),
(22030, 64, 73),
(16854, 64, 74),
(16855, 64, 75),
(16856, 64, 76),
(22137, 64, 77),
(22242, 64, 78),
(22348, 64, 79),
(22455, 64, 80),
(16490, 64, 81),
(22562, 64, 82),
(22669, 64, 83),
(15575, 64, 84),
(22776, 64, 85),
(22884, 64, 86),
(15576, 64, 87),
(17768, 64, 88),
(22992, 64, 89),
(23099, 64, 90),
(23206, 64, 91),
(23314, 64, 92),
(23422, 64, 93),
(23530, 64, 94),
(23638, 64, 95),
(13318, 64, 96),
(23746, 64, 97),
(23854, 64, 98),
(7096, 64, 99),
(1140, 64, 100),
(1141, 64, 101),
(1142, 64, 102),
(1143, 64, 103),
(1144, 64, 104),
(1145, 64, 105),
(1146, 64, 106),
(1147, 64, 107),
(23961, 64, 108),
(1148, 64, 109),
(1149, 64, 110),
(1150, 64, 111),
(24039, 64, 112),
(5104, 64, 113),
(5105, 64, 114),
(5106, 64, 115),
(5107, 64, 116),
(5108, 64, 117),
(5109, 64, 118),
(5110, 64, 119),
(5111, 64, 120),
(7097, 64, 121),
(7098, 64, 122),
(7099, 64, 123),
(7100, 64, 124),
(7101, 64, 125),
(7102, 64, 126),
(7103, 64, 127),
(7104, 64, 128),
(8978, 64, 129),
(8979, 64, 130),
(8980, 64, 131),
(8981, 64, 132),
(8982, 64, 133),
(8983, 64, 134),
(10110, 64, 135),
(10111, 64, 136),
(10112, 64, 137),
(10113, 64, 138),
(10114, 64, 139),
(10115, 64, 140),
(10116, 64, 141),
(11967, 64, 142),
(11968, 64, 143),
(11969, 64, 144),
(11970, 64, 145),
(13319, 64, 146),
(13320, 64, 147),
(13321, 64, 148),
(13322, 64, 149),
(13323, 64, 150),
(13324, 64, 151),
(13325, 64, 152),
(13326, 64, 153),
(13327, 64, 154),
(15011, 64, 155),
(15012, 64, 156),
(15013, 64, 157),
(15014, 64, 158),
(15577, 64, 159),
(15578, 64, 160),
(15579, 64, 161),
(16491, 64, 162),
(16857, 64, 163),
(16858, 64, 164),
(16859, 64, 165),
(17769, 64, 166),
(1151, 64, 167),
(18051, 64, 168),
(18052, 64, 169),
(18053, 64, 170),
(5112, 65, 1),
(5113, 65, 2),
(5114, 65, 3),
(5115, 65, 4),
(5116, 65, 5),
(5117, 65, 6),
(5118, 65, 7),
(18572, 65, 8),
(18678, 65, 9),
(18784, 65, 10),
(5119, 65, 11),
(18892, 65, 12),
(18998, 65, 13),
(1152, 65, 14),
(19084, 65, 15),
(8984, 65, 16),
(19190, 65, 17),
(8985, 65, 18),
(1153, 65, 19),
(19276, 65, 20),
(1154, 65, 21),
(1155, 65, 22),
(1156, 65, 23),
(1157, 65, 24),
(1158, 65, 25),
(1159, 65, 26),
(19363, 65, 27),
(19441, 65, 28),
(19549, 65, 29),
(19657, 65, 30),
(19765, 65, 31),
(1160, 65, 32),
(19873, 65, 33),
(10117, 65, 34),
(10118, 65, 35),
(10119, 65, 36),
(10120, 65, 37),
(19980, 65, 38),
(10121, 65, 39),
(20082, 65, 40),
(15580, 65, 41),
(20186, 65, 42),
(20294, 65, 43),
(20402, 65, 44),
(20510, 65, 45),
(7105, 65, 46),
(7106, 65, 47),
(7107, 65, 48),
(20616, 65, 49),
(20704, 65, 50),
(7108, 65, 51),
(20794, 65, 52),
(20900, 65, 53),
(7109, 65, 54),
(21007, 65, 55),
(21113, 65, 56),
(21201, 65, 57),
(21309, 65, 58),
(21415, 65, 59),
(11971, 65, 60),
(21502, 65, 61),
(21609, 65, 62),
(21717, 65, 63),
(13328, 65, 64),
(21818, 65, 65),
(21924, 65, 66),
(13329, 65, 67),
(13330, 65, 68),
(13331, 65, 69),
(13332, 65, 70),
(13333, 65, 71),
(13334, 65, 72),
(22031, 65, 73),
(16860, 65, 74),
(16861, 65, 75),
(16862, 65, 76),
(22138, 65, 77),
(22243, 65, 78),
(22349, 65, 79),
(22456, 65, 80),
(16492, 65, 81),
(22563, 65, 82),
(22670, 65, 83),
(15581, 65, 84),
(22777, 65, 85),
(22885, 65, 86),
(15582, 65, 87),
(17770, 65, 88),
(22993, 65, 89),
(23100, 65, 90),
(23207, 65, 91),
(23315, 65, 92),
(23423, 65, 93),
(23531, 65, 94),
(23639, 65, 95),
(13335, 65, 96),
(23747, 65, 97),
(23855, 65, 98),
(7110, 65, 99),
(1161, 65, 100),
(1162, 65, 101),
(1163, 65, 102),
(1164, 65, 103),
(1165, 65, 104),
(1166, 65, 105),
(1167, 65, 106),
(1168, 65, 107),
(23962, 65, 108),
(1169, 65, 109),
(1170, 65, 110),
(1171, 65, 111),
(24040, 65, 112),
(5120, 65, 113),
(5121, 65, 114),
(5122, 65, 115),
(5123, 65, 116),
(5124, 65, 117),
(5125, 65, 118),
(5126, 65, 119),
(5127, 65, 120),
(7111, 65, 121),
(7112, 65, 122),
(7113, 65, 123),
(7114, 65, 124),
(7115, 65, 125),
(7116, 65, 126),
(7117, 65, 127),
(7118, 65, 128),
(8986, 65, 129),
(8987, 65, 130),
(8988, 65, 131),
(8989, 65, 132),
(8990, 65, 133),
(8991, 65, 134),
(10122, 65, 135),
(10123, 65, 136),
(10124, 65, 137),
(10125, 65, 138),
(10126, 65, 139),
(10127, 65, 140),
(10128, 65, 141),
(11972, 65, 142),
(11973, 65, 143),
(11974, 65, 144),
(11975, 65, 145),
(13336, 65, 146),
(13337, 65, 147),
(13338, 65, 148),
(13339, 65, 149),
(13340, 65, 150),
(13341, 65, 151),
(13342, 65, 152),
(13343, 65, 153),
(13344, 65, 154),
(15015, 65, 155),
(15016, 65, 156),
(15017, 65, 157),
(15018, 65, 158),
(15583, 65, 159),
(15584, 65, 160),
(15585, 65, 161),
(16493, 65, 162),
(16863, 65, 163),
(16864, 65, 164),
(16865, 65, 165),
(17771, 65, 166),
(1172, 65, 167),
(18054, 65, 168),
(18055, 65, 169),
(18056, 65, 170),
(5128, 66, 1),
(5129, 66, 2),
(5130, 66, 3),
(5131, 66, 4),
(5132, 66, 5),
(5133, 66, 6),
(5134, 66, 7),
(18573, 66, 8),
(18679, 66, 9),
(18785, 66, 10),
(5135, 66, 11),
(18893, 66, 12),
(18999, 66, 13),
(1173, 66, 14),
(19085, 66, 15),
(8992, 66, 16),
(19191, 66, 17),
(8993, 66, 18),
(1174, 66, 19),
(19277, 66, 20),
(1175, 66, 21),
(1176, 66, 22),
(1177, 66, 23),
(1178, 66, 24),
(1179, 66, 25),
(1180, 66, 26),
(19364, 66, 27),
(19442, 66, 28),
(19550, 66, 29),
(19658, 66, 30),
(19766, 66, 31),
(1181, 66, 32),
(19874, 66, 33),
(10129, 66, 34),
(10130, 66, 35),
(10131, 66, 36),
(10132, 66, 37),
(19981, 66, 38),
(10133, 66, 39),
(20083, 66, 40),
(15586, 66, 41),
(20187, 66, 42),
(20295, 66, 43),
(20403, 66, 44),
(20511, 66, 45),
(7119, 66, 46),
(7120, 66, 47),
(7121, 66, 48),
(20617, 66, 49),
(20705, 66, 50),
(7122, 66, 51),
(20795, 66, 52),
(20901, 66, 53),
(7123, 66, 54),
(21008, 66, 55),
(21114, 66, 56),
(21202, 66, 57),
(21310, 66, 58),
(21416, 66, 59),
(11976, 66, 60),
(21503, 66, 61),
(21610, 66, 62),
(21718, 66, 63),
(13345, 66, 64),
(21819, 66, 65),
(21925, 66, 66),
(13346, 66, 67),
(13347, 66, 68),
(13348, 66, 69),
(13349, 66, 70),
(13350, 66, 71),
(13351, 66, 72),
(22032, 66, 73),
(16866, 66, 74),
(16867, 66, 75),
(16868, 66, 76),
(22139, 66, 77),
(22244, 66, 78),
(22350, 66, 79),
(22457, 66, 80),
(16494, 66, 81),
(22564, 66, 82),
(22671, 66, 83),
(15587, 66, 84),
(22778, 66, 85),
(22886, 66, 86),
(15588, 66, 87),
(17772, 66, 88),
(22994, 66, 89),
(23101, 66, 90),
(23208, 66, 91),
(23316, 66, 92),
(23424, 66, 93),
(23532, 66, 94),
(23640, 66, 95),
(13352, 66, 96),
(23748, 66, 97),
(23856, 66, 98),
(7124, 66, 99),
(1182, 66, 100),
(1183, 66, 101),
(1184, 66, 102),
(1185, 66, 103),
(1186, 66, 104),
(1187, 66, 105),
(1188, 66, 106),
(1189, 66, 107),
(23963, 66, 108),
(1190, 66, 109),
(1191, 66, 110),
(1192, 66, 111),
(24041, 66, 112),
(5136, 66, 113),
(5137, 66, 114),
(5138, 66, 115),
(5139, 66, 116),
(5140, 66, 117),
(5141, 66, 118),
(5142, 66, 119),
(5143, 66, 120),
(7125, 66, 121),
(7126, 66, 122),
(7127, 66, 123),
(7128, 66, 124),
(7129, 66, 125),
(7130, 66, 126),
(7131, 66, 127),
(7132, 66, 128),
(8994, 66, 129),
(8995, 66, 130),
(8996, 66, 131),
(8997, 66, 132),
(8998, 66, 133),
(8999, 66, 134),
(10134, 66, 135),
(10135, 66, 136),
(10136, 66, 137),
(10137, 66, 138),
(10138, 66, 139),
(10139, 66, 140),
(10140, 66, 141),
(11977, 66, 142),
(11978, 66, 143),
(11979, 66, 144),
(11980, 66, 145),
(13353, 66, 146),
(13354, 66, 147),
(13355, 66, 148),
(13356, 66, 149),
(13357, 66, 150),
(13358, 66, 151),
(13359, 66, 152),
(13360, 66, 153),
(13361, 66, 154),
(15019, 66, 155),
(15020, 66, 156),
(15021, 66, 157),
(15022, 66, 158),
(15589, 66, 159),
(15590, 66, 160),
(15591, 66, 161),
(16495, 66, 162),
(16869, 66, 163),
(16870, 66, 164),
(16871, 66, 165),
(17773, 66, 166),
(1193, 66, 167),
(18057, 66, 168),
(18058, 66, 169),
(18059, 66, 170),
(5144, 67, 1),
(5145, 67, 2),
(5146, 67, 3),
(5147, 67, 4),
(5148, 67, 5),
(5149, 67, 6),
(5150, 67, 7),
(18574, 67, 8),
(18680, 67, 9),
(18786, 67, 10),
(5151, 67, 11),
(18894, 67, 12),
(19000, 67, 13),
(1194, 67, 14),
(19086, 67, 15),
(9000, 67, 16),
(19192, 67, 17),
(9001, 67, 18),
(1195, 67, 19),
(19278, 67, 20),
(1196, 67, 21),
(1197, 67, 22),
(1198, 67, 23),
(1199, 67, 24),
(1200, 67, 25),
(1201, 67, 26),
(19365, 67, 27),
(19443, 67, 28),
(19551, 67, 29),
(19659, 67, 30),
(19767, 67, 31),
(1202, 67, 32),
(19875, 67, 33),
(10141, 67, 34),
(10142, 67, 35),
(10143, 67, 36),
(10144, 67, 37),
(19982, 67, 38),
(10145, 67, 39),
(20084, 67, 40),
(15592, 67, 41),
(20188, 67, 42),
(20296, 67, 43),
(20404, 67, 44),
(20512, 67, 45),
(7133, 67, 46),
(7134, 67, 47),
(7135, 67, 48),
(20618, 67, 49),
(20706, 67, 50),
(7136, 67, 51),
(20796, 67, 52),
(20902, 67, 53),
(7137, 67, 54),
(21009, 67, 55),
(21115, 67, 56),
(21203, 67, 57),
(21311, 67, 58),
(21417, 67, 59),
(11981, 67, 60),
(21504, 67, 61),
(21611, 67, 62),
(21719, 67, 63),
(13362, 67, 64),
(21820, 67, 65),
(21926, 67, 66),
(13363, 67, 67),
(13364, 67, 68),
(13365, 67, 69),
(13366, 67, 70),
(13367, 67, 71),
(13368, 67, 72),
(22033, 67, 73),
(16872, 67, 74),
(16873, 67, 75),
(16874, 67, 76),
(22140, 67, 77),
(22245, 67, 78),
(22351, 67, 79),
(22458, 67, 80),
(16496, 67, 81),
(22565, 67, 82),
(22672, 67, 83),
(15593, 67, 84),
(22779, 67, 85),
(22887, 67, 86),
(15594, 67, 87),
(17774, 67, 88),
(22995, 67, 89),
(23102, 67, 90),
(23209, 67, 91),
(23317, 67, 92),
(23425, 67, 93),
(23533, 67, 94),
(23641, 67, 95),
(13369, 67, 96),
(23749, 67, 97),
(23857, 67, 98),
(7138, 67, 99),
(1203, 67, 100),
(1204, 67, 101),
(1205, 67, 102),
(1206, 67, 103),
(1207, 67, 104),
(1208, 67, 105),
(1209, 67, 106),
(1210, 67, 107),
(23964, 67, 108),
(1211, 67, 109),
(1212, 67, 110),
(1213, 67, 111),
(24042, 67, 112),
(5152, 67, 113),
(5153, 67, 114),
(5154, 67, 115),
(5155, 67, 116),
(5156, 67, 117),
(5157, 67, 118),
(5158, 67, 119),
(5159, 67, 120),
(7139, 67, 121),
(7140, 67, 122),
(7141, 67, 123),
(7142, 67, 124),
(7143, 67, 125),
(7144, 67, 126),
(7145, 67, 127),
(7146, 67, 128),
(9002, 67, 129),
(9003, 67, 130),
(9004, 67, 131),
(9005, 67, 132),
(9006, 67, 133),
(9007, 67, 134),
(10146, 67, 135),
(10147, 67, 136),
(10148, 67, 137),
(10149, 67, 138),
(10150, 67, 139),
(10151, 67, 140),
(10152, 67, 141),
(11982, 67, 142),
(11983, 67, 143),
(11984, 67, 144),
(11985, 67, 145),
(13370, 67, 146),
(13371, 67, 147),
(13372, 67, 148),
(13373, 67, 149),
(13374, 67, 150),
(13375, 67, 151),
(13376, 67, 152),
(13377, 67, 153),
(13378, 67, 154),
(15023, 67, 155),
(15024, 67, 156),
(15025, 67, 157),
(15026, 67, 158),
(15595, 67, 159),
(15596, 67, 160),
(15597, 67, 161),
(16497, 67, 162),
(16875, 67, 163),
(16876, 67, 164),
(16877, 67, 165),
(17775, 67, 166),
(1214, 67, 167),
(18060, 67, 168),
(18061, 67, 169),
(18062, 67, 170),
(5160, 68, 1),
(5161, 68, 2),
(5162, 68, 3),
(5163, 68, 4),
(5164, 68, 5),
(5165, 68, 6),
(5166, 68, 7),
(18575, 68, 8),
(18681, 68, 9),
(18787, 68, 10),
(5167, 68, 11),
(18895, 68, 12),
(19001, 68, 13),
(1215, 68, 14),
(19087, 68, 15),
(9008, 68, 16),
(19193, 68, 17),
(9009, 68, 18),
(1216, 68, 19),
(19279, 68, 20),
(1217, 68, 21),
(1218, 68, 22),
(1219, 68, 23),
(1220, 68, 24),
(1221, 68, 25),
(1222, 68, 26),
(19366, 68, 27),
(19444, 68, 28),
(19552, 68, 29),
(19660, 68, 30),
(19768, 68, 31),
(1223, 68, 32),
(19876, 68, 33),
(10153, 68, 34),
(10154, 68, 35),
(10155, 68, 36),
(10156, 68, 37),
(19983, 68, 38),
(10157, 68, 39),
(20085, 68, 40),
(15598, 68, 41),
(20189, 68, 42),
(20297, 68, 43),
(20405, 68, 44),
(20513, 68, 45),
(7147, 68, 46),
(7148, 68, 47),
(7149, 68, 48),
(20619, 68, 49),
(20707, 68, 50),
(7150, 68, 51),
(20797, 68, 52),
(20903, 68, 53),
(7151, 68, 54),
(21010, 68, 55),
(21116, 68, 56),
(21204, 68, 57),
(21312, 68, 58),
(21418, 68, 59),
(11986, 68, 60),
(21505, 68, 61),
(21612, 68, 62),
(21720, 68, 63),
(13379, 68, 64),
(21821, 68, 65),
(21927, 68, 66),
(13380, 68, 67),
(13381, 68, 68),
(13382, 68, 69),
(13383, 68, 70),
(13384, 68, 71),
(13385, 68, 72),
(22034, 68, 73),
(16878, 68, 74),
(16879, 68, 75),
(16880, 68, 76),
(22141, 68, 77),
(22246, 68, 78),
(22352, 68, 79),
(22459, 68, 80),
(16498, 68, 81),
(22566, 68, 82),
(22673, 68, 83),
(15599, 68, 84),
(22780, 68, 85),
(22888, 68, 86),
(15600, 68, 87),
(17776, 68, 88),
(22996, 68, 89),
(23103, 68, 90),
(23210, 68, 91),
(23318, 68, 92),
(23426, 68, 93),
(23534, 68, 94),
(23642, 68, 95),
(13386, 68, 96),
(23750, 68, 97),
(23858, 68, 98),
(7152, 68, 99),
(1224, 68, 100),
(1225, 68, 101),
(1226, 68, 102),
(1227, 68, 103),
(1228, 68, 104),
(1229, 68, 105),
(1230, 68, 106),
(1231, 68, 107),
(23965, 68, 108),
(1232, 68, 109),
(1233, 68, 110),
(1234, 68, 111),
(24043, 68, 112),
(5168, 68, 113),
(5169, 68, 114),
(5170, 68, 115),
(5171, 68, 116),
(5172, 68, 117),
(5173, 68, 118),
(5174, 68, 119),
(5175, 68, 120),
(7153, 68, 121),
(7154, 68, 122),
(7155, 68, 123),
(7156, 68, 124),
(7157, 68, 125),
(7158, 68, 126),
(7159, 68, 127),
(7160, 68, 128),
(9010, 68, 129),
(9011, 68, 130),
(9012, 68, 131),
(9013, 68, 132),
(9014, 68, 133),
(9015, 68, 134),
(10158, 68, 135),
(10159, 68, 136),
(10160, 68, 137),
(10161, 68, 138),
(10162, 68, 139),
(10163, 68, 140),
(10164, 68, 141),
(11987, 68, 142),
(11988, 68, 143),
(11989, 68, 144),
(11990, 68, 145),
(13387, 68, 146),
(13388, 68, 147),
(13389, 68, 148),
(13390, 68, 149),
(13391, 68, 150),
(13392, 68, 151),
(13393, 68, 152),
(13394, 68, 153),
(13395, 68, 154),
(15027, 68, 155),
(15028, 68, 156),
(15029, 68, 157),
(15030, 68, 158),
(15601, 68, 159),
(15602, 68, 160),
(15603, 68, 161),
(16499, 68, 162),
(16881, 68, 163),
(16882, 68, 164),
(16883, 68, 165),
(17777, 68, 166),
(1235, 68, 167),
(18063, 68, 168),
(18064, 68, 169),
(18065, 68, 170),
(5176, 69, 1),
(5177, 69, 2),
(5178, 69, 3),
(5179, 69, 4),
(5180, 69, 5),
(5181, 69, 6),
(5182, 69, 7),
(18576, 69, 8),
(18682, 69, 9),
(18788, 69, 10),
(5183, 69, 11),
(18896, 69, 12),
(19002, 69, 13),
(1236, 69, 14),
(19088, 69, 15),
(9016, 69, 16),
(19194, 69, 17),
(9017, 69, 18),
(1237, 69, 19),
(19280, 69, 20),
(1238, 69, 21),
(1239, 69, 22),
(1240, 69, 23),
(1241, 69, 24),
(1242, 69, 25),
(1243, 69, 26),
(19367, 69, 27),
(19445, 69, 28),
(19553, 69, 29),
(19661, 69, 30),
(19769, 69, 31),
(1244, 69, 32),
(19877, 69, 33),
(10165, 69, 34),
(10166, 69, 35),
(10167, 69, 36),
(10168, 69, 37),
(19984, 69, 38),
(10169, 69, 39),
(20086, 69, 40),
(15604, 69, 41),
(20190, 69, 42),
(20298, 69, 43),
(20406, 69, 44),
(20514, 69, 45),
(7161, 69, 46),
(7162, 69, 47),
(7163, 69, 48),
(20620, 69, 49),
(20708, 69, 50),
(7164, 69, 51),
(20798, 69, 52),
(20904, 69, 53),
(7165, 69, 54),
(21011, 69, 55),
(21117, 69, 56),
(21205, 69, 57),
(21313, 69, 58),
(21419, 69, 59),
(11991, 69, 60),
(21506, 69, 61),
(21613, 69, 62),
(21721, 69, 63),
(13396, 69, 64),
(21822, 69, 65),
(21928, 69, 66),
(13397, 69, 67),
(13398, 69, 68),
(13399, 69, 69),
(13400, 69, 70),
(13401, 69, 71),
(13402, 69, 72),
(22035, 69, 73),
(16884, 69, 74),
(16885, 69, 75),
(16886, 69, 76),
(22142, 69, 77),
(22247, 69, 78),
(22353, 69, 79),
(22460, 69, 80),
(16500, 69, 81),
(22567, 69, 82),
(22674, 69, 83),
(15605, 69, 84),
(22781, 69, 85),
(22889, 69, 86),
(15606, 69, 87),
(17778, 69, 88),
(22997, 69, 89),
(23104, 69, 90),
(23211, 69, 91),
(23319, 69, 92),
(23427, 69, 93),
(23535, 69, 94),
(23643, 69, 95),
(13403, 69, 96),
(23751, 69, 97),
(23859, 69, 98),
(7166, 69, 99),
(1245, 69, 100),
(1246, 69, 101),
(1247, 69, 102),
(1248, 69, 103),
(1249, 69, 104),
(1250, 69, 105),
(1251, 69, 106),
(1252, 69, 107),
(23966, 69, 108),
(1253, 69, 109),
(1254, 69, 110),
(1255, 69, 111),
(24044, 69, 112),
(5184, 69, 113),
(5185, 69, 114),
(5186, 69, 115),
(5187, 69, 116),
(5188, 69, 117),
(5189, 69, 118),
(5190, 69, 119),
(5191, 69, 120),
(7167, 69, 121),
(7168, 69, 122),
(7169, 69, 123),
(7170, 69, 124),
(7171, 69, 125),
(7172, 69, 126),
(7173, 69, 127),
(7174, 69, 128),
(9018, 69, 129),
(9019, 69, 130),
(9020, 69, 131),
(9021, 69, 132),
(9022, 69, 133),
(9023, 69, 134),
(10170, 69, 135),
(10171, 69, 136),
(10172, 69, 137),
(10173, 69, 138),
(10174, 69, 139),
(10175, 69, 140),
(10176, 69, 141),
(11992, 69, 142),
(11993, 69, 143),
(11994, 69, 144),
(11995, 69, 145),
(13404, 69, 146),
(13405, 69, 147),
(13406, 69, 148),
(13407, 69, 149),
(13408, 69, 150),
(13409, 69, 151),
(13410, 69, 152),
(13411, 69, 153),
(13412, 69, 154),
(15031, 69, 155),
(15032, 69, 156),
(15033, 69, 157),
(15034, 69, 158),
(15607, 69, 159),
(15608, 69, 160),
(15609, 69, 161),
(16501, 69, 162),
(16887, 69, 163),
(16888, 69, 164),
(16889, 69, 165),
(17779, 69, 166),
(1256, 69, 167),
(18066, 69, 168),
(18067, 69, 169),
(18068, 69, 170),
(5192, 70, 1),
(5193, 70, 2),
(5194, 70, 3),
(5195, 70, 4),
(5196, 70, 5),
(5197, 70, 6),
(5198, 70, 7),
(18577, 70, 8),
(18683, 70, 9),
(18789, 70, 10),
(5199, 70, 11),
(18897, 70, 12),
(19003, 70, 13),
(1257, 70, 14),
(19089, 70, 15),
(9024, 70, 16),
(19195, 70, 17),
(9025, 70, 18),
(1258, 70, 19),
(19281, 70, 20),
(1259, 70, 21),
(1260, 70, 22),
(1261, 70, 23),
(1262, 70, 24),
(1263, 70, 25),
(1264, 70, 26),
(18487, 70, 27),
(19446, 70, 28),
(19554, 70, 29),
(19662, 70, 30),
(19770, 70, 31),
(1265, 70, 32),
(19878, 70, 33),
(10177, 70, 34),
(10178, 70, 35),
(10179, 70, 36),
(10180, 70, 37),
(19985, 70, 38),
(10181, 70, 39),
(20087, 70, 40),
(15610, 70, 41),
(20191, 70, 42),
(20299, 70, 43),
(20407, 70, 44),
(20515, 70, 45),
(7175, 70, 46),
(7176, 70, 47),
(7177, 70, 48),
(20621, 70, 49),
(20709, 70, 50),
(7178, 70, 51),
(20799, 70, 52),
(20905, 70, 53),
(7179, 70, 54),
(21012, 70, 55),
(21118, 70, 56),
(21206, 70, 57),
(21314, 70, 58),
(21420, 70, 59),
(11996, 70, 60),
(21507, 70, 61),
(21614, 70, 62),
(21722, 70, 63),
(13413, 70, 64),
(21823, 70, 65),
(21929, 70, 66),
(13414, 70, 67),
(13415, 70, 68),
(13416, 70, 69),
(13417, 70, 70),
(13418, 70, 71),
(13419, 70, 72),
(22036, 70, 73),
(16890, 70, 74),
(16891, 70, 75),
(16892, 70, 76),
(22143, 70, 77),
(22248, 70, 78),
(22354, 70, 79),
(22461, 70, 80),
(16502, 70, 81),
(22568, 70, 82),
(22675, 70, 83),
(15611, 70, 84),
(22782, 70, 85),
(22890, 70, 86),
(15612, 70, 87),
(17780, 70, 88),
(22998, 70, 89),
(23105, 70, 90),
(23212, 70, 91),
(23320, 70, 92),
(23428, 70, 93),
(23536, 70, 94),
(23644, 70, 95),
(13420, 70, 96),
(23752, 70, 97),
(23860, 70, 98),
(7180, 70, 99),
(1266, 70, 100),
(1267, 70, 101),
(1268, 70, 102),
(1269, 70, 103),
(1270, 70, 104),
(1271, 70, 105),
(1272, 70, 106),
(1273, 70, 107),
(18488, 70, 108),
(1274, 70, 109),
(1275, 70, 110),
(1276, 70, 111),
(24045, 70, 112),
(5200, 70, 113),
(5201, 70, 114),
(5202, 70, 115),
(5203, 70, 116),
(5204, 70, 117),
(5205, 70, 118),
(5206, 70, 119),
(5207, 70, 120),
(7181, 70, 121),
(7182, 70, 122),
(7183, 70, 123),
(7184, 70, 124),
(7185, 70, 125),
(7186, 70, 126),
(7187, 70, 127),
(7188, 70, 128),
(9026, 70, 129),
(9027, 70, 130),
(9028, 70, 131),
(9029, 70, 132),
(9030, 70, 133),
(9031, 70, 134),
(10182, 70, 135),
(10183, 70, 136),
(10184, 70, 137),
(10185, 70, 138),
(10186, 70, 139),
(10187, 70, 140),
(10188, 70, 141),
(11997, 70, 142),
(11998, 70, 143),
(11999, 70, 144),
(12000, 70, 145),
(13421, 70, 146),
(13422, 70, 147),
(13423, 70, 148),
(13424, 70, 149),
(13425, 70, 150),
(13426, 70, 151),
(13427, 70, 152),
(13428, 70, 153),
(13429, 70, 154),
(15035, 70, 155),
(15036, 70, 156),
(15037, 70, 157),
(15038, 70, 158),
(15613, 70, 159),
(15614, 70, 160),
(15615, 70, 161),
(16503, 70, 162),
(16893, 70, 163),
(16894, 70, 164),
(16895, 70, 165),
(17781, 70, 166),
(1277, 70, 167),
(18069, 70, 168),
(18070, 70, 169),
(18071, 70, 170),
(5208, 71, 1),
(5209, 71, 2),
(5210, 71, 3),
(5211, 71, 4),
(5212, 71, 5),
(5213, 71, 6),
(5214, 71, 7),
(18578, 71, 8),
(18684, 71, 9),
(18790, 71, 10),
(5215, 71, 11),
(18898, 71, 12),
(19004, 71, 13),
(1278, 71, 14),
(19090, 71, 15),
(9032, 71, 16),
(19196, 71, 17),
(9033, 71, 18),
(1279, 71, 19),
(19282, 71, 20),
(1280, 71, 21),
(1281, 71, 22),
(1282, 71, 23),
(1283, 71, 24),
(1284, 71, 25),
(1285, 71, 26),
(19368, 71, 27),
(19447, 71, 28),
(19555, 71, 29),
(19663, 71, 30),
(19771, 71, 31),
(1286, 71, 32),
(19879, 71, 33),
(10189, 71, 34),
(10190, 71, 35),
(10191, 71, 36),
(10192, 71, 37),
(19986, 71, 38),
(10193, 71, 39),
(20088, 71, 40),
(15616, 71, 41),
(20192, 71, 42),
(20300, 71, 43),
(20408, 71, 44),
(20516, 71, 45),
(7189, 71, 46),
(7190, 71, 47),
(7191, 71, 48),
(20622, 71, 49),
(20710, 71, 50),
(7192, 71, 51),
(20800, 71, 52),
(20906, 71, 53),
(7193, 71, 54),
(21013, 71, 55),
(21119, 71, 56),
(21207, 71, 57),
(21315, 71, 58),
(21421, 71, 59),
(12001, 71, 60),
(21508, 71, 61),
(21615, 71, 62),
(21723, 71, 63),
(13430, 71, 64),
(21824, 71, 65),
(21930, 71, 66),
(13431, 71, 67),
(13432, 71, 68),
(13433, 71, 69),
(13434, 71, 70),
(13435, 71, 71),
(13436, 71, 72),
(22037, 71, 73),
(16896, 71, 74),
(16897, 71, 75),
(16898, 71, 76),
(22144, 71, 77),
(22249, 71, 78),
(22355, 71, 79),
(22462, 71, 80),
(16504, 71, 81),
(22569, 71, 82),
(22676, 71, 83),
(15617, 71, 84),
(22783, 71, 85),
(22891, 71, 86),
(15618, 71, 87),
(17782, 71, 88),
(22999, 71, 89),
(23106, 71, 90),
(23213, 71, 91),
(23321, 71, 92),
(23429, 71, 93),
(23537, 71, 94),
(23645, 71, 95),
(13437, 71, 96),
(23753, 71, 97),
(23861, 71, 98),
(7194, 71, 99),
(1287, 71, 100),
(1288, 71, 101),
(1289, 71, 102),
(1290, 71, 103),
(1291, 71, 104),
(1292, 71, 105),
(1293, 71, 106),
(1294, 71, 107),
(23967, 71, 108),
(1295, 71, 109),
(1296, 71, 110),
(1297, 71, 111),
(24046, 71, 112),
(5216, 71, 113),
(5217, 71, 114),
(5218, 71, 115),
(5219, 71, 116),
(5220, 71, 117),
(5221, 71, 118),
(5222, 71, 119),
(5223, 71, 120),
(7195, 71, 121),
(7196, 71, 122),
(7197, 71, 123),
(7198, 71, 124),
(7199, 71, 125),
(7200, 71, 126),
(7201, 71, 127),
(7202, 71, 128),
(9034, 71, 129),
(9035, 71, 130),
(9036, 71, 131),
(9037, 71, 132),
(9038, 71, 133),
(9039, 71, 134),
(10194, 71, 135),
(10195, 71, 136),
(10196, 71, 137),
(10197, 71, 138),
(10198, 71, 139),
(10199, 71, 140),
(10200, 71, 141),
(12002, 71, 142),
(12003, 71, 143),
(12004, 71, 144),
(12005, 71, 145),
(13438, 71, 146),
(13439, 71, 147),
(13440, 71, 148),
(13441, 71, 149),
(13442, 71, 150),
(13443, 71, 151),
(13444, 71, 152),
(13445, 71, 153),
(13446, 71, 154),
(15039, 71, 155),
(15040, 71, 156),
(15041, 71, 157),
(15042, 71, 158),
(15619, 71, 159),
(15620, 71, 160),
(15621, 71, 161),
(16505, 71, 162),
(16899, 71, 163),
(16900, 71, 164),
(16901, 71, 165),
(17783, 71, 166),
(1298, 71, 167),
(18072, 71, 168),
(18073, 71, 169),
(18074, 71, 170),
(5224, 72, 1),
(5225, 72, 2),
(5226, 72, 3),
(5227, 72, 4),
(5228, 72, 5),
(5229, 72, 6),
(5230, 72, 7),
(18579, 72, 8),
(18685, 72, 9),
(18791, 72, 10),
(5231, 72, 11),
(18899, 72, 12),
(19005, 72, 13),
(1299, 72, 14),
(19091, 72, 15),
(9040, 72, 16),
(19197, 72, 17),
(9041, 72, 18),
(1300, 72, 19),
(19283, 72, 20),
(1301, 72, 21),
(1302, 72, 22),
(1303, 72, 23),
(1304, 72, 24),
(1305, 72, 25),
(1306, 72, 26),
(19369, 72, 27),
(19448, 72, 28),
(19556, 72, 29),
(19664, 72, 30),
(19772, 72, 31),
(1307, 72, 32),
(19880, 72, 33),
(10201, 72, 34),
(10202, 72, 35),
(10203, 72, 36),
(10204, 72, 37),
(19987, 72, 38),
(10205, 72, 39),
(20089, 72, 40),
(15622, 72, 41),
(20193, 72, 42),
(20301, 72, 43),
(20409, 72, 44),
(20517, 72, 45),
(7203, 72, 46),
(7204, 72, 47),
(7205, 72, 48),
(20623, 72, 49),
(20711, 72, 50),
(7206, 72, 51),
(20801, 72, 52),
(20907, 72, 53),
(7207, 72, 54),
(21014, 72, 55),
(21120, 72, 56),
(21208, 72, 57),
(21316, 72, 58),
(21422, 72, 59),
(12006, 72, 60),
(21509, 72, 61),
(21616, 72, 62),
(21724, 72, 63),
(13447, 72, 64),
(21825, 72, 65),
(21931, 72, 66),
(13448, 72, 67),
(13449, 72, 68),
(13450, 72, 69),
(13451, 72, 70),
(13452, 72, 71),
(13453, 72, 72),
(22038, 72, 73),
(16902, 72, 74),
(16903, 72, 75),
(16904, 72, 76),
(22145, 72, 77),
(22250, 72, 78),
(22356, 72, 79),
(22463, 72, 80),
(16506, 72, 81),
(22570, 72, 82),
(22677, 72, 83),
(15623, 72, 84),
(22784, 72, 85),
(22892, 72, 86),
(15624, 72, 87),
(17784, 72, 88),
(23000, 72, 89),
(23107, 72, 90),
(23214, 72, 91),
(23322, 72, 92),
(23430, 72, 93),
(23538, 72, 94),
(23646, 72, 95),
(13454, 72, 96),
(23754, 72, 97),
(23862, 72, 98),
(7208, 72, 99),
(1308, 72, 100),
(1309, 72, 101),
(1310, 72, 102),
(1311, 72, 103),
(1312, 72, 104),
(1313, 72, 105),
(1314, 72, 106),
(1315, 72, 107),
(23968, 72, 108),
(1316, 72, 109),
(1317, 72, 110),
(1318, 72, 111),
(24047, 72, 112),
(5232, 72, 113),
(5233, 72, 114),
(5234, 72, 115),
(5235, 72, 116),
(5236, 72, 117),
(5237, 72, 118),
(5238, 72, 119),
(5239, 72, 120),
(7209, 72, 121),
(7210, 72, 122),
(7211, 72, 123),
(7212, 72, 124),
(7213, 72, 125),
(7214, 72, 126),
(7215, 72, 127),
(7216, 72, 128),
(9042, 72, 129),
(9043, 72, 130),
(9044, 72, 131),
(9045, 72, 132),
(9046, 72, 133),
(9047, 72, 134),
(10206, 72, 135),
(10207, 72, 136),
(10208, 72, 137),
(10209, 72, 138),
(10210, 72, 139),
(10211, 72, 140),
(10212, 72, 141),
(12007, 72, 142),
(12008, 72, 143),
(12009, 72, 144),
(12010, 72, 145),
(13455, 72, 146),
(13456, 72, 147),
(13457, 72, 148),
(13458, 72, 149),
(13459, 72, 150),
(13460, 72, 151),
(13461, 72, 152),
(13462, 72, 153),
(13463, 72, 154),
(15043, 72, 155),
(15044, 72, 156),
(15045, 72, 157),
(15046, 72, 158),
(15625, 72, 159),
(15626, 72, 160),
(15627, 72, 161),
(16507, 72, 162),
(16905, 72, 163),
(16906, 72, 164),
(16907, 72, 165),
(17785, 72, 166),
(1319, 72, 167),
(18075, 72, 168),
(18076, 72, 169),
(18077, 72, 170),
(5240, 73, 1),
(5241, 73, 2),
(5242, 73, 3),
(5243, 73, 4),
(5244, 73, 5),
(5245, 73, 6),
(5246, 73, 7),
(18580, 73, 8),
(18686, 73, 9),
(18792, 73, 10),
(5247, 73, 11),
(18900, 73, 12),
(19006, 73, 13),
(1320, 73, 14),
(19092, 73, 15),
(9048, 73, 16),
(19198, 73, 17),
(9049, 73, 18),
(1321, 73, 19),
(19284, 73, 20),
(1322, 73, 21),
(1323, 73, 22),
(1324, 73, 23),
(1325, 73, 24),
(1326, 73, 25),
(1327, 73, 26),
(18489, 73, 27),
(19449, 73, 28),
(19557, 73, 29),
(19665, 73, 30),
(19773, 73, 31),
(1328, 73, 32),
(19881, 73, 33),
(10213, 73, 34),
(10214, 73, 35),
(10215, 73, 36),
(10216, 73, 37),
(19988, 73, 38),
(10217, 73, 39),
(20090, 73, 40),
(15628, 73, 41),
(20194, 73, 42),
(20302, 73, 43),
(20410, 73, 44),
(20518, 73, 45),
(7217, 73, 46),
(7218, 73, 47),
(7219, 73, 48),
(20624, 73, 49),
(20712, 73, 50),
(7220, 73, 51),
(20802, 73, 52),
(20908, 73, 53),
(7221, 73, 54),
(21015, 73, 55),
(21121, 73, 56),
(21209, 73, 57),
(21317, 73, 58),
(21423, 73, 59),
(12011, 73, 60),
(21510, 73, 61),
(21617, 73, 62),
(21725, 73, 63),
(13464, 73, 64),
(21826, 73, 65),
(21932, 73, 66),
(13465, 73, 67),
(13466, 73, 68),
(13467, 73, 69),
(13468, 73, 70),
(13469, 73, 71),
(13470, 73, 72),
(22039, 73, 73),
(16908, 73, 74),
(16909, 73, 75),
(16910, 73, 76),
(22146, 73, 77),
(22251, 73, 78),
(22357, 73, 79),
(22464, 73, 80),
(16508, 73, 81),
(22571, 73, 82),
(22678, 73, 83),
(15629, 73, 84),
(22785, 73, 85),
(22893, 73, 86),
(15630, 73, 87),
(17786, 73, 88),
(23001, 73, 89),
(23108, 73, 90),
(23215, 73, 91),
(23323, 73, 92),
(23431, 73, 93),
(23539, 73, 94),
(23647, 73, 95),
(13471, 73, 96),
(23755, 73, 97),
(23863, 73, 98),
(7222, 73, 99),
(1329, 73, 100),
(1330, 73, 101),
(1331, 73, 102),
(1332, 73, 103),
(1333, 73, 104),
(1334, 73, 105),
(1335, 73, 106),
(1336, 73, 107),
(18490, 73, 108),
(1337, 73, 109),
(1338, 73, 110),
(1339, 73, 111),
(24048, 73, 112),
(5248, 73, 113),
(5249, 73, 114),
(5250, 73, 115),
(5251, 73, 116),
(5252, 73, 117),
(5253, 73, 118),
(5254, 73, 119),
(5255, 73, 120),
(7223, 73, 121),
(7224, 73, 122),
(7225, 73, 123),
(7226, 73, 124),
(7227, 73, 125),
(7228, 73, 126),
(7229, 73, 127),
(7230, 73, 128),
(9050, 73, 129),
(9051, 73, 130),
(9052, 73, 131),
(9053, 73, 132),
(9054, 73, 133),
(9055, 73, 134),
(10218, 73, 135),
(10219, 73, 136),
(10220, 73, 137),
(10221, 73, 138),
(10222, 73, 139),
(10223, 73, 140),
(10224, 73, 141),
(12012, 73, 142),
(12013, 73, 143),
(12014, 73, 144),
(12015, 73, 145),
(13472, 73, 146),
(13473, 73, 147),
(13474, 73, 148),
(13475, 73, 149),
(13476, 73, 150),
(13477, 73, 151),
(13478, 73, 152),
(13479, 73, 153),
(13480, 73, 154),
(15047, 73, 155),
(15048, 73, 156),
(15049, 73, 157),
(15050, 73, 158),
(15631, 73, 159),
(15632, 73, 160),
(15633, 73, 161),
(16509, 73, 162),
(16911, 73, 163),
(16912, 73, 164),
(16913, 73, 165),
(17787, 73, 166),
(1340, 73, 167),
(18078, 73, 168),
(18079, 73, 169),
(18080, 73, 170),
(5256, 74, 1),
(5257, 74, 2),
(5258, 74, 3),
(5259, 74, 4),
(5260, 74, 5),
(5261, 74, 6),
(5262, 74, 7),
(18581, 74, 8),
(18687, 74, 9),
(18793, 74, 10),
(5263, 74, 11),
(18901, 74, 12),
(19007, 74, 13),
(1341, 74, 14),
(19093, 74, 15),
(9056, 74, 16),
(19199, 74, 17),
(9057, 74, 18),
(1342, 74, 19),
(19285, 74, 20),
(1343, 74, 21),
(1344, 74, 22),
(1345, 74, 23),
(1346, 74, 24),
(1347, 74, 25),
(1348, 74, 26),
(19370, 74, 27),
(19450, 74, 28),
(19558, 74, 29),
(19666, 74, 30),
(19774, 74, 31),
(1349, 74, 32),
(19882, 74, 33),
(10225, 74, 34),
(10226, 74, 35),
(10227, 74, 36),
(10228, 74, 37),
(19989, 74, 38),
(10229, 74, 39),
(20091, 74, 40),
(15634, 74, 41),
(20195, 74, 42),
(20303, 74, 43),
(20411, 74, 44),
(20519, 74, 45),
(7231, 74, 46),
(7232, 74, 47),
(7233, 74, 48),
(20625, 74, 49),
(20713, 74, 50),
(7234, 74, 51),
(20803, 74, 52),
(20909, 74, 53),
(7235, 74, 54),
(21016, 74, 55),
(21122, 74, 56),
(21210, 74, 57),
(21318, 74, 58),
(21424, 74, 59),
(12016, 74, 60),
(21511, 74, 61),
(21618, 74, 62),
(21726, 74, 63),
(13481, 74, 64),
(21827, 74, 65),
(21933, 74, 66),
(13482, 74, 67),
(13483, 74, 68),
(13484, 74, 69),
(13485, 74, 70),
(13486, 74, 71),
(13487, 74, 72),
(22040, 74, 73),
(16914, 74, 74),
(16915, 74, 75),
(16916, 74, 76),
(22147, 74, 77),
(22252, 74, 78),
(22358, 74, 79),
(22465, 74, 80),
(16510, 74, 81),
(22572, 74, 82),
(22679, 74, 83),
(15635, 74, 84),
(22786, 74, 85),
(22894, 74, 86),
(15636, 74, 87),
(17788, 74, 88),
(23002, 74, 89),
(23109, 74, 90),
(23216, 74, 91),
(23324, 74, 92),
(23432, 74, 93),
(23540, 74, 94),
(23648, 74, 95),
(13488, 74, 96),
(23756, 74, 97),
(23864, 74, 98),
(7236, 74, 99),
(1350, 74, 100),
(1351, 74, 101),
(1352, 74, 102),
(1353, 74, 103),
(1354, 74, 104),
(1355, 74, 105),
(1356, 74, 106),
(1357, 74, 107),
(23969, 74, 108),
(1358, 74, 109),
(1359, 74, 110),
(1360, 74, 111),
(24049, 74, 112),
(5264, 74, 113),
(5265, 74, 114),
(5266, 74, 115),
(5267, 74, 116),
(5268, 74, 117),
(5269, 74, 118),
(5270, 74, 119),
(5271, 74, 120),
(7237, 74, 121),
(7238, 74, 122),
(7239, 74, 123),
(7240, 74, 124),
(7241, 74, 125),
(7242, 74, 126),
(7243, 74, 127),
(7244, 74, 128),
(9058, 74, 129),
(9059, 74, 130),
(9060, 74, 131),
(9061, 74, 132),
(9062, 74, 133),
(9063, 74, 134),
(10230, 74, 135),
(10231, 74, 136),
(10232, 74, 137),
(10233, 74, 138),
(10234, 74, 139),
(10235, 74, 140),
(10236, 74, 141),
(12017, 74, 142),
(12018, 74, 143),
(12019, 74, 144),
(12020, 74, 145),
(13489, 74, 146),
(13490, 74, 147),
(13491, 74, 148),
(13492, 74, 149),
(13493, 74, 150),
(13494, 74, 151),
(13495, 74, 152),
(13496, 74, 153),
(13497, 74, 154),
(15051, 74, 155),
(15052, 74, 156),
(15053, 74, 157),
(15054, 74, 158),
(15637, 74, 159),
(15638, 74, 160),
(15639, 74, 161),
(16511, 74, 162),
(16917, 74, 163),
(16918, 74, 164),
(16919, 74, 165),
(17789, 74, 166),
(1361, 74, 167),
(18081, 74, 168),
(18082, 74, 169),
(18083, 74, 170),
(5272, 75, 1),
(5273, 75, 2),
(5274, 75, 3),
(5275, 75, 4),
(5276, 75, 5),
(5277, 75, 6),
(5278, 75, 7),
(18582, 75, 8),
(18688, 75, 9),
(18794, 75, 10),
(5279, 75, 11),
(18902, 75, 12),
(19008, 75, 13),
(1362, 75, 14),
(19094, 75, 15),
(9064, 75, 16),
(19200, 75, 17),
(9065, 75, 18),
(1363, 75, 19),
(19286, 75, 20),
(1364, 75, 21),
(1365, 75, 22),
(1366, 75, 23),
(1367, 75, 24),
(1368, 75, 25),
(1369, 75, 26),
(19371, 75, 27),
(19451, 75, 28),
(19559, 75, 29),
(19667, 75, 30),
(19775, 75, 31),
(1370, 75, 32),
(19883, 75, 33),
(10237, 75, 34),
(10238, 75, 35),
(10239, 75, 36),
(10240, 75, 37),
(19990, 75, 38),
(10241, 75, 39),
(20092, 75, 40),
(15640, 75, 41),
(20196, 75, 42),
(20304, 75, 43),
(20412, 75, 44),
(20520, 75, 45),
(7245, 75, 46),
(7246, 75, 47),
(7247, 75, 48),
(20626, 75, 49),
(20714, 75, 50),
(7248, 75, 51),
(20804, 75, 52),
(20910, 75, 53),
(7249, 75, 54),
(21017, 75, 55),
(21123, 75, 56),
(21211, 75, 57),
(21319, 75, 58),
(21425, 75, 59),
(12021, 75, 60),
(21512, 75, 61),
(21619, 75, 62),
(21727, 75, 63),
(13498, 75, 64),
(21828, 75, 65),
(21934, 75, 66),
(13499, 75, 67),
(13500, 75, 68),
(13501, 75, 69),
(13502, 75, 70),
(13503, 75, 71),
(13504, 75, 72),
(22041, 75, 73),
(16920, 75, 74),
(16921, 75, 75),
(16922, 75, 76),
(22148, 75, 77),
(22253, 75, 78),
(22359, 75, 79),
(22466, 75, 80),
(16512, 75, 81),
(22573, 75, 82),
(22680, 75, 83),
(15641, 75, 84),
(22787, 75, 85),
(22895, 75, 86),
(15642, 75, 87),
(17790, 75, 88),
(23003, 75, 89),
(23110, 75, 90),
(23217, 75, 91),
(23325, 75, 92),
(23433, 75, 93),
(23541, 75, 94),
(23649, 75, 95),
(13505, 75, 96),
(23757, 75, 97),
(23865, 75, 98),
(7250, 75, 99),
(1371, 75, 100),
(1372, 75, 101),
(1373, 75, 102),
(1374, 75, 103),
(1375, 75, 104),
(1376, 75, 105),
(1377, 75, 106),
(1378, 75, 107),
(23970, 75, 108),
(1379, 75, 109),
(1380, 75, 110),
(1381, 75, 111),
(24050, 75, 112),
(5280, 75, 113),
(5281, 75, 114),
(5282, 75, 115),
(5283, 75, 116),
(5284, 75, 117),
(5285, 75, 118),
(5286, 75, 119),
(5287, 75, 120),
(7251, 75, 121),
(7252, 75, 122),
(7253, 75, 123),
(7254, 75, 124),
(7255, 75, 125),
(7256, 75, 126),
(7257, 75, 127),
(7258, 75, 128),
(9066, 75, 129),
(9067, 75, 130),
(9068, 75, 131),
(9069, 75, 132),
(9070, 75, 133),
(9071, 75, 134),
(10242, 75, 135),
(10243, 75, 136),
(10244, 75, 137),
(10245, 75, 138),
(10246, 75, 139),
(10247, 75, 140),
(10248, 75, 141),
(12022, 75, 142),
(12023, 75, 143),
(12024, 75, 144),
(12025, 75, 145),
(13506, 75, 146),
(13507, 75, 147),
(13508, 75, 148),
(13509, 75, 149),
(13510, 75, 150),
(13511, 75, 151),
(13512, 75, 152),
(13513, 75, 153),
(13514, 75, 154),
(15055, 75, 155),
(15056, 75, 156),
(15057, 75, 157),
(15058, 75, 158),
(15643, 75, 159),
(15644, 75, 160),
(15645, 75, 161),
(16513, 75, 162),
(16923, 75, 163),
(16924, 75, 164),
(16925, 75, 165),
(17791, 75, 166),
(1382, 75, 167),
(18084, 75, 168),
(18085, 75, 169),
(18086, 75, 170),
(5288, 76, 1),
(5289, 76, 2),
(5290, 76, 3),
(5291, 76, 4),
(5292, 76, 5),
(5293, 76, 6),
(5294, 76, 7),
(18583, 76, 8),
(18689, 76, 9),
(18795, 76, 10),
(5295, 76, 11),
(18903, 76, 12),
(19009, 76, 13),
(1383, 76, 14),
(19095, 76, 15),
(9072, 76, 16),
(19201, 76, 17),
(9073, 76, 18),
(1384, 76, 19),
(19287, 76, 20),
(1385, 76, 21),
(1386, 76, 22),
(1387, 76, 23),
(1388, 76, 24),
(1389, 76, 25),
(1390, 76, 26),
(19372, 76, 27),
(19452, 76, 28),
(19560, 76, 29),
(19668, 76, 30),
(19776, 76, 31),
(1391, 76, 32),
(19884, 76, 33),
(10249, 76, 34),
(10250, 76, 35),
(10251, 76, 36),
(10252, 76, 37),
(19991, 76, 38),
(10253, 76, 39),
(20093, 76, 40),
(15646, 76, 41),
(20197, 76, 42),
(20305, 76, 43),
(20413, 76, 44),
(20521, 76, 45),
(7259, 76, 46),
(7260, 76, 47),
(7261, 76, 48),
(20627, 76, 49),
(20715, 76, 50),
(7262, 76, 51),
(20805, 76, 52),
(20911, 76, 53),
(7263, 76, 54),
(21018, 76, 55),
(21124, 76, 56),
(21212, 76, 57),
(21320, 76, 58),
(21426, 76, 59),
(12026, 76, 60),
(21513, 76, 61),
(21620, 76, 62),
(21728, 76, 63),
(13515, 76, 64),
(21829, 76, 65),
(21935, 76, 66),
(13516, 76, 67),
(13517, 76, 68),
(13518, 76, 69),
(13519, 76, 70),
(13520, 76, 71),
(13521, 76, 72),
(22042, 76, 73),
(16926, 76, 74),
(16927, 76, 75),
(16928, 76, 76),
(22149, 76, 77),
(22254, 76, 78),
(22360, 76, 79),
(22467, 76, 80),
(16514, 76, 81),
(22574, 76, 82),
(22681, 76, 83),
(15647, 76, 84),
(22788, 76, 85),
(22896, 76, 86),
(15648, 76, 87),
(17792, 76, 88),
(23004, 76, 89),
(23111, 76, 90),
(23218, 76, 91),
(23326, 76, 92),
(23434, 76, 93),
(23542, 76, 94),
(23650, 76, 95),
(13522, 76, 96),
(23758, 76, 97),
(23866, 76, 98),
(7264, 76, 99),
(1392, 76, 100),
(1393, 76, 101),
(1394, 76, 102),
(1395, 76, 103),
(1396, 76, 104),
(1397, 76, 105),
(1398, 76, 106),
(1399, 76, 107),
(23971, 76, 108),
(1400, 76, 109),
(1401, 76, 110),
(1402, 76, 111),
(24051, 76, 112),
(5296, 76, 113),
(5297, 76, 114),
(5298, 76, 115),
(5299, 76, 116),
(5300, 76, 117),
(5301, 76, 118),
(5302, 76, 119),
(5303, 76, 120),
(7265, 76, 121),
(7266, 76, 122),
(7267, 76, 123),
(7268, 76, 124),
(7269, 76, 125),
(7270, 76, 126),
(7271, 76, 127),
(7272, 76, 128),
(9074, 76, 129),
(9075, 76, 130),
(9076, 76, 131),
(9077, 76, 132),
(9078, 76, 133),
(9079, 76, 134),
(10254, 76, 135),
(10255, 76, 136),
(10256, 76, 137),
(10257, 76, 138),
(10258, 76, 139),
(10259, 76, 140),
(10260, 76, 141),
(12027, 76, 142),
(12028, 76, 143),
(12029, 76, 144),
(12030, 76, 145),
(13523, 76, 146),
(13524, 76, 147),
(13525, 76, 148),
(13526, 76, 149),
(13527, 76, 150),
(13528, 76, 151),
(13529, 76, 152),
(13530, 76, 153),
(13531, 76, 154),
(15059, 76, 155),
(15060, 76, 156),
(15061, 76, 157),
(15062, 76, 158),
(15649, 76, 159),
(15650, 76, 160),
(15651, 76, 161),
(16515, 76, 162),
(16929, 76, 163),
(16930, 76, 164),
(16931, 76, 165),
(17793, 76, 166),
(1403, 76, 167),
(18087, 76, 168),
(18088, 76, 169),
(18089, 76, 170),
(5304, 77, 1),
(5305, 77, 2),
(5306, 77, 3),
(5307, 77, 4),
(5308, 77, 5),
(5309, 77, 6),
(5310, 77, 7),
(18584, 77, 8),
(18690, 77, 9),
(18796, 77, 10),
(5311, 77, 11),
(18904, 77, 12),
(19010, 77, 13),
(1404, 77, 14),
(19096, 77, 15),
(9080, 77, 16),
(19202, 77, 17),
(9081, 77, 18),
(1405, 77, 19),
(19288, 77, 20),
(1406, 77, 21),
(1407, 77, 22),
(1408, 77, 23),
(1409, 77, 24),
(1410, 77, 25),
(1411, 77, 26),
(19373, 77, 27),
(19453, 77, 28),
(19561, 77, 29),
(19669, 77, 30),
(19777, 77, 31),
(1412, 77, 32),
(19885, 77, 33),
(10261, 77, 34),
(10262, 77, 35),
(10263, 77, 36),
(10264, 77, 37),
(19992, 77, 38),
(10265, 77, 39),
(20094, 77, 40),
(15652, 77, 41),
(20198, 77, 42),
(20306, 77, 43),
(20414, 77, 44),
(20522, 77, 45),
(7273, 77, 46),
(7274, 77, 47),
(7275, 77, 48),
(20628, 77, 49),
(20716, 77, 50),
(7276, 77, 51),
(20806, 77, 52),
(20912, 77, 53),
(7277, 77, 54),
(21019, 77, 55),
(21125, 77, 56),
(21213, 77, 57),
(21321, 77, 58),
(21427, 77, 59),
(12031, 77, 60),
(21514, 77, 61),
(21621, 77, 62),
(21729, 77, 63),
(13532, 77, 64),
(21830, 77, 65),
(21936, 77, 66),
(13533, 77, 67),
(13534, 77, 68),
(13535, 77, 69),
(13536, 77, 70),
(13537, 77, 71),
(13538, 77, 72),
(22043, 77, 73),
(16932, 77, 74),
(16933, 77, 75),
(16934, 77, 76),
(22150, 77, 77),
(22255, 77, 78),
(22361, 77, 79),
(22468, 77, 80),
(16516, 77, 81),
(22575, 77, 82),
(22682, 77, 83),
(15653, 77, 84),
(22789, 77, 85),
(22897, 77, 86),
(15654, 77, 87),
(17794, 77, 88),
(23005, 77, 89),
(23112, 77, 90),
(23219, 77, 91),
(23327, 77, 92),
(23435, 77, 93),
(23543, 77, 94),
(23651, 77, 95),
(13539, 77, 96),
(23759, 77, 97),
(23867, 77, 98),
(7278, 77, 99),
(1413, 77, 100),
(1414, 77, 101),
(1415, 77, 102),
(1416, 77, 103),
(1417, 77, 104),
(1418, 77, 105),
(1419, 77, 106),
(1420, 77, 107),
(23972, 77, 108),
(1421, 77, 109),
(1422, 77, 110),
(1423, 77, 111),
(24052, 77, 112),
(5312, 77, 113),
(5313, 77, 114),
(5314, 77, 115),
(5315, 77, 116),
(5316, 77, 117),
(5317, 77, 118),
(5318, 77, 119),
(5319, 77, 120),
(7279, 77, 121),
(7280, 77, 122),
(7281, 77, 123),
(7282, 77, 124),
(7283, 77, 125),
(7284, 77, 126),
(7285, 77, 127),
(7286, 77, 128),
(9082, 77, 129),
(9083, 77, 130),
(9084, 77, 131),
(9085, 77, 132),
(9086, 77, 133),
(9087, 77, 134),
(10266, 77, 135),
(10267, 77, 136),
(10268, 77, 137),
(10269, 77, 138),
(10270, 77, 139),
(10271, 77, 140),
(10272, 77, 141),
(12032, 77, 142),
(12033, 77, 143),
(12034, 77, 144),
(12035, 77, 145),
(13540, 77, 146),
(13541, 77, 147),
(13542, 77, 148),
(13543, 77, 149),
(13544, 77, 150),
(13545, 77, 151),
(13546, 77, 152),
(13547, 77, 153),
(13548, 77, 154),
(15063, 77, 155),
(15064, 77, 156),
(15065, 77, 157),
(15066, 77, 158),
(15655, 77, 159),
(15656, 77, 160),
(15657, 77, 161),
(16517, 77, 162),
(16935, 77, 163),
(16936, 77, 164),
(16937, 77, 165),
(17795, 77, 166),
(1424, 77, 167),
(18090, 77, 168),
(18091, 77, 169),
(18092, 77, 170),
(5320, 78, 1),
(5321, 78, 2),
(5322, 78, 3),
(5323, 78, 4),
(5324, 78, 5),
(5325, 78, 6),
(5326, 78, 7),
(18585, 78, 8),
(18691, 78, 9),
(18797, 78, 10),
(5327, 78, 11),
(18905, 78, 12),
(19011, 78, 13),
(1425, 78, 14),
(19097, 78, 15),
(9088, 78, 16),
(19203, 78, 17),
(9089, 78, 18),
(1426, 78, 19),
(19289, 78, 20),
(1427, 78, 21),
(1428, 78, 22),
(1429, 78, 23),
(1430, 78, 24),
(1431, 78, 25),
(1432, 78, 26),
(19374, 78, 27),
(19454, 78, 28),
(19562, 78, 29),
(19670, 78, 30),
(19778, 78, 31),
(1433, 78, 32),
(19886, 78, 33),
(10273, 78, 34),
(10274, 78, 35),
(10275, 78, 36),
(10276, 78, 37),
(19993, 78, 38),
(10277, 78, 39),
(20095, 78, 40),
(15658, 78, 41),
(20199, 78, 42),
(20307, 78, 43),
(20415, 78, 44),
(20523, 78, 45),
(7287, 78, 46),
(7288, 78, 47),
(7289, 78, 48),
(20629, 78, 49),
(20717, 78, 50),
(7290, 78, 51),
(20807, 78, 52),
(20913, 78, 53),
(7291, 78, 54),
(21020, 78, 55),
(21126, 78, 56),
(21214, 78, 57),
(21322, 78, 58),
(21428, 78, 59),
(12036, 78, 60),
(21515, 78, 61),
(21622, 78, 62),
(21730, 78, 63),
(13549, 78, 64),
(21831, 78, 65),
(21937, 78, 66),
(13550, 78, 67),
(13551, 78, 68),
(13552, 78, 69),
(13553, 78, 70),
(13554, 78, 71),
(13555, 78, 72),
(22044, 78, 73),
(16938, 78, 74),
(16939, 78, 75),
(16940, 78, 76),
(22151, 78, 77),
(22256, 78, 78),
(22362, 78, 79),
(22469, 78, 80),
(16518, 78, 81),
(22576, 78, 82),
(22683, 78, 83),
(15659, 78, 84),
(22790, 78, 85),
(22898, 78, 86),
(15660, 78, 87),
(17796, 78, 88),
(23006, 78, 89),
(23113, 78, 90),
(23220, 78, 91),
(23328, 78, 92),
(23436, 78, 93),
(23544, 78, 94),
(23652, 78, 95),
(13556, 78, 96),
(23760, 78, 97),
(23868, 78, 98),
(7292, 78, 99),
(1434, 78, 100),
(1435, 78, 101),
(1436, 78, 102),
(1437, 78, 103),
(1438, 78, 104),
(1439, 78, 105),
(1440, 78, 106),
(1441, 78, 107),
(23973, 78, 108),
(1442, 78, 109),
(1443, 78, 110),
(1444, 78, 111),
(24053, 78, 112),
(5328, 78, 113),
(5329, 78, 114),
(5330, 78, 115),
(5331, 78, 116),
(5332, 78, 117),
(5333, 78, 118),
(5334, 78, 119),
(5335, 78, 120),
(7293, 78, 121),
(7294, 78, 122),
(7295, 78, 123),
(7296, 78, 124),
(7297, 78, 125),
(7298, 78, 126),
(7299, 78, 127),
(7300, 78, 128),
(9090, 78, 129),
(9091, 78, 130),
(9092, 78, 131),
(9093, 78, 132),
(9094, 78, 133),
(9095, 78, 134),
(10278, 78, 135),
(10279, 78, 136),
(10280, 78, 137),
(10281, 78, 138),
(10282, 78, 139),
(10283, 78, 140),
(10284, 78, 141),
(12037, 78, 142),
(12038, 78, 143),
(12039, 78, 144),
(12040, 78, 145),
(13557, 78, 146),
(13558, 78, 147),
(13559, 78, 148),
(13560, 78, 149),
(13561, 78, 150),
(13562, 78, 151),
(13563, 78, 152),
(13564, 78, 153),
(13565, 78, 154),
(15067, 78, 155),
(15068, 78, 156),
(15069, 78, 157),
(15070, 78, 158),
(15661, 78, 159),
(15662, 78, 160),
(15663, 78, 161),
(16519, 78, 162),
(16941, 78, 163),
(16942, 78, 164),
(16943, 78, 165),
(17797, 78, 166),
(1445, 78, 167),
(18093, 78, 168),
(18094, 78, 169),
(18095, 78, 170),
(5336, 79, 1),
(5337, 79, 2),
(5338, 79, 3),
(5339, 79, 4),
(5340, 79, 5),
(5341, 79, 6),
(5342, 79, 7),
(18586, 79, 8),
(18692, 79, 9),
(18798, 79, 10),
(5343, 79, 11),
(18906, 79, 12),
(19012, 79, 13),
(1446, 79, 14),
(19098, 79, 15),
(9096, 79, 16),
(19204, 79, 17),
(9097, 79, 18),
(1447, 79, 19),
(19290, 79, 20),
(1448, 79, 21),
(1449, 79, 22),
(1450, 79, 23),
(1451, 79, 24),
(1452, 79, 25),
(1453, 79, 26),
(19375, 79, 27),
(19455, 79, 28),
(19563, 79, 29),
(19671, 79, 30),
(19779, 79, 31),
(1454, 79, 32),
(19887, 79, 33),
(10285, 79, 34),
(10286, 79, 35),
(10287, 79, 36),
(10288, 79, 37),
(19994, 79, 38),
(10289, 79, 39),
(20096, 79, 40),
(15664, 79, 41),
(20200, 79, 42),
(20308, 79, 43),
(20416, 79, 44),
(20524, 79, 45),
(7301, 79, 46),
(7302, 79, 47),
(7303, 79, 48),
(20630, 79, 49),
(20718, 79, 50),
(7304, 79, 51),
(20808, 79, 52),
(20914, 79, 53),
(7305, 79, 54),
(21021, 79, 55),
(21127, 79, 56),
(21215, 79, 57),
(21323, 79, 58),
(21429, 79, 59),
(12041, 79, 60),
(21516, 79, 61),
(21623, 79, 62),
(21731, 79, 63),
(13566, 79, 64),
(21832, 79, 65),
(21938, 79, 66),
(13567, 79, 67),
(13568, 79, 68),
(13569, 79, 69),
(13570, 79, 70),
(13571, 79, 71),
(13572, 79, 72),
(22045, 79, 73),
(16944, 79, 74),
(16945, 79, 75),
(16946, 79, 76),
(22152, 79, 77),
(22257, 79, 78),
(22363, 79, 79),
(22470, 79, 80),
(16520, 79, 81),
(22577, 79, 82),
(22684, 79, 83),
(15665, 79, 84),
(22791, 79, 85),
(22899, 79, 86),
(15666, 79, 87),
(17798, 79, 88),
(23007, 79, 89),
(23114, 79, 90),
(23221, 79, 91),
(23329, 79, 92),
(23437, 79, 93),
(23545, 79, 94),
(23653, 79, 95),
(13573, 79, 96),
(23761, 79, 97),
(23869, 79, 98),
(7306, 79, 99),
(1455, 79, 100),
(1456, 79, 101),
(1457, 79, 102),
(1458, 79, 103),
(1459, 79, 104),
(1460, 79, 105),
(1461, 79, 106),
(1462, 79, 107),
(23974, 79, 108),
(1463, 79, 109),
(1464, 79, 110),
(1465, 79, 111),
(24054, 79, 112),
(5344, 79, 113),
(5345, 79, 114),
(5346, 79, 115),
(5347, 79, 116),
(5348, 79, 117),
(5349, 79, 118),
(5350, 79, 119),
(5351, 79, 120),
(7307, 79, 121),
(7308, 79, 122),
(7309, 79, 123),
(7310, 79, 124),
(7311, 79, 125),
(7312, 79, 126),
(7313, 79, 127),
(7314, 79, 128),
(9098, 79, 129),
(9099, 79, 130),
(9100, 79, 131),
(9101, 79, 132),
(9102, 79, 133),
(9103, 79, 134),
(10290, 79, 135),
(10291, 79, 136),
(10292, 79, 137),
(10293, 79, 138),
(10294, 79, 139),
(10295, 79, 140),
(10296, 79, 141),
(12042, 79, 142),
(12043, 79, 143),
(12044, 79, 144),
(12045, 79, 145),
(13574, 79, 146),
(13575, 79, 147),
(13576, 79, 148),
(13577, 79, 149),
(13578, 79, 150),
(13579, 79, 151),
(13580, 79, 152),
(13581, 79, 153),
(13582, 79, 154),
(15071, 79, 155),
(15072, 79, 156),
(15073, 79, 157),
(15074, 79, 158),
(15667, 79, 159),
(15668, 79, 160),
(15669, 79, 161),
(16521, 79, 162),
(16947, 79, 163),
(16948, 79, 164),
(16949, 79, 165),
(17799, 79, 166),
(1466, 79, 167),
(18096, 79, 168),
(18097, 79, 169),
(18098, 79, 170),
(5352, 80, 1),
(5353, 80, 2),
(5354, 80, 3),
(5355, 80, 4),
(5356, 80, 5),
(5357, 80, 6),
(5358, 80, 7),
(18587, 80, 8),
(18693, 80, 9),
(18799, 80, 10),
(5359, 80, 11),
(18907, 80, 12),
(19013, 80, 13),
(1467, 80, 14),
(19099, 80, 15),
(9104, 80, 16),
(19205, 80, 17),
(9105, 80, 18),
(1468, 80, 19),
(19291, 80, 20),
(1469, 80, 21),
(1470, 80, 22),
(1471, 80, 23),
(1472, 80, 24),
(1473, 80, 25),
(1474, 80, 26),
(19376, 80, 27),
(19456, 80, 28),
(19564, 80, 29),
(19672, 80, 30),
(19780, 80, 31),
(1475, 80, 32),
(19888, 80, 33),
(10297, 80, 34),
(10298, 80, 35),
(10299, 80, 36),
(10300, 80, 37),
(19995, 80, 38),
(10301, 80, 39),
(20097, 80, 40),
(15670, 80, 41),
(20201, 80, 42),
(20309, 80, 43),
(20417, 80, 44),
(20525, 80, 45),
(7315, 80, 46),
(7316, 80, 47),
(7317, 80, 48),
(20631, 80, 49),
(20719, 80, 50),
(7318, 80, 51),
(20809, 80, 52),
(20915, 80, 53),
(7319, 80, 54),
(21022, 80, 55),
(21128, 80, 56),
(21216, 80, 57),
(21324, 80, 58),
(21430, 80, 59),
(12046, 80, 60),
(21517, 80, 61),
(21624, 80, 62),
(21732, 80, 63),
(13583, 80, 64),
(21833, 80, 65),
(21939, 80, 66),
(13584, 80, 67),
(13585, 80, 68),
(13586, 80, 69),
(13587, 80, 70),
(13588, 80, 71),
(13589, 80, 72),
(22046, 80, 73),
(16950, 80, 74),
(16951, 80, 75),
(16952, 80, 76),
(22153, 80, 77),
(22258, 80, 78),
(22364, 80, 79);
INSERT INTO `universitymajors` (`UMID`, `UniversityID`, `MajorID`) VALUES
(22471, 80, 80),
(16522, 80, 81),
(22578, 80, 82),
(22685, 80, 83),
(15671, 80, 84),
(22792, 80, 85),
(22900, 80, 86),
(15672, 80, 87),
(17800, 80, 88),
(23008, 80, 89),
(23115, 80, 90),
(23222, 80, 91),
(23330, 80, 92),
(23438, 80, 93),
(23546, 80, 94),
(23654, 80, 95),
(13590, 80, 96),
(23762, 80, 97),
(23870, 80, 98),
(7320, 80, 99),
(1476, 80, 100),
(1477, 80, 101),
(1478, 80, 102),
(1479, 80, 103),
(1480, 80, 104),
(1481, 80, 105),
(1482, 80, 106),
(1483, 80, 107),
(23975, 80, 108),
(1484, 80, 109),
(1485, 80, 110),
(1486, 80, 111),
(24055, 80, 112),
(5360, 80, 113),
(5361, 80, 114),
(5362, 80, 115),
(5363, 80, 116),
(5364, 80, 117),
(5365, 80, 118),
(5366, 80, 119),
(5367, 80, 120),
(7321, 80, 121),
(7322, 80, 122),
(7323, 80, 123),
(7324, 80, 124),
(7325, 80, 125),
(7326, 80, 126),
(7327, 80, 127),
(7328, 80, 128),
(9106, 80, 129),
(9107, 80, 130),
(9108, 80, 131),
(9109, 80, 132),
(9110, 80, 133),
(9111, 80, 134),
(10302, 80, 135),
(10303, 80, 136),
(10304, 80, 137),
(10305, 80, 138),
(10306, 80, 139),
(10307, 80, 140),
(10308, 80, 141),
(12047, 80, 142),
(12048, 80, 143),
(12049, 80, 144),
(12050, 80, 145),
(13591, 80, 146),
(13592, 80, 147),
(13593, 80, 148),
(13594, 80, 149),
(13595, 80, 150),
(13596, 80, 151),
(13597, 80, 152),
(13598, 80, 153),
(13599, 80, 154),
(15075, 80, 155),
(15076, 80, 156),
(15077, 80, 157),
(15078, 80, 158),
(15673, 80, 159),
(15674, 80, 160),
(15675, 80, 161),
(16523, 80, 162),
(16953, 80, 163),
(16954, 80, 164),
(16955, 80, 165),
(17801, 80, 166),
(1487, 80, 167),
(18099, 80, 168),
(18100, 80, 169),
(18101, 80, 170),
(5368, 81, 1),
(5369, 81, 2),
(5370, 81, 3),
(5371, 81, 4),
(5372, 81, 5),
(5373, 81, 6),
(5374, 81, 7),
(18588, 81, 8),
(18694, 81, 9),
(18800, 81, 10),
(5375, 81, 11),
(18908, 81, 12),
(19014, 81, 13),
(1488, 81, 14),
(19100, 81, 15),
(9112, 81, 16),
(19206, 81, 17),
(9113, 81, 18),
(1489, 81, 19),
(19292, 81, 20),
(1490, 81, 21),
(1491, 81, 22),
(1492, 81, 23),
(1493, 81, 24),
(1494, 81, 25),
(1495, 81, 26),
(19377, 81, 27),
(19457, 81, 28),
(19565, 81, 29),
(19673, 81, 30),
(19781, 81, 31),
(1496, 81, 32),
(19889, 81, 33),
(10309, 81, 34),
(10310, 81, 35),
(10311, 81, 36),
(10312, 81, 37),
(19996, 81, 38),
(10313, 81, 39),
(20098, 81, 40),
(15676, 81, 41),
(20202, 81, 42),
(20310, 81, 43),
(20418, 81, 44),
(20526, 81, 45),
(7329, 81, 46),
(7330, 81, 47),
(7331, 81, 48),
(20632, 81, 49),
(20720, 81, 50),
(7332, 81, 51),
(20810, 81, 52),
(20916, 81, 53),
(7333, 81, 54),
(21023, 81, 55),
(21129, 81, 56),
(21217, 81, 57),
(21325, 81, 58),
(21431, 81, 59),
(12051, 81, 60),
(21518, 81, 61),
(21625, 81, 62),
(21733, 81, 63),
(13600, 81, 64),
(21834, 81, 65),
(21940, 81, 66),
(13601, 81, 67),
(13602, 81, 68),
(13603, 81, 69),
(13604, 81, 70),
(13605, 81, 71),
(13606, 81, 72),
(22047, 81, 73),
(16956, 81, 74),
(16957, 81, 75),
(16958, 81, 76),
(22154, 81, 77),
(22259, 81, 78),
(22365, 81, 79),
(22472, 81, 80),
(16524, 81, 81),
(22579, 81, 82),
(22686, 81, 83),
(15677, 81, 84),
(22793, 81, 85),
(22901, 81, 86),
(15678, 81, 87),
(17802, 81, 88),
(23009, 81, 89),
(23116, 81, 90),
(23223, 81, 91),
(23331, 81, 92),
(23439, 81, 93),
(23547, 81, 94),
(23655, 81, 95),
(13607, 81, 96),
(23763, 81, 97),
(23871, 81, 98),
(7334, 81, 99),
(1497, 81, 100),
(1498, 81, 101),
(1499, 81, 102),
(1500, 81, 103),
(1501, 81, 104),
(1502, 81, 105),
(1503, 81, 106),
(1504, 81, 107),
(23976, 81, 108),
(1505, 81, 109),
(1506, 81, 110),
(1507, 81, 111),
(24056, 81, 112),
(5376, 81, 113),
(5377, 81, 114),
(5378, 81, 115),
(5379, 81, 116),
(5380, 81, 117),
(5381, 81, 118),
(5382, 81, 119),
(5383, 81, 120),
(7335, 81, 121),
(7336, 81, 122),
(7337, 81, 123),
(7338, 81, 124),
(7339, 81, 125),
(7340, 81, 126),
(7341, 81, 127),
(7342, 81, 128),
(9114, 81, 129),
(9115, 81, 130),
(9116, 81, 131),
(9117, 81, 132),
(9118, 81, 133),
(9119, 81, 134),
(10314, 81, 135),
(10315, 81, 136),
(10316, 81, 137),
(10317, 81, 138),
(10318, 81, 139),
(10319, 81, 140),
(10320, 81, 141),
(12052, 81, 142),
(12053, 81, 143),
(12054, 81, 144),
(12055, 81, 145),
(13608, 81, 146),
(13609, 81, 147),
(13610, 81, 148),
(13611, 81, 149),
(13612, 81, 150),
(13613, 81, 151),
(13614, 81, 152),
(13615, 81, 153),
(13616, 81, 154),
(15079, 81, 155),
(15080, 81, 156),
(15081, 81, 157),
(15082, 81, 158),
(15679, 81, 159),
(15680, 81, 160),
(15681, 81, 161),
(16525, 81, 162),
(16959, 81, 163),
(16960, 81, 164),
(16961, 81, 165),
(17803, 81, 166),
(1508, 81, 167),
(18102, 81, 168),
(18103, 81, 169),
(18104, 81, 170),
(5384, 82, 1),
(5385, 82, 2),
(5386, 82, 3),
(5387, 82, 4),
(5388, 82, 5),
(5389, 82, 6),
(5390, 82, 7),
(18589, 82, 8),
(18695, 82, 9),
(18801, 82, 10),
(5391, 82, 11),
(18909, 82, 12),
(19015, 82, 13),
(1509, 82, 14),
(19101, 82, 15),
(9120, 82, 16),
(19207, 82, 17),
(9121, 82, 18),
(1510, 82, 19),
(19293, 82, 20),
(1511, 82, 21),
(1512, 82, 22),
(1513, 82, 23),
(1514, 82, 24),
(1515, 82, 25),
(1516, 82, 26),
(19378, 82, 27),
(19458, 82, 28),
(19566, 82, 29),
(19674, 82, 30),
(19782, 82, 31),
(1517, 82, 32),
(19890, 82, 33),
(10321, 82, 34),
(10322, 82, 35),
(10323, 82, 36),
(10324, 82, 37),
(19997, 82, 38),
(10325, 82, 39),
(20099, 82, 40),
(15682, 82, 41),
(20203, 82, 42),
(20311, 82, 43),
(20419, 82, 44),
(20527, 82, 45),
(7343, 82, 46),
(7344, 82, 47),
(7345, 82, 48),
(20633, 82, 49),
(20721, 82, 50),
(7346, 82, 51),
(20811, 82, 52),
(20917, 82, 53),
(7347, 82, 54),
(21024, 82, 55),
(21130, 82, 56),
(21218, 82, 57),
(21326, 82, 58),
(21432, 82, 59),
(12056, 82, 60),
(21519, 82, 61),
(21626, 82, 62),
(21734, 82, 63),
(13617, 82, 64),
(21835, 82, 65),
(21941, 82, 66),
(13618, 82, 67),
(13619, 82, 68),
(13620, 82, 69),
(13621, 82, 70),
(13622, 82, 71),
(13623, 82, 72),
(22048, 82, 73),
(16962, 82, 74),
(16963, 82, 75),
(16964, 82, 76),
(22155, 82, 77),
(22260, 82, 78),
(22366, 82, 79),
(22473, 82, 80),
(16526, 82, 81),
(22580, 82, 82),
(22687, 82, 83),
(15683, 82, 84),
(22794, 82, 85),
(22902, 82, 86),
(15684, 82, 87),
(17804, 82, 88),
(23010, 82, 89),
(23117, 82, 90),
(23224, 82, 91),
(23332, 82, 92),
(23440, 82, 93),
(23548, 82, 94),
(23656, 82, 95),
(13624, 82, 96),
(23764, 82, 97),
(23872, 82, 98),
(7348, 82, 99),
(1518, 82, 100),
(1519, 82, 101),
(1520, 82, 102),
(1521, 82, 103),
(1522, 82, 104),
(1523, 82, 105),
(1524, 82, 106),
(1525, 82, 107),
(23977, 82, 108),
(1526, 82, 109),
(1527, 82, 110),
(1528, 82, 111),
(24057, 82, 112),
(5392, 82, 113),
(5393, 82, 114),
(5394, 82, 115),
(5395, 82, 116),
(5396, 82, 117),
(5397, 82, 118),
(5398, 82, 119),
(5399, 82, 120),
(7349, 82, 121),
(7350, 82, 122),
(7351, 82, 123),
(7352, 82, 124),
(7353, 82, 125),
(7354, 82, 126),
(7355, 82, 127),
(7356, 82, 128),
(9122, 82, 129),
(9123, 82, 130),
(9124, 82, 131),
(9125, 82, 132),
(9126, 82, 133),
(9127, 82, 134),
(10326, 82, 135),
(10327, 82, 136),
(10328, 82, 137),
(10329, 82, 138),
(10330, 82, 139),
(10331, 82, 140),
(10332, 82, 141),
(12057, 82, 142),
(12058, 82, 143),
(12059, 82, 144),
(12060, 82, 145),
(13625, 82, 146),
(13626, 82, 147),
(13627, 82, 148),
(13628, 82, 149),
(13629, 82, 150),
(13630, 82, 151),
(13631, 82, 152),
(13632, 82, 153),
(13633, 82, 154),
(15083, 82, 155),
(15084, 82, 156),
(15085, 82, 157),
(15086, 82, 158),
(15685, 82, 159),
(15686, 82, 160),
(15687, 82, 161),
(16527, 82, 162),
(16965, 82, 163),
(16966, 82, 164),
(16967, 82, 165),
(17805, 82, 166),
(1529, 82, 167),
(18105, 82, 168),
(18106, 82, 169),
(18107, 82, 170),
(5400, 83, 1),
(5401, 83, 2),
(5402, 83, 3),
(5403, 83, 4),
(5404, 83, 5),
(5405, 83, 6),
(5406, 83, 7),
(18590, 83, 8),
(18696, 83, 9),
(18802, 83, 10),
(5407, 83, 11),
(18910, 83, 12),
(19016, 83, 13),
(1530, 83, 14),
(19102, 83, 15),
(9128, 83, 16),
(19208, 83, 17),
(9129, 83, 18),
(1531, 83, 19),
(19294, 83, 20),
(1532, 83, 21),
(1533, 83, 22),
(1534, 83, 23),
(1535, 83, 24),
(1536, 83, 25),
(1537, 83, 26),
(18491, 83, 27),
(19459, 83, 28),
(19567, 83, 29),
(19675, 83, 30),
(19783, 83, 31),
(1538, 83, 32),
(19891, 83, 33),
(10333, 83, 34),
(10334, 83, 35),
(10335, 83, 36),
(10336, 83, 37),
(19998, 83, 38),
(10337, 83, 39),
(20100, 83, 40),
(15688, 83, 41),
(20204, 83, 42),
(20312, 83, 43),
(20420, 83, 44),
(20528, 83, 45),
(7357, 83, 46),
(7358, 83, 47),
(7359, 83, 48),
(20634, 83, 49),
(20722, 83, 50),
(7360, 83, 51),
(20812, 83, 52),
(20918, 83, 53),
(7361, 83, 54),
(21025, 83, 55),
(21131, 83, 56),
(21219, 83, 57),
(21327, 83, 58),
(21433, 83, 59),
(12061, 83, 60),
(21520, 83, 61),
(21627, 83, 62),
(21735, 83, 63),
(13634, 83, 64),
(21836, 83, 65),
(21942, 83, 66),
(13635, 83, 67),
(13636, 83, 68),
(13637, 83, 69),
(13638, 83, 70),
(13639, 83, 71),
(13640, 83, 72),
(22049, 83, 73),
(16968, 83, 74),
(16969, 83, 75),
(16970, 83, 76),
(22156, 83, 77),
(22261, 83, 78),
(22367, 83, 79),
(22474, 83, 80),
(16528, 83, 81),
(22581, 83, 82),
(22688, 83, 83),
(15689, 83, 84),
(22795, 83, 85),
(22903, 83, 86),
(15690, 83, 87),
(17806, 83, 88),
(23011, 83, 89),
(23118, 83, 90),
(23225, 83, 91),
(23333, 83, 92),
(23441, 83, 93),
(23549, 83, 94),
(23657, 83, 95),
(13641, 83, 96),
(23765, 83, 97),
(23873, 83, 98),
(7362, 83, 99),
(1539, 83, 100),
(1540, 83, 101),
(1541, 83, 102),
(1542, 83, 103),
(1543, 83, 104),
(1544, 83, 105),
(1545, 83, 106),
(1546, 83, 107),
(18492, 83, 108),
(1547, 83, 109),
(1548, 83, 110),
(1549, 83, 111),
(24058, 83, 112),
(5408, 83, 113),
(5409, 83, 114),
(5410, 83, 115),
(5411, 83, 116),
(5412, 83, 117),
(5413, 83, 118),
(5414, 83, 119),
(5415, 83, 120),
(7363, 83, 121),
(7364, 83, 122),
(7365, 83, 123),
(7366, 83, 124),
(7367, 83, 125),
(7368, 83, 126),
(7369, 83, 127),
(7370, 83, 128),
(9130, 83, 129),
(9131, 83, 130),
(9132, 83, 131),
(9133, 83, 132),
(9134, 83, 133),
(9135, 83, 134),
(10338, 83, 135),
(10339, 83, 136),
(10340, 83, 137),
(10341, 83, 138),
(10342, 83, 139),
(10343, 83, 140),
(10344, 83, 141),
(12062, 83, 142),
(12063, 83, 143),
(12064, 83, 144),
(12065, 83, 145),
(13642, 83, 146),
(13643, 83, 147),
(13644, 83, 148),
(13645, 83, 149),
(13646, 83, 150),
(13647, 83, 151),
(13648, 83, 152),
(13649, 83, 153),
(13650, 83, 154),
(15087, 83, 155),
(15088, 83, 156),
(15089, 83, 157),
(15090, 83, 158),
(15691, 83, 159),
(15692, 83, 160),
(15693, 83, 161),
(16529, 83, 162),
(16971, 83, 163),
(16972, 83, 164),
(16973, 83, 165),
(17807, 83, 166),
(1550, 83, 167),
(18108, 83, 168),
(18109, 83, 169),
(18110, 83, 170),
(5416, 84, 1),
(5417, 84, 2),
(5418, 84, 3),
(5419, 84, 4),
(5420, 84, 5),
(5421, 84, 6),
(5422, 84, 7),
(18591, 84, 8),
(18697, 84, 9),
(18803, 84, 10),
(5423, 84, 11),
(18911, 84, 12),
(19017, 84, 13),
(1551, 84, 14),
(19103, 84, 15),
(9136, 84, 16),
(19209, 84, 17),
(9137, 84, 18),
(1552, 84, 19),
(19295, 84, 20),
(1553, 84, 21),
(1554, 84, 22),
(1555, 84, 23),
(1556, 84, 24),
(1557, 84, 25),
(1558, 84, 26),
(18493, 84, 27),
(19460, 84, 28),
(19568, 84, 29),
(19676, 84, 30),
(19784, 84, 31),
(1559, 84, 32),
(19892, 84, 33),
(10345, 84, 34),
(10346, 84, 35),
(10347, 84, 36),
(10348, 84, 37),
(19999, 84, 38),
(10349, 84, 39),
(20101, 84, 40),
(15694, 84, 41),
(20205, 84, 42),
(20313, 84, 43),
(20421, 84, 44),
(20529, 84, 45),
(7371, 84, 46),
(7372, 84, 47),
(7373, 84, 48),
(20635, 84, 49),
(20723, 84, 50),
(7374, 84, 51),
(20813, 84, 52),
(20919, 84, 53),
(7375, 84, 54),
(21026, 84, 55),
(21132, 84, 56),
(21220, 84, 57),
(21328, 84, 58),
(21434, 84, 59),
(12066, 84, 60),
(21521, 84, 61),
(21628, 84, 62),
(21736, 84, 63),
(13651, 84, 64),
(21837, 84, 65),
(21943, 84, 66),
(13652, 84, 67),
(13653, 84, 68),
(13654, 84, 69),
(13655, 84, 70),
(13656, 84, 71),
(13657, 84, 72),
(22050, 84, 73),
(16974, 84, 74),
(16975, 84, 75),
(16976, 84, 76),
(22157, 84, 77),
(22262, 84, 78),
(22368, 84, 79),
(22475, 84, 80),
(16530, 84, 81),
(22582, 84, 82),
(22689, 84, 83),
(15695, 84, 84),
(22796, 84, 85),
(22904, 84, 86),
(15696, 84, 87),
(17808, 84, 88),
(23012, 84, 89),
(23119, 84, 90),
(23226, 84, 91),
(23334, 84, 92),
(23442, 84, 93),
(23550, 84, 94),
(23658, 84, 95),
(13658, 84, 96),
(23766, 84, 97),
(23874, 84, 98),
(7376, 84, 99),
(1560, 84, 100),
(1561, 84, 101),
(1562, 84, 102),
(1563, 84, 103),
(1564, 84, 104),
(1565, 84, 105),
(1566, 84, 106),
(1567, 84, 107),
(18494, 84, 108),
(1568, 84, 109),
(1569, 84, 110),
(1570, 84, 111),
(24059, 84, 112),
(5424, 84, 113),
(5425, 84, 114),
(5426, 84, 115),
(5427, 84, 116),
(5428, 84, 117),
(5429, 84, 118),
(5430, 84, 119),
(5431, 84, 120),
(7377, 84, 121),
(7378, 84, 122),
(7379, 84, 123),
(7380, 84, 124),
(7381, 84, 125),
(7382, 84, 126),
(7383, 84, 127),
(7384, 84, 128),
(9138, 84, 129),
(9139, 84, 130),
(9140, 84, 131),
(9141, 84, 132),
(9142, 84, 133),
(9143, 84, 134),
(10350, 84, 135),
(10351, 84, 136),
(10352, 84, 137),
(10353, 84, 138),
(10354, 84, 139),
(10355, 84, 140),
(10356, 84, 141),
(12067, 84, 142),
(12068, 84, 143),
(12069, 84, 144),
(12070, 84, 145),
(13659, 84, 146),
(13660, 84, 147),
(13661, 84, 148),
(13662, 84, 149),
(13663, 84, 150),
(13664, 84, 151),
(13665, 84, 152),
(13666, 84, 153),
(13667, 84, 154),
(15091, 84, 155),
(15092, 84, 156),
(15093, 84, 157),
(15094, 84, 158),
(15697, 84, 159),
(15698, 84, 160),
(15699, 84, 161),
(16531, 84, 162),
(16977, 84, 163),
(16978, 84, 164),
(16979, 84, 165),
(17809, 84, 166),
(1571, 84, 167),
(18111, 84, 168),
(18112, 84, 169),
(18113, 84, 170),
(5432, 85, 1),
(5433, 85, 2),
(5434, 85, 3),
(5435, 85, 4),
(5436, 85, 5),
(5437, 85, 6),
(5438, 85, 7),
(18592, 85, 8),
(18698, 85, 9),
(18804, 85, 10),
(5439, 85, 11),
(18912, 85, 12),
(19018, 85, 13),
(1572, 85, 14),
(19104, 85, 15),
(9144, 85, 16),
(19210, 85, 17),
(9145, 85, 18),
(1573, 85, 19),
(19296, 85, 20),
(1574, 85, 21),
(1575, 85, 22),
(1576, 85, 23),
(1577, 85, 24),
(1578, 85, 25),
(1579, 85, 26),
(18495, 85, 27),
(19461, 85, 28),
(19569, 85, 29),
(19677, 85, 30),
(19785, 85, 31),
(1580, 85, 32),
(19893, 85, 33),
(10357, 85, 34),
(10358, 85, 35),
(10359, 85, 36),
(10360, 85, 37),
(20000, 85, 38),
(10361, 85, 39),
(20102, 85, 40),
(15700, 85, 41),
(20206, 85, 42),
(20314, 85, 43),
(20422, 85, 44),
(20530, 85, 45),
(7385, 85, 46),
(7386, 85, 47),
(7387, 85, 48),
(20636, 85, 49),
(20724, 85, 50),
(7388, 85, 51),
(20814, 85, 52),
(20920, 85, 53),
(7389, 85, 54),
(21027, 85, 55),
(21133, 85, 56),
(21221, 85, 57),
(21329, 85, 58),
(21435, 85, 59),
(12071, 85, 60),
(21522, 85, 61),
(21629, 85, 62),
(21737, 85, 63),
(13668, 85, 64),
(21838, 85, 65),
(21944, 85, 66),
(13669, 85, 67),
(13670, 85, 68),
(13671, 85, 69),
(13672, 85, 70),
(13673, 85, 71),
(13674, 85, 72),
(22051, 85, 73),
(16980, 85, 74),
(16981, 85, 75),
(16982, 85, 76),
(22158, 85, 77),
(22263, 85, 78),
(22369, 85, 79),
(22476, 85, 80),
(16532, 85, 81),
(22583, 85, 82),
(22690, 85, 83),
(15701, 85, 84),
(22797, 85, 85),
(22905, 85, 86),
(15702, 85, 87),
(17810, 85, 88),
(23013, 85, 89),
(23120, 85, 90),
(23227, 85, 91),
(23335, 85, 92),
(23443, 85, 93),
(23551, 85, 94),
(23659, 85, 95),
(13675, 85, 96),
(23767, 85, 97),
(23875, 85, 98),
(7390, 85, 99),
(1581, 85, 100),
(1582, 85, 101),
(1583, 85, 102),
(1584, 85, 103),
(1585, 85, 104),
(1586, 85, 105),
(1587, 85, 106),
(1588, 85, 107),
(18496, 85, 108),
(1589, 85, 109),
(1590, 85, 110),
(1591, 85, 111),
(24060, 85, 112),
(5440, 85, 113),
(5441, 85, 114),
(5442, 85, 115),
(5443, 85, 116),
(5444, 85, 117),
(5445, 85, 118),
(5446, 85, 119),
(5447, 85, 120),
(7391, 85, 121),
(7392, 85, 122),
(7393, 85, 123),
(7394, 85, 124),
(7395, 85, 125),
(7396, 85, 126),
(7397, 85, 127),
(7398, 85, 128),
(9146, 85, 129),
(9147, 85, 130),
(9148, 85, 131),
(9149, 85, 132),
(9150, 85, 133),
(9151, 85, 134),
(10362, 85, 135),
(10363, 85, 136),
(10364, 85, 137),
(10365, 85, 138),
(10366, 85, 139),
(10367, 85, 140),
(10368, 85, 141),
(12072, 85, 142),
(12073, 85, 143),
(12074, 85, 144),
(12075, 85, 145),
(13676, 85, 146),
(13677, 85, 147),
(13678, 85, 148),
(13679, 85, 149),
(13680, 85, 150),
(13681, 85, 151),
(13682, 85, 152),
(13683, 85, 153),
(13684, 85, 154),
(15095, 85, 155),
(15096, 85, 156),
(15097, 85, 157),
(15098, 85, 158),
(15703, 85, 159),
(15704, 85, 160),
(15705, 85, 161),
(16533, 85, 162),
(16983, 85, 163),
(16984, 85, 164),
(16985, 85, 165),
(17811, 85, 166),
(1592, 85, 167),
(18114, 85, 168),
(18115, 85, 169),
(18116, 85, 170),
(5448, 86, 1),
(5449, 86, 2),
(5450, 86, 3),
(5451, 86, 4),
(5452, 86, 5),
(5453, 86, 6),
(5454, 86, 7),
(18593, 86, 8),
(18699, 86, 9),
(18805, 86, 10),
(5455, 86, 11),
(18913, 86, 12),
(19019, 86, 13),
(1593, 86, 14),
(19105, 86, 15),
(9152, 86, 16),
(19211, 86, 17),
(9153, 86, 18),
(1594, 86, 19),
(19297, 86, 20),
(1595, 86, 21),
(1596, 86, 22),
(1597, 86, 23),
(1598, 86, 24),
(1599, 86, 25),
(1600, 86, 26),
(18497, 86, 27),
(19462, 86, 28),
(19570, 86, 29),
(19678, 86, 30),
(19786, 86, 31),
(1601, 86, 32),
(19894, 86, 33),
(10369, 86, 34),
(10370, 86, 35),
(10371, 86, 36),
(10372, 86, 37),
(20001, 86, 38),
(10373, 86, 39),
(20103, 86, 40),
(15706, 86, 41),
(20207, 86, 42),
(20315, 86, 43),
(20423, 86, 44),
(20531, 86, 45),
(7399, 86, 46),
(7400, 86, 47),
(7401, 86, 48),
(20637, 86, 49),
(20725, 86, 50),
(7402, 86, 51),
(20815, 86, 52),
(20921, 86, 53),
(7403, 86, 54),
(21028, 86, 55),
(21134, 86, 56),
(21222, 86, 57),
(21330, 86, 58),
(21436, 86, 59),
(12076, 86, 60),
(21523, 86, 61),
(21630, 86, 62),
(21738, 86, 63),
(13685, 86, 64),
(21839, 86, 65),
(21945, 86, 66),
(13686, 86, 67),
(13687, 86, 68),
(13688, 86, 69),
(13689, 86, 70),
(13690, 86, 71),
(13691, 86, 72),
(22052, 86, 73),
(16986, 86, 74),
(16987, 86, 75),
(16988, 86, 76),
(22159, 86, 77),
(22264, 86, 78),
(22370, 86, 79),
(22477, 86, 80),
(16534, 86, 81),
(22584, 86, 82),
(22691, 86, 83),
(15707, 86, 84),
(22798, 86, 85),
(22906, 86, 86),
(15708, 86, 87),
(17812, 86, 88),
(23014, 86, 89),
(23121, 86, 90),
(23228, 86, 91),
(23336, 86, 92),
(23444, 86, 93),
(23552, 86, 94),
(23660, 86, 95),
(13692, 86, 96),
(23768, 86, 97),
(23876, 86, 98),
(7404, 86, 99),
(1602, 86, 100),
(1603, 86, 101),
(1604, 86, 102),
(1605, 86, 103),
(1606, 86, 104),
(1607, 86, 105),
(1608, 86, 106),
(1609, 86, 107),
(18498, 86, 108),
(1610, 86, 109),
(1611, 86, 110),
(1612, 86, 111),
(24061, 86, 112),
(5456, 86, 113),
(5457, 86, 114),
(5458, 86, 115),
(5459, 86, 116),
(5460, 86, 117),
(5461, 86, 118),
(5462, 86, 119),
(5463, 86, 120),
(7405, 86, 121),
(7406, 86, 122),
(7407, 86, 123),
(7408, 86, 124),
(7409, 86, 125),
(7410, 86, 126),
(7411, 86, 127),
(7412, 86, 128),
(9154, 86, 129),
(9155, 86, 130),
(9156, 86, 131),
(9157, 86, 132),
(9158, 86, 133),
(9159, 86, 134),
(10374, 86, 135),
(10375, 86, 136),
(10376, 86, 137),
(10377, 86, 138),
(10378, 86, 139),
(10379, 86, 140),
(10380, 86, 141),
(12077, 86, 142),
(12078, 86, 143),
(12079, 86, 144),
(12080, 86, 145),
(13693, 86, 146),
(13694, 86, 147),
(13695, 86, 148),
(13696, 86, 149),
(13697, 86, 150),
(13698, 86, 151),
(13699, 86, 152),
(13700, 86, 153),
(13701, 86, 154),
(15099, 86, 155),
(15100, 86, 156),
(15101, 86, 157),
(15102, 86, 158),
(15709, 86, 159),
(15710, 86, 160),
(15711, 86, 161),
(16535, 86, 162),
(16989, 86, 163),
(16990, 86, 164),
(16991, 86, 165),
(17813, 86, 166),
(1613, 86, 167),
(18117, 86, 168),
(18118, 86, 169),
(18119, 86, 170),
(5464, 87, 1),
(5465, 87, 2),
(5466, 87, 3),
(5467, 87, 4),
(5468, 87, 5),
(5469, 87, 6),
(5470, 87, 7),
(18594, 87, 8),
(18700, 87, 9),
(18806, 87, 10),
(5471, 87, 11),
(18914, 87, 12),
(19020, 87, 13),
(1614, 87, 14),
(19106, 87, 15),
(9160, 87, 16),
(19212, 87, 17),
(9161, 87, 18),
(1615, 87, 19),
(19298, 87, 20),
(1616, 87, 21),
(1617, 87, 22),
(1618, 87, 23),
(1619, 87, 24),
(1620, 87, 25),
(1621, 87, 26),
(18499, 87, 27),
(19463, 87, 28),
(19571, 87, 29),
(19679, 87, 30),
(19787, 87, 31),
(1622, 87, 32),
(19895, 87, 33),
(10381, 87, 34),
(10382, 87, 35),
(10383, 87, 36),
(10384, 87, 37),
(20002, 87, 38),
(10385, 87, 39),
(20104, 87, 40),
(15712, 87, 41),
(20208, 87, 42),
(20316, 87, 43),
(20424, 87, 44),
(20532, 87, 45),
(7413, 87, 46),
(7414, 87, 47),
(7415, 87, 48),
(20638, 87, 49),
(20726, 87, 50),
(7416, 87, 51),
(20816, 87, 52),
(20922, 87, 53),
(7417, 87, 54),
(21029, 87, 55),
(21135, 87, 56),
(21223, 87, 57),
(21331, 87, 58),
(21437, 87, 59),
(12081, 87, 60),
(21524, 87, 61),
(21631, 87, 62),
(21739, 87, 63),
(13702, 87, 64),
(21840, 87, 65),
(21946, 87, 66),
(13703, 87, 67),
(13704, 87, 68),
(13705, 87, 69),
(13706, 87, 70),
(13707, 87, 71),
(13708, 87, 72),
(22053, 87, 73),
(16992, 87, 74),
(16993, 87, 75),
(16994, 87, 76),
(22160, 87, 77),
(22265, 87, 78),
(22371, 87, 79),
(22478, 87, 80),
(16536, 87, 81),
(22585, 87, 82),
(22692, 87, 83),
(15713, 87, 84),
(22799, 87, 85),
(22907, 87, 86),
(15714, 87, 87),
(17814, 87, 88),
(23015, 87, 89),
(23122, 87, 90),
(23229, 87, 91),
(23337, 87, 92),
(23445, 87, 93),
(23553, 87, 94),
(23661, 87, 95),
(13709, 87, 96),
(23769, 87, 97),
(23877, 87, 98),
(7418, 87, 99),
(1623, 87, 100),
(1624, 87, 101),
(1625, 87, 102),
(1626, 87, 103),
(1627, 87, 104),
(1628, 87, 105),
(1629, 87, 106),
(1630, 87, 107),
(18500, 87, 108),
(1631, 87, 109),
(1632, 87, 110),
(1633, 87, 111),
(24062, 87, 112),
(5472, 87, 113),
(5473, 87, 114),
(5474, 87, 115),
(5475, 87, 116),
(5476, 87, 117),
(5477, 87, 118),
(5478, 87, 119),
(5479, 87, 120),
(7419, 87, 121),
(7420, 87, 122),
(7421, 87, 123),
(7422, 87, 124),
(7423, 87, 125),
(7424, 87, 126),
(7425, 87, 127),
(7426, 87, 128),
(9162, 87, 129),
(9163, 87, 130),
(9164, 87, 131),
(9165, 87, 132),
(9166, 87, 133),
(9167, 87, 134),
(10386, 87, 135),
(10387, 87, 136),
(10388, 87, 137),
(10389, 87, 138),
(10390, 87, 139),
(10391, 87, 140),
(10392, 87, 141),
(12082, 87, 142),
(12083, 87, 143),
(12084, 87, 144),
(12085, 87, 145),
(13710, 87, 146),
(13711, 87, 147),
(13712, 87, 148),
(13713, 87, 149),
(13714, 87, 150),
(13715, 87, 151),
(13716, 87, 152),
(13717, 87, 153),
(13718, 87, 154),
(15103, 87, 155),
(15104, 87, 156),
(15105, 87, 157),
(15106, 87, 158),
(15715, 87, 159),
(15716, 87, 160),
(15717, 87, 161),
(16537, 87, 162),
(16995, 87, 163),
(16996, 87, 164),
(16997, 87, 165),
(17815, 87, 166),
(1634, 87, 167),
(18120, 87, 168),
(18121, 87, 169),
(18122, 87, 170),
(5480, 88, 1),
(5481, 88, 2),
(5482, 88, 3),
(5483, 88, 4),
(5484, 88, 5),
(5485, 88, 6),
(5486, 88, 7),
(18595, 88, 8),
(18701, 88, 9),
(18807, 88, 10),
(5487, 88, 11),
(18915, 88, 12),
(19021, 88, 13),
(1635, 88, 14),
(19107, 88, 15),
(9168, 88, 16),
(19213, 88, 17),
(9169, 88, 18),
(1636, 88, 19),
(19299, 88, 20),
(1637, 88, 21),
(1638, 88, 22),
(1639, 88, 23),
(1640, 88, 24),
(1641, 88, 25),
(1642, 88, 26),
(18501, 88, 27),
(19464, 88, 28),
(19572, 88, 29),
(19680, 88, 30),
(19788, 88, 31),
(1643, 88, 32),
(19896, 88, 33),
(10393, 88, 34),
(10394, 88, 35),
(10395, 88, 36),
(10396, 88, 37),
(20003, 88, 38),
(10397, 88, 39),
(20105, 88, 40),
(15718, 88, 41),
(20209, 88, 42),
(20317, 88, 43),
(20425, 88, 44),
(20533, 88, 45),
(7427, 88, 46),
(7428, 88, 47),
(7429, 88, 48),
(20639, 88, 49),
(20727, 88, 50),
(7430, 88, 51),
(20817, 88, 52),
(20923, 88, 53),
(7431, 88, 54),
(21030, 88, 55),
(21136, 88, 56),
(21224, 88, 57),
(21332, 88, 58),
(21438, 88, 59),
(12086, 88, 60),
(21525, 88, 61),
(21632, 88, 62),
(21740, 88, 63),
(13719, 88, 64),
(21841, 88, 65),
(21947, 88, 66),
(13720, 88, 67),
(13721, 88, 68),
(13722, 88, 69),
(13723, 88, 70),
(13724, 88, 71),
(13725, 88, 72),
(22054, 88, 73),
(16998, 88, 74),
(16999, 88, 75),
(17000, 88, 76),
(22161, 88, 77),
(22266, 88, 78),
(22372, 88, 79),
(22479, 88, 80),
(16538, 88, 81),
(22586, 88, 82),
(22693, 88, 83),
(15719, 88, 84),
(22800, 88, 85),
(22908, 88, 86),
(15720, 88, 87),
(17816, 88, 88),
(23016, 88, 89),
(23123, 88, 90),
(23230, 88, 91),
(23338, 88, 92),
(23446, 88, 93),
(23554, 88, 94),
(23662, 88, 95),
(13726, 88, 96),
(23770, 88, 97),
(23878, 88, 98),
(7432, 88, 99),
(1644, 88, 100),
(1645, 88, 101),
(1646, 88, 102),
(1647, 88, 103),
(1648, 88, 104),
(1649, 88, 105),
(1650, 88, 106),
(1651, 88, 107),
(18502, 88, 108),
(1652, 88, 109),
(1653, 88, 110),
(1654, 88, 111),
(24063, 88, 112),
(5488, 88, 113),
(5489, 88, 114),
(5490, 88, 115),
(5491, 88, 116),
(5492, 88, 117),
(5493, 88, 118),
(5494, 88, 119),
(5495, 88, 120),
(7433, 88, 121),
(7434, 88, 122),
(7435, 88, 123),
(7436, 88, 124),
(7437, 88, 125),
(7438, 88, 126),
(7439, 88, 127),
(7440, 88, 128),
(9170, 88, 129),
(9171, 88, 130),
(9172, 88, 131),
(9173, 88, 132),
(9174, 88, 133),
(9175, 88, 134),
(10398, 88, 135),
(10399, 88, 136),
(10400, 88, 137),
(10401, 88, 138),
(10402, 88, 139),
(10403, 88, 140),
(10404, 88, 141),
(12087, 88, 142),
(12088, 88, 143),
(12089, 88, 144),
(12090, 88, 145),
(13727, 88, 146),
(13728, 88, 147),
(13729, 88, 148),
(13730, 88, 149),
(13731, 88, 150),
(13732, 88, 151),
(13733, 88, 152),
(13734, 88, 153),
(13735, 88, 154),
(15107, 88, 155),
(15108, 88, 156),
(15109, 88, 157),
(15110, 88, 158),
(15721, 88, 159),
(15722, 88, 160),
(15723, 88, 161),
(16539, 88, 162),
(17001, 88, 163),
(17002, 88, 164),
(17003, 88, 165),
(17817, 88, 166),
(1655, 88, 167),
(18123, 88, 168),
(18124, 88, 169),
(18125, 88, 170),
(5496, 89, 1),
(5497, 89, 2),
(5498, 89, 3),
(5499, 89, 4),
(5500, 89, 5),
(5501, 89, 6),
(5502, 89, 7),
(18596, 89, 8),
(18702, 89, 9),
(18808, 89, 10),
(5503, 89, 11),
(18916, 89, 12),
(19022, 89, 13),
(1656, 89, 14),
(19108, 89, 15),
(9176, 89, 16),
(19214, 89, 17),
(9177, 89, 18),
(1657, 89, 19),
(19300, 89, 20),
(1658, 89, 21),
(1659, 89, 22),
(1660, 89, 23),
(1661, 89, 24),
(1662, 89, 25),
(1663, 89, 26),
(18503, 89, 27),
(19465, 89, 28),
(19573, 89, 29),
(19681, 89, 30),
(19789, 89, 31),
(1664, 89, 32),
(19897, 89, 33),
(10405, 89, 34),
(10406, 89, 35),
(10407, 89, 36),
(10408, 89, 37),
(20004, 89, 38),
(10409, 89, 39),
(20106, 89, 40),
(15724, 89, 41),
(20210, 89, 42),
(20318, 89, 43),
(20426, 89, 44),
(20534, 89, 45),
(7441, 89, 46),
(7442, 89, 47),
(7443, 89, 48),
(20640, 89, 49),
(20728, 89, 50),
(7444, 89, 51),
(20818, 89, 52),
(20924, 89, 53),
(7445, 89, 54),
(21031, 89, 55),
(21137, 89, 56),
(21225, 89, 57),
(21333, 89, 58),
(21439, 89, 59),
(12091, 89, 60),
(21526, 89, 61),
(21633, 89, 62),
(21741, 89, 63),
(13736, 89, 64),
(21842, 89, 65),
(21948, 89, 66),
(13737, 89, 67),
(13738, 89, 68),
(13739, 89, 69),
(13740, 89, 70),
(13741, 89, 71),
(13742, 89, 72),
(22055, 89, 73),
(17004, 89, 74),
(17005, 89, 75),
(17006, 89, 76),
(22162, 89, 77),
(22267, 89, 78),
(22373, 89, 79),
(22480, 89, 80),
(16540, 89, 81),
(22587, 89, 82),
(22694, 89, 83),
(15725, 89, 84),
(22801, 89, 85),
(22909, 89, 86),
(15726, 89, 87),
(17818, 89, 88),
(23017, 89, 89),
(23124, 89, 90),
(23231, 89, 91),
(23339, 89, 92),
(23447, 89, 93),
(23555, 89, 94),
(23663, 89, 95),
(13743, 89, 96),
(23771, 89, 97),
(23879, 89, 98),
(7446, 89, 99),
(1665, 89, 100),
(1666, 89, 101),
(1667, 89, 102),
(1668, 89, 103),
(1669, 89, 104),
(1670, 89, 105),
(1671, 89, 106),
(1672, 89, 107),
(18504, 89, 108),
(1673, 89, 109),
(1674, 89, 110),
(1675, 89, 111),
(24064, 89, 112),
(5504, 89, 113),
(5505, 89, 114),
(5506, 89, 115),
(5507, 89, 116),
(5508, 89, 117),
(5509, 89, 118),
(5510, 89, 119),
(5511, 89, 120),
(7447, 89, 121),
(7448, 89, 122),
(7449, 89, 123),
(7450, 89, 124),
(7451, 89, 125),
(7452, 89, 126),
(7453, 89, 127),
(7454, 89, 128),
(9178, 89, 129),
(9179, 89, 130),
(9180, 89, 131),
(9181, 89, 132),
(9182, 89, 133),
(9183, 89, 134),
(10410, 89, 135),
(10411, 89, 136),
(10412, 89, 137),
(10413, 89, 138),
(10414, 89, 139),
(10415, 89, 140),
(10416, 89, 141),
(12092, 89, 142),
(12093, 89, 143),
(12094, 89, 144),
(12095, 89, 145),
(13744, 89, 146),
(13745, 89, 147),
(13746, 89, 148),
(13747, 89, 149),
(13748, 89, 150),
(13749, 89, 151),
(13750, 89, 152),
(13751, 89, 153),
(13752, 89, 154),
(15111, 89, 155),
(15112, 89, 156),
(15113, 89, 157),
(15114, 89, 158),
(15727, 89, 159),
(15728, 89, 160),
(15729, 89, 161),
(16541, 89, 162),
(17007, 89, 163),
(17008, 89, 164),
(17009, 89, 165),
(17819, 89, 166),
(1676, 89, 167),
(18126, 89, 168),
(18127, 89, 169),
(18128, 89, 170),
(5512, 90, 1),
(5513, 90, 2),
(5514, 90, 3),
(5515, 90, 4),
(5516, 90, 5),
(5517, 90, 6),
(5518, 90, 7),
(18597, 90, 8),
(18703, 90, 9),
(18809, 90, 10),
(5519, 90, 11),
(18917, 90, 12),
(19023, 90, 13),
(1677, 90, 14),
(19109, 90, 15),
(9184, 90, 16),
(19215, 90, 17),
(9185, 90, 18),
(1678, 90, 19),
(19301, 90, 20),
(1679, 90, 21),
(1680, 90, 22),
(1681, 90, 23),
(1682, 90, 24),
(1683, 90, 25),
(1684, 90, 26),
(18505, 90, 27),
(19466, 90, 28),
(19574, 90, 29),
(19682, 90, 30),
(19790, 90, 31),
(1685, 90, 32),
(19898, 90, 33),
(10417, 90, 34),
(10418, 90, 35),
(10419, 90, 36),
(10420, 90, 37),
(20005, 90, 38),
(10421, 90, 39),
(20107, 90, 40),
(15730, 90, 41),
(20211, 90, 42),
(20319, 90, 43),
(20427, 90, 44),
(20535, 90, 45),
(7455, 90, 46),
(7456, 90, 47),
(7457, 90, 48),
(20641, 90, 49),
(20729, 90, 50),
(7458, 90, 51),
(20819, 90, 52),
(20925, 90, 53),
(7459, 90, 54),
(21032, 90, 55),
(21138, 90, 56),
(21226, 90, 57),
(21334, 90, 58),
(21440, 90, 59),
(12096, 90, 60),
(21527, 90, 61),
(21634, 90, 62),
(21742, 90, 63),
(13753, 90, 64),
(21843, 90, 65),
(21949, 90, 66),
(13754, 90, 67),
(13755, 90, 68),
(13756, 90, 69),
(13757, 90, 70),
(13758, 90, 71),
(13759, 90, 72),
(22056, 90, 73),
(17010, 90, 74),
(17011, 90, 75),
(17012, 90, 76),
(22163, 90, 77),
(22268, 90, 78),
(22374, 90, 79),
(22481, 90, 80),
(16542, 90, 81),
(22588, 90, 82),
(22695, 90, 83),
(15731, 90, 84),
(22802, 90, 85),
(22910, 90, 86),
(15732, 90, 87),
(17820, 90, 88),
(23018, 90, 89),
(23125, 90, 90),
(23232, 90, 91),
(23340, 90, 92),
(23448, 90, 93),
(23556, 90, 94),
(23664, 90, 95),
(13760, 90, 96),
(23772, 90, 97),
(23880, 90, 98),
(7460, 90, 99),
(1686, 90, 100),
(1687, 90, 101),
(1688, 90, 102),
(1689, 90, 103),
(1690, 90, 104),
(1691, 90, 105),
(1692, 90, 106),
(1693, 90, 107),
(18506, 90, 108),
(1694, 90, 109),
(1695, 90, 110),
(1696, 90, 111),
(24065, 90, 112),
(5520, 90, 113),
(5521, 90, 114),
(5522, 90, 115),
(5523, 90, 116),
(5524, 90, 117),
(5525, 90, 118),
(5526, 90, 119),
(5527, 90, 120),
(7461, 90, 121),
(7462, 90, 122),
(7463, 90, 123),
(7464, 90, 124),
(7465, 90, 125),
(7466, 90, 126),
(7467, 90, 127),
(7468, 90, 128),
(9186, 90, 129),
(9187, 90, 130),
(9188, 90, 131),
(9189, 90, 132),
(9190, 90, 133),
(9191, 90, 134),
(10422, 90, 135),
(10423, 90, 136),
(10424, 90, 137),
(10425, 90, 138),
(10426, 90, 139),
(10427, 90, 140),
(10428, 90, 141),
(12097, 90, 142),
(12098, 90, 143),
(12099, 90, 144),
(12100, 90, 145),
(13761, 90, 146),
(13762, 90, 147),
(13763, 90, 148),
(13764, 90, 149),
(13765, 90, 150),
(13766, 90, 151),
(13767, 90, 152),
(13768, 90, 153),
(13769, 90, 154),
(15115, 90, 155),
(15116, 90, 156),
(15117, 90, 157),
(15118, 90, 158),
(15733, 90, 159),
(15734, 90, 160),
(15735, 90, 161),
(16543, 90, 162),
(17013, 90, 163),
(17014, 90, 164),
(17015, 90, 165),
(17821, 90, 166),
(1697, 90, 167),
(18129, 90, 168),
(18130, 90, 169),
(18131, 90, 170),
(5528, 91, 1),
(5529, 91, 2),
(5530, 91, 3),
(5531, 91, 4),
(5532, 91, 5),
(5533, 91, 6),
(5534, 91, 7),
(18598, 91, 8),
(18704, 91, 9),
(18810, 91, 10),
(5535, 91, 11),
(18918, 91, 12),
(19024, 91, 13),
(1698, 91, 14),
(19110, 91, 15),
(9192, 91, 16),
(19216, 91, 17),
(9193, 91, 18),
(1699, 91, 19),
(19302, 91, 20),
(1700, 91, 21),
(1701, 91, 22),
(1702, 91, 23),
(1703, 91, 24),
(1704, 91, 25),
(1705, 91, 26),
(18507, 91, 27),
(19467, 91, 28),
(19575, 91, 29),
(19683, 91, 30),
(19791, 91, 31),
(1706, 91, 32),
(19899, 91, 33),
(10429, 91, 34),
(10430, 91, 35),
(10431, 91, 36),
(10432, 91, 37),
(20006, 91, 38),
(10433, 91, 39),
(20108, 91, 40),
(15736, 91, 41),
(20212, 91, 42),
(20320, 91, 43),
(20428, 91, 44),
(20536, 91, 45),
(7469, 91, 46),
(7470, 91, 47),
(7471, 91, 48),
(20642, 91, 49),
(20730, 91, 50),
(7472, 91, 51),
(20820, 91, 52),
(20926, 91, 53),
(7473, 91, 54),
(21033, 91, 55),
(21139, 91, 56),
(21227, 91, 57),
(21335, 91, 58),
(21441, 91, 59),
(12101, 91, 60),
(21528, 91, 61),
(21635, 91, 62),
(21743, 91, 63),
(13770, 91, 64),
(21844, 91, 65),
(21950, 91, 66),
(13771, 91, 67),
(13772, 91, 68),
(13773, 91, 69),
(13774, 91, 70),
(13775, 91, 71),
(13776, 91, 72),
(22057, 91, 73),
(17016, 91, 74),
(17017, 91, 75),
(17018, 91, 76),
(22164, 91, 77),
(22269, 91, 78),
(22375, 91, 79),
(22482, 91, 80),
(16544, 91, 81),
(22589, 91, 82),
(22696, 91, 83),
(15737, 91, 84),
(22803, 91, 85),
(22911, 91, 86),
(15738, 91, 87),
(17822, 91, 88),
(23019, 91, 89),
(23126, 91, 90),
(23233, 91, 91),
(23341, 91, 92),
(23449, 91, 93),
(23557, 91, 94),
(23665, 91, 95),
(13777, 91, 96),
(23773, 91, 97),
(23881, 91, 98),
(7474, 91, 99),
(1707, 91, 100),
(1708, 91, 101),
(1709, 91, 102),
(1710, 91, 103),
(1711, 91, 104),
(1712, 91, 105),
(1713, 91, 106),
(1714, 91, 107),
(18508, 91, 108),
(1715, 91, 109),
(1716, 91, 110),
(1717, 91, 111),
(24066, 91, 112),
(5536, 91, 113),
(5537, 91, 114),
(5538, 91, 115),
(5539, 91, 116),
(5540, 91, 117),
(5541, 91, 118),
(5542, 91, 119),
(5543, 91, 120),
(7475, 91, 121),
(7476, 91, 122),
(7477, 91, 123),
(7478, 91, 124),
(7479, 91, 125),
(7480, 91, 126),
(7481, 91, 127),
(7482, 91, 128),
(9194, 91, 129),
(9195, 91, 130),
(9196, 91, 131),
(9197, 91, 132),
(9198, 91, 133),
(9199, 91, 134),
(10434, 91, 135),
(10435, 91, 136),
(10436, 91, 137),
(10437, 91, 138),
(10438, 91, 139),
(10439, 91, 140),
(10440, 91, 141),
(12102, 91, 142),
(12103, 91, 143),
(12104, 91, 144),
(12105, 91, 145),
(13778, 91, 146),
(13779, 91, 147),
(13780, 91, 148),
(13781, 91, 149),
(13782, 91, 150),
(13783, 91, 151),
(13784, 91, 152),
(13785, 91, 153),
(13786, 91, 154),
(15119, 91, 155),
(15120, 91, 156),
(15121, 91, 157),
(15122, 91, 158),
(15739, 91, 159),
(15740, 91, 160),
(15741, 91, 161),
(16545, 91, 162),
(17019, 91, 163),
(17020, 91, 164),
(17021, 91, 165),
(17823, 91, 166),
(1718, 91, 167),
(18132, 91, 168),
(18133, 91, 169),
(18134, 91, 170),
(5544, 92, 1),
(5545, 92, 2),
(5546, 92, 3),
(5547, 92, 4),
(5548, 92, 5),
(5549, 92, 6),
(5550, 92, 7),
(18599, 92, 8),
(18705, 92, 9),
(18811, 92, 10),
(5551, 92, 11),
(18919, 92, 12),
(19025, 92, 13),
(1719, 92, 14),
(19111, 92, 15),
(9200, 92, 16),
(19217, 92, 17),
(9201, 92, 18),
(1720, 92, 19),
(19303, 92, 20),
(1721, 92, 21),
(1722, 92, 22),
(1723, 92, 23),
(1724, 92, 24),
(1725, 92, 25),
(1726, 92, 26),
(18509, 92, 27),
(19468, 92, 28),
(19576, 92, 29),
(19684, 92, 30),
(19792, 92, 31),
(1727, 92, 32),
(19900, 92, 33),
(10441, 92, 34),
(10442, 92, 35),
(10443, 92, 36),
(10444, 92, 37),
(20007, 92, 38),
(10445, 92, 39),
(20109, 92, 40),
(15742, 92, 41),
(20213, 92, 42),
(20321, 92, 43),
(20429, 92, 44),
(20537, 92, 45),
(7483, 92, 46),
(7484, 92, 47),
(7485, 92, 48),
(20643, 92, 49),
(20731, 92, 50),
(7486, 92, 51),
(20821, 92, 52),
(20927, 92, 53),
(7487, 92, 54),
(21034, 92, 55),
(21140, 92, 56),
(21228, 92, 57),
(21336, 92, 58),
(21442, 92, 59),
(12106, 92, 60),
(21529, 92, 61),
(21636, 92, 62),
(21744, 92, 63),
(13787, 92, 64),
(21845, 92, 65),
(21951, 92, 66),
(13788, 92, 67),
(13789, 92, 68),
(13790, 92, 69),
(13791, 92, 70),
(13792, 92, 71),
(13793, 92, 72),
(22058, 92, 73),
(17022, 92, 74),
(17023, 92, 75),
(17024, 92, 76),
(22165, 92, 77),
(22270, 92, 78),
(22376, 92, 79),
(22483, 92, 80),
(16546, 92, 81),
(22590, 92, 82),
(22697, 92, 83),
(15743, 92, 84),
(22804, 92, 85),
(22912, 92, 86),
(15744, 92, 87),
(17824, 92, 88),
(23020, 92, 89),
(23127, 92, 90),
(23234, 92, 91),
(23342, 92, 92),
(23450, 92, 93),
(23558, 92, 94),
(23666, 92, 95),
(13794, 92, 96),
(23774, 92, 97),
(23882, 92, 98),
(7488, 92, 99),
(1728, 92, 100),
(1729, 92, 101),
(1730, 92, 102),
(1731, 92, 103),
(1732, 92, 104),
(1733, 92, 105),
(1734, 92, 106),
(1735, 92, 107),
(18510, 92, 108),
(1736, 92, 109),
(1737, 92, 110),
(1738, 92, 111),
(24067, 92, 112),
(5552, 92, 113),
(5553, 92, 114),
(5554, 92, 115),
(5555, 92, 116),
(5556, 92, 117),
(5557, 92, 118),
(5558, 92, 119),
(5559, 92, 120),
(7489, 92, 121),
(7490, 92, 122),
(7491, 92, 123),
(7492, 92, 124),
(7493, 92, 125),
(7494, 92, 126),
(7495, 92, 127),
(7496, 92, 128),
(9202, 92, 129),
(9203, 92, 130),
(9204, 92, 131),
(9205, 92, 132),
(9206, 92, 133),
(9207, 92, 134),
(10446, 92, 135),
(10447, 92, 136),
(10448, 92, 137),
(10449, 92, 138),
(10450, 92, 139),
(10451, 92, 140),
(10452, 92, 141),
(12107, 92, 142),
(12108, 92, 143),
(12109, 92, 144),
(12110, 92, 145),
(13795, 92, 146),
(13796, 92, 147),
(13797, 92, 148),
(13798, 92, 149),
(13799, 92, 150),
(13800, 92, 151),
(13801, 92, 152),
(13802, 92, 153),
(13803, 92, 154),
(15123, 92, 155),
(15124, 92, 156),
(15125, 92, 157),
(15126, 92, 158),
(15745, 92, 159),
(15746, 92, 160),
(15747, 92, 161),
(16547, 92, 162),
(17025, 92, 163),
(17026, 92, 164),
(17027, 92, 165),
(17825, 92, 166),
(1739, 92, 167),
(18135, 92, 168),
(18136, 92, 169),
(18137, 92, 170),
(5560, 93, 1),
(5561, 93, 2),
(5562, 93, 3),
(5563, 93, 4),
(5564, 93, 5),
(5565, 93, 6),
(5566, 93, 7),
(18600, 93, 8),
(18706, 93, 9),
(18812, 93, 10),
(5567, 93, 11),
(18920, 93, 12),
(19026, 93, 13),
(1740, 93, 14),
(19112, 93, 15),
(9208, 93, 16),
(19218, 93, 17),
(9209, 93, 18),
(1741, 93, 19),
(19304, 93, 20),
(1742, 93, 21),
(1743, 93, 22),
(1744, 93, 23),
(1745, 93, 24),
(1746, 93, 25),
(1747, 93, 26),
(18511, 93, 27),
(19469, 93, 28),
(19577, 93, 29),
(19685, 93, 30),
(19793, 93, 31),
(1748, 93, 32),
(19901, 93, 33),
(10453, 93, 34),
(10454, 93, 35),
(10455, 93, 36),
(10456, 93, 37),
(20008, 93, 38),
(10457, 93, 39),
(20110, 93, 40),
(15748, 93, 41),
(20214, 93, 42),
(20322, 93, 43),
(20430, 93, 44),
(20538, 93, 45),
(7497, 93, 46),
(7498, 93, 47),
(7499, 93, 48),
(20644, 93, 49),
(20732, 93, 50),
(7500, 93, 51),
(20822, 93, 52),
(20928, 93, 53),
(7501, 93, 54),
(21035, 93, 55),
(21141, 93, 56),
(21229, 93, 57),
(21337, 93, 58),
(21443, 93, 59),
(12111, 93, 60),
(21530, 93, 61),
(21637, 93, 62),
(21745, 93, 63),
(13804, 93, 64),
(21846, 93, 65),
(21952, 93, 66),
(13805, 93, 67),
(13806, 93, 68),
(13807, 93, 69),
(13808, 93, 70),
(13809, 93, 71),
(13810, 93, 72),
(22059, 93, 73),
(17028, 93, 74),
(17029, 93, 75),
(17030, 93, 76),
(22166, 93, 77),
(22271, 93, 78),
(22377, 93, 79),
(22484, 93, 80),
(16548, 93, 81),
(22591, 93, 82),
(22698, 93, 83),
(15749, 93, 84),
(22805, 93, 85),
(22913, 93, 86),
(15750, 93, 87),
(17826, 93, 88),
(23021, 93, 89),
(23128, 93, 90),
(23235, 93, 91),
(23343, 93, 92),
(23451, 93, 93),
(23559, 93, 94),
(23667, 93, 95),
(13811, 93, 96),
(23775, 93, 97),
(23883, 93, 98),
(7502, 93, 99),
(1749, 93, 100),
(1750, 93, 101),
(1751, 93, 102),
(1752, 93, 103),
(1753, 93, 104),
(1754, 93, 105),
(1755, 93, 106),
(1756, 93, 107),
(18512, 93, 108),
(1757, 93, 109),
(1758, 93, 110),
(1759, 93, 111),
(24068, 93, 112),
(5568, 93, 113),
(5569, 93, 114),
(5570, 93, 115),
(5571, 93, 116),
(5572, 93, 117),
(5573, 93, 118),
(5574, 93, 119),
(5575, 93, 120),
(7503, 93, 121),
(7504, 93, 122),
(7505, 93, 123),
(7506, 93, 124),
(7507, 93, 125),
(7508, 93, 126),
(7509, 93, 127),
(7510, 93, 128),
(9210, 93, 129),
(9211, 93, 130),
(9212, 93, 131),
(9213, 93, 132),
(9214, 93, 133),
(9215, 93, 134),
(10458, 93, 135),
(10459, 93, 136),
(10460, 93, 137),
(10461, 93, 138),
(10462, 93, 139),
(10463, 93, 140),
(10464, 93, 141),
(12112, 93, 142),
(12113, 93, 143),
(12114, 93, 144),
(12115, 93, 145),
(13812, 93, 146),
(13813, 93, 147),
(13814, 93, 148),
(13815, 93, 149),
(13816, 93, 150),
(13817, 93, 151),
(13818, 93, 152),
(13819, 93, 153),
(13820, 93, 154),
(15127, 93, 155),
(15128, 93, 156),
(15129, 93, 157),
(15130, 93, 158),
(15751, 93, 159),
(15752, 93, 160),
(15753, 93, 161),
(16549, 93, 162),
(17031, 93, 163),
(17032, 93, 164),
(17033, 93, 165),
(17827, 93, 166),
(1760, 93, 167),
(18138, 93, 168),
(18139, 93, 169),
(18140, 93, 170),
(5576, 94, 1),
(5577, 94, 2),
(5578, 94, 3),
(5579, 94, 4),
(5580, 94, 5),
(5581, 94, 6),
(5582, 94, 7),
(18601, 94, 8),
(18707, 94, 9),
(18813, 94, 10),
(5583, 94, 11),
(18921, 94, 12),
(19027, 94, 13),
(1761, 94, 14),
(19113, 94, 15),
(9216, 94, 16),
(19219, 94, 17),
(9217, 94, 18),
(1762, 94, 19),
(19305, 94, 20),
(1763, 94, 21),
(1764, 94, 22),
(1765, 94, 23),
(1766, 94, 24),
(1767, 94, 25),
(1768, 94, 26),
(18513, 94, 27),
(19470, 94, 28),
(19578, 94, 29),
(19686, 94, 30),
(19794, 94, 31),
(1769, 94, 32),
(19902, 94, 33),
(10465, 94, 34),
(10466, 94, 35),
(10467, 94, 36),
(10468, 94, 37),
(20009, 94, 38),
(10469, 94, 39),
(20111, 94, 40),
(15754, 94, 41),
(20215, 94, 42),
(20323, 94, 43),
(20431, 94, 44),
(20539, 94, 45),
(7511, 94, 46),
(7512, 94, 47),
(7513, 94, 48),
(20645, 94, 49),
(20733, 94, 50),
(7514, 94, 51),
(20823, 94, 52),
(20929, 94, 53),
(7515, 94, 54),
(21036, 94, 55),
(21142, 94, 56),
(21230, 94, 57),
(21338, 94, 58),
(21444, 94, 59),
(12116, 94, 60),
(21531, 94, 61),
(21638, 94, 62),
(21746, 94, 63),
(13821, 94, 64),
(21847, 94, 65),
(21953, 94, 66),
(13822, 94, 67),
(13823, 94, 68),
(13824, 94, 69),
(13825, 94, 70),
(13826, 94, 71),
(13827, 94, 72),
(22060, 94, 73),
(17034, 94, 74),
(17035, 94, 75),
(17036, 94, 76),
(22167, 94, 77),
(22272, 94, 78),
(22378, 94, 79),
(22485, 94, 80),
(16550, 94, 81),
(22592, 94, 82),
(22699, 94, 83),
(15755, 94, 84),
(22806, 94, 85),
(22914, 94, 86),
(15756, 94, 87),
(17828, 94, 88),
(23022, 94, 89),
(23129, 94, 90),
(23236, 94, 91),
(23344, 94, 92),
(23452, 94, 93),
(23560, 94, 94),
(23668, 94, 95),
(13828, 94, 96),
(23776, 94, 97),
(23884, 94, 98),
(7516, 94, 99),
(1770, 94, 100),
(1771, 94, 101),
(1772, 94, 102),
(1773, 94, 103),
(1774, 94, 104),
(1775, 94, 105),
(1776, 94, 106),
(1777, 94, 107),
(18514, 94, 108),
(1778, 94, 109),
(1779, 94, 110),
(1780, 94, 111),
(24069, 94, 112),
(5584, 94, 113),
(5585, 94, 114),
(5586, 94, 115),
(5587, 94, 116),
(5588, 94, 117),
(5589, 94, 118),
(5590, 94, 119),
(5591, 94, 120),
(7517, 94, 121),
(7518, 94, 122),
(7519, 94, 123),
(7520, 94, 124),
(7521, 94, 125),
(7522, 94, 126),
(7523, 94, 127),
(7524, 94, 128),
(9218, 94, 129),
(9219, 94, 130),
(9220, 94, 131),
(9221, 94, 132),
(9222, 94, 133),
(9223, 94, 134),
(10470, 94, 135),
(10471, 94, 136),
(10472, 94, 137),
(10473, 94, 138),
(10474, 94, 139),
(10475, 94, 140),
(10476, 94, 141),
(12117, 94, 142),
(12118, 94, 143),
(12119, 94, 144),
(12120, 94, 145),
(13829, 94, 146),
(13830, 94, 147),
(13831, 94, 148),
(13832, 94, 149),
(13833, 94, 150),
(13834, 94, 151),
(13835, 94, 152),
(13836, 94, 153),
(13837, 94, 154),
(15131, 94, 155),
(15132, 94, 156),
(15133, 94, 157),
(15134, 94, 158),
(15757, 94, 159),
(15758, 94, 160),
(15759, 94, 161),
(16551, 94, 162),
(17037, 94, 163),
(17038, 94, 164),
(17039, 94, 165),
(17829, 94, 166),
(1781, 94, 167),
(18141, 94, 168),
(18142, 94, 169),
(18143, 94, 170),
(5592, 95, 1),
(5593, 95, 2),
(5594, 95, 3),
(5595, 95, 4),
(5596, 95, 5),
(5597, 95, 6),
(5598, 95, 7),
(18602, 95, 8),
(18708, 95, 9),
(18814, 95, 10),
(5599, 95, 11),
(18922, 95, 12),
(19028, 95, 13),
(1782, 95, 14),
(19114, 95, 15),
(9224, 95, 16),
(19220, 95, 17),
(9225, 95, 18),
(1783, 95, 19),
(19306, 95, 20),
(1784, 95, 21),
(1785, 95, 22),
(1786, 95, 23),
(1787, 95, 24),
(1788, 95, 25),
(1789, 95, 26),
(18515, 95, 27),
(19471, 95, 28),
(19579, 95, 29),
(19687, 95, 30),
(19795, 95, 31),
(1790, 95, 32),
(19903, 95, 33),
(10477, 95, 34),
(10478, 95, 35),
(10479, 95, 36),
(10480, 95, 37),
(20010, 95, 38),
(10481, 95, 39),
(20112, 95, 40),
(15760, 95, 41),
(20216, 95, 42),
(20324, 95, 43),
(20432, 95, 44),
(20540, 95, 45),
(7525, 95, 46),
(7526, 95, 47),
(7527, 95, 48),
(20646, 95, 49),
(20734, 95, 50),
(7528, 95, 51),
(20824, 95, 52),
(20930, 95, 53),
(7529, 95, 54),
(21037, 95, 55),
(21143, 95, 56),
(21231, 95, 57),
(21339, 95, 58),
(21445, 95, 59),
(12121, 95, 60),
(21532, 95, 61),
(21639, 95, 62),
(21747, 95, 63),
(13838, 95, 64),
(21848, 95, 65),
(21954, 95, 66),
(13839, 95, 67),
(13840, 95, 68),
(13841, 95, 69),
(13842, 95, 70),
(13843, 95, 71),
(13844, 95, 72),
(22061, 95, 73),
(17040, 95, 74),
(17041, 95, 75),
(17042, 95, 76),
(22168, 95, 77),
(22273, 95, 78),
(22379, 95, 79),
(22486, 95, 80),
(16552, 95, 81),
(22593, 95, 82),
(22700, 95, 83),
(15761, 95, 84),
(22807, 95, 85),
(22915, 95, 86),
(15762, 95, 87),
(17830, 95, 88),
(23023, 95, 89),
(23130, 95, 90),
(23237, 95, 91),
(23345, 95, 92),
(23453, 95, 93),
(23561, 95, 94),
(23669, 95, 95),
(13845, 95, 96),
(23777, 95, 97),
(23885, 95, 98),
(7530, 95, 99),
(1791, 95, 100),
(1792, 95, 101),
(1793, 95, 102),
(1794, 95, 103),
(1795, 95, 104),
(1796, 95, 105),
(1797, 95, 106),
(1798, 95, 107),
(18516, 95, 108),
(1799, 95, 109),
(1800, 95, 110),
(1801, 95, 111),
(24070, 95, 112),
(5600, 95, 113),
(5601, 95, 114),
(5602, 95, 115),
(5603, 95, 116),
(5604, 95, 117),
(5605, 95, 118),
(5606, 95, 119),
(5607, 95, 120),
(7531, 95, 121),
(7532, 95, 122),
(7533, 95, 123),
(7534, 95, 124),
(7535, 95, 125),
(7536, 95, 126),
(7537, 95, 127),
(7538, 95, 128),
(9226, 95, 129),
(9227, 95, 130),
(9228, 95, 131),
(9229, 95, 132),
(9230, 95, 133),
(9231, 95, 134),
(10482, 95, 135),
(10483, 95, 136),
(10484, 95, 137),
(10485, 95, 138),
(10486, 95, 139),
(10487, 95, 140),
(10488, 95, 141),
(12122, 95, 142),
(12123, 95, 143),
(12124, 95, 144),
(12125, 95, 145),
(13846, 95, 146),
(13847, 95, 147),
(13848, 95, 148),
(13849, 95, 149),
(13850, 95, 150),
(13851, 95, 151),
(13852, 95, 152),
(13853, 95, 153),
(13854, 95, 154),
(15135, 95, 155),
(15136, 95, 156),
(15137, 95, 157),
(15138, 95, 158),
(15763, 95, 159),
(15764, 95, 160),
(15765, 95, 161),
(16553, 95, 162),
(17043, 95, 163),
(17044, 95, 164),
(17045, 95, 165),
(17831, 95, 166),
(1802, 95, 167),
(18144, 95, 168),
(18145, 95, 169),
(18146, 95, 170),
(5608, 96, 1),
(5609, 96, 2),
(5610, 96, 3),
(5611, 96, 4),
(5612, 96, 5),
(5613, 96, 6),
(5614, 96, 7),
(18603, 96, 8),
(18709, 96, 9),
(18815, 96, 10),
(5615, 96, 11),
(18923, 96, 12),
(19029, 96, 13),
(1803, 96, 14),
(19115, 96, 15),
(9232, 96, 16),
(19221, 96, 17),
(9233, 96, 18),
(1804, 96, 19),
(19307, 96, 20),
(1805, 96, 21),
(1806, 96, 22),
(1807, 96, 23),
(1808, 96, 24),
(1809, 96, 25),
(1810, 96, 26),
(18517, 96, 27),
(19472, 96, 28),
(19580, 96, 29),
(19688, 96, 30),
(19796, 96, 31),
(1811, 96, 32),
(19904, 96, 33),
(10489, 96, 34),
(10490, 96, 35),
(10491, 96, 36),
(10492, 96, 37),
(20011, 96, 38),
(10493, 96, 39),
(20113, 96, 40),
(15766, 96, 41),
(20217, 96, 42),
(20325, 96, 43),
(20433, 96, 44),
(20541, 96, 45),
(7539, 96, 46),
(7540, 96, 47),
(7541, 96, 48),
(20647, 96, 49),
(20735, 96, 50),
(7542, 96, 51),
(20825, 96, 52),
(20931, 96, 53),
(7543, 96, 54),
(21038, 96, 55),
(21144, 96, 56),
(21232, 96, 57),
(21340, 96, 58),
(21446, 96, 59),
(12126, 96, 60),
(21533, 96, 61),
(21640, 96, 62),
(21748, 96, 63),
(13855, 96, 64),
(21849, 96, 65),
(21955, 96, 66),
(13856, 96, 67),
(13857, 96, 68),
(13858, 96, 69),
(13859, 96, 70),
(13860, 96, 71),
(13861, 96, 72),
(22062, 96, 73),
(17046, 96, 74),
(17047, 96, 75),
(17048, 96, 76),
(22169, 96, 77),
(22274, 96, 78),
(22380, 96, 79),
(22487, 96, 80),
(16554, 96, 81),
(22594, 96, 82),
(22701, 96, 83),
(15767, 96, 84),
(22808, 96, 85),
(22916, 96, 86),
(15768, 96, 87),
(17832, 96, 88),
(23024, 96, 89),
(23131, 96, 90),
(23238, 96, 91),
(23346, 96, 92),
(23454, 96, 93),
(23562, 96, 94),
(23670, 96, 95),
(13862, 96, 96),
(23778, 96, 97),
(23886, 96, 98),
(7544, 96, 99),
(1812, 96, 100),
(1813, 96, 101),
(1814, 96, 102),
(1815, 96, 103),
(1816, 96, 104),
(1817, 96, 105),
(1818, 96, 106),
(1819, 96, 107),
(18518, 96, 108),
(1820, 96, 109),
(1821, 96, 110),
(1822, 96, 111),
(24071, 96, 112),
(5616, 96, 113),
(5617, 96, 114),
(5618, 96, 115),
(5619, 96, 116),
(5620, 96, 117),
(5621, 96, 118),
(5622, 96, 119),
(5623, 96, 120),
(7545, 96, 121),
(7546, 96, 122),
(7547, 96, 123),
(7548, 96, 124),
(7549, 96, 125),
(7550, 96, 126),
(7551, 96, 127),
(7552, 96, 128),
(9234, 96, 129),
(9235, 96, 130),
(9236, 96, 131),
(9237, 96, 132),
(9238, 96, 133),
(9239, 96, 134),
(10494, 96, 135),
(10495, 96, 136),
(10496, 96, 137),
(10497, 96, 138),
(10498, 96, 139),
(10499, 96, 140),
(10500, 96, 141),
(12127, 96, 142),
(12128, 96, 143),
(12129, 96, 144),
(12130, 96, 145),
(13863, 96, 146),
(13864, 96, 147),
(13865, 96, 148),
(13866, 96, 149),
(13867, 96, 150),
(13868, 96, 151),
(13869, 96, 152),
(13870, 96, 153),
(13871, 96, 154),
(15139, 96, 155),
(15140, 96, 156),
(15141, 96, 157),
(15142, 96, 158),
(15769, 96, 159),
(15770, 96, 160),
(15771, 96, 161),
(16555, 96, 162),
(17049, 96, 163),
(17050, 96, 164),
(17051, 96, 165),
(17833, 96, 166),
(1823, 96, 167),
(18147, 96, 168),
(18148, 96, 169),
(18149, 96, 170),
(5624, 97, 1),
(5625, 97, 2),
(5626, 97, 3),
(5627, 97, 4),
(5628, 97, 5),
(5629, 97, 6),
(5630, 97, 7),
(18604, 97, 8),
(18710, 97, 9),
(18816, 97, 10),
(5631, 97, 11),
(18924, 97, 12),
(19030, 97, 13),
(1824, 97, 14),
(19116, 97, 15),
(9240, 97, 16),
(19222, 97, 17),
(9241, 97, 18),
(1825, 97, 19),
(19308, 97, 20),
(1826, 97, 21),
(1827, 97, 22),
(1828, 97, 23),
(1829, 97, 24),
(1830, 97, 25),
(1831, 97, 26),
(18519, 97, 27),
(19473, 97, 28),
(19581, 97, 29),
(19689, 97, 30),
(19797, 97, 31),
(1832, 97, 32),
(19905, 97, 33),
(10501, 97, 34),
(10502, 97, 35),
(10503, 97, 36),
(10504, 97, 37),
(20012, 97, 38),
(10505, 97, 39),
(20114, 97, 40),
(15772, 97, 41),
(20218, 97, 42),
(20326, 97, 43),
(20434, 97, 44),
(20542, 97, 45),
(7553, 97, 46),
(7554, 97, 47),
(7555, 97, 48),
(20648, 97, 49),
(20736, 97, 50),
(7556, 97, 51),
(20826, 97, 52),
(20932, 97, 53),
(7557, 97, 54),
(21039, 97, 55),
(21145, 97, 56),
(21233, 97, 57),
(21341, 97, 58),
(21447, 97, 59),
(12131, 97, 60),
(21534, 97, 61),
(21641, 97, 62),
(21749, 97, 63),
(13872, 97, 64),
(21850, 97, 65),
(21956, 97, 66),
(13873, 97, 67),
(13874, 97, 68),
(13875, 97, 69),
(13876, 97, 70),
(13877, 97, 71),
(13878, 97, 72),
(22063, 97, 73),
(17052, 97, 74),
(17053, 97, 75),
(17054, 97, 76),
(22170, 97, 77),
(22275, 97, 78),
(22381, 97, 79),
(22488, 97, 80),
(16556, 97, 81),
(22595, 97, 82),
(22702, 97, 83),
(15773, 97, 84),
(22809, 97, 85),
(22917, 97, 86),
(15774, 97, 87),
(17834, 97, 88),
(23025, 97, 89),
(23132, 97, 90),
(23239, 97, 91),
(23347, 97, 92),
(23455, 97, 93),
(23563, 97, 94),
(23671, 97, 95),
(13879, 97, 96),
(23779, 97, 97),
(23887, 97, 98),
(7558, 97, 99),
(1833, 97, 100),
(1834, 97, 101),
(1835, 97, 102),
(1836, 97, 103),
(1837, 97, 104),
(1838, 97, 105),
(1839, 97, 106),
(1840, 97, 107),
(18520, 97, 108),
(1841, 97, 109),
(1842, 97, 110),
(1843, 97, 111),
(24072, 97, 112),
(5632, 97, 113),
(5633, 97, 114),
(5634, 97, 115),
(5635, 97, 116),
(5636, 97, 117),
(5637, 97, 118),
(5638, 97, 119),
(5639, 97, 120),
(7559, 97, 121),
(7560, 97, 122),
(7561, 97, 123),
(7562, 97, 124),
(7563, 97, 125),
(7564, 97, 126),
(7565, 97, 127),
(7566, 97, 128),
(9242, 97, 129),
(9243, 97, 130),
(9244, 97, 131),
(9245, 97, 132),
(9246, 97, 133),
(9247, 97, 134),
(10506, 97, 135),
(10507, 97, 136),
(10508, 97, 137),
(10509, 97, 138),
(10510, 97, 139),
(10511, 97, 140),
(10512, 97, 141),
(12132, 97, 142),
(12133, 97, 143),
(12134, 97, 144),
(12135, 97, 145),
(13880, 97, 146),
(13881, 97, 147),
(13882, 97, 148),
(13883, 97, 149),
(13884, 97, 150),
(13885, 97, 151),
(13886, 97, 152),
(13887, 97, 153),
(13888, 97, 154),
(15143, 97, 155),
(15144, 97, 156),
(15145, 97, 157),
(15146, 97, 158),
(15775, 97, 159),
(15776, 97, 160),
(15777, 97, 161),
(16557, 97, 162),
(17055, 97, 163),
(17056, 97, 164),
(17057, 97, 165),
(17835, 97, 166),
(1844, 97, 167),
(18150, 97, 168),
(18151, 97, 169),
(18152, 97, 170),
(5640, 98, 1),
(5641, 98, 2),
(5642, 98, 3),
(5643, 98, 4),
(5644, 98, 5),
(5645, 98, 6),
(5646, 98, 7),
(18605, 98, 8),
(18711, 98, 9),
(18817, 98, 10),
(5647, 98, 11),
(18925, 98, 12),
(19031, 98, 13),
(1845, 98, 14),
(19117, 98, 15),
(9248, 98, 16),
(19223, 98, 17),
(9249, 98, 18),
(1846, 98, 19),
(19309, 98, 20),
(1847, 98, 21),
(1848, 98, 22),
(1849, 98, 23),
(1850, 98, 24),
(1851, 98, 25),
(1852, 98, 26),
(18521, 98, 27),
(19474, 98, 28),
(19582, 98, 29),
(19690, 98, 30),
(19798, 98, 31),
(1853, 98, 32),
(19906, 98, 33),
(10513, 98, 34),
(10514, 98, 35),
(10515, 98, 36),
(10516, 98, 37),
(20013, 98, 38),
(10517, 98, 39),
(20115, 98, 40),
(15778, 98, 41),
(20219, 98, 42),
(20327, 98, 43),
(20435, 98, 44),
(20543, 98, 45),
(7567, 98, 46),
(7568, 98, 47),
(7569, 98, 48),
(20649, 98, 49),
(20737, 98, 50),
(7570, 98, 51),
(20827, 98, 52),
(20933, 98, 53),
(7571, 98, 54),
(21040, 98, 55),
(21146, 98, 56),
(21234, 98, 57),
(21342, 98, 58),
(21448, 98, 59),
(12136, 98, 60),
(21535, 98, 61),
(21642, 98, 62),
(21750, 98, 63),
(13889, 98, 64),
(21851, 98, 65),
(21957, 98, 66),
(13890, 98, 67),
(13891, 98, 68),
(13892, 98, 69),
(13893, 98, 70),
(13894, 98, 71),
(13895, 98, 72),
(22064, 98, 73),
(17058, 98, 74),
(17059, 98, 75),
(17060, 98, 76),
(22171, 98, 77),
(22276, 98, 78),
(22382, 98, 79),
(22489, 98, 80),
(16558, 98, 81),
(22596, 98, 82),
(22703, 98, 83),
(15779, 98, 84),
(22810, 98, 85),
(22918, 98, 86),
(15780, 98, 87),
(17836, 98, 88),
(23026, 98, 89),
(23133, 98, 90),
(23240, 98, 91),
(23348, 98, 92),
(23456, 98, 93),
(23564, 98, 94),
(23672, 98, 95),
(13896, 98, 96),
(23780, 98, 97),
(23888, 98, 98),
(7572, 98, 99),
(1854, 98, 100),
(1855, 98, 101),
(1856, 98, 102),
(1857, 98, 103),
(1858, 98, 104),
(1859, 98, 105),
(1860, 98, 106),
(1861, 98, 107),
(18522, 98, 108),
(1862, 98, 109),
(1863, 98, 110),
(1864, 98, 111),
(24073, 98, 112),
(5648, 98, 113),
(5649, 98, 114),
(5650, 98, 115),
(5651, 98, 116),
(5652, 98, 117),
(5653, 98, 118),
(5654, 98, 119),
(5655, 98, 120),
(7573, 98, 121),
(7574, 98, 122),
(7575, 98, 123),
(7576, 98, 124),
(7577, 98, 125),
(7578, 98, 126),
(7579, 98, 127),
(7580, 98, 128),
(9250, 98, 129),
(9251, 98, 130),
(9252, 98, 131),
(9253, 98, 132),
(9254, 98, 133),
(9255, 98, 134),
(10518, 98, 135),
(10519, 98, 136),
(10520, 98, 137),
(10521, 98, 138),
(10522, 98, 139),
(10523, 98, 140),
(10524, 98, 141),
(12137, 98, 142),
(12138, 98, 143),
(12139, 98, 144),
(12140, 98, 145),
(13897, 98, 146),
(13898, 98, 147),
(13899, 98, 148),
(13900, 98, 149),
(13901, 98, 150),
(13902, 98, 151),
(13903, 98, 152),
(13904, 98, 153),
(13905, 98, 154),
(15147, 98, 155),
(15148, 98, 156),
(15149, 98, 157),
(15150, 98, 158),
(15781, 98, 159),
(15782, 98, 160),
(15783, 98, 161),
(16559, 98, 162),
(17061, 98, 163),
(17062, 98, 164),
(17063, 98, 165),
(17837, 98, 166),
(1865, 98, 167),
(18153, 98, 168),
(18154, 98, 169),
(18155, 98, 170),
(5656, 99, 1),
(5657, 99, 2),
(5658, 99, 3),
(5659, 99, 4),
(5660, 99, 5),
(5661, 99, 6),
(5662, 99, 7),
(18606, 99, 8),
(18712, 99, 9),
(18818, 99, 10),
(5663, 99, 11),
(18926, 99, 12),
(19032, 99, 13),
(1866, 99, 14),
(19118, 99, 15),
(9256, 99, 16),
(19224, 99, 17),
(9257, 99, 18),
(1867, 99, 19),
(19310, 99, 20),
(1868, 99, 21),
(1869, 99, 22),
(1870, 99, 23),
(1871, 99, 24),
(1872, 99, 25),
(1873, 99, 26),
(18523, 99, 27),
(19475, 99, 28),
(19583, 99, 29),
(19691, 99, 30),
(19799, 99, 31),
(1874, 99, 32),
(19907, 99, 33),
(10525, 99, 34),
(10526, 99, 35),
(10527, 99, 36),
(10528, 99, 37),
(20014, 99, 38),
(10529, 99, 39),
(20116, 99, 40),
(15784, 99, 41),
(20220, 99, 42),
(20328, 99, 43),
(20436, 99, 44),
(20544, 99, 45),
(7581, 99, 46),
(7582, 99, 47),
(7583, 99, 48),
(20650, 99, 49),
(20738, 99, 50),
(7584, 99, 51),
(20828, 99, 52),
(20934, 99, 53),
(7585, 99, 54),
(21041, 99, 55),
(21147, 99, 56),
(21235, 99, 57),
(21343, 99, 58),
(21449, 99, 59),
(12141, 99, 60),
(21536, 99, 61),
(21643, 99, 62),
(21751, 99, 63),
(13906, 99, 64),
(21852, 99, 65),
(21958, 99, 66),
(13907, 99, 67),
(13908, 99, 68),
(13909, 99, 69),
(13910, 99, 70),
(13911, 99, 71),
(13912, 99, 72),
(22065, 99, 73),
(17064, 99, 74),
(17065, 99, 75),
(17066, 99, 76),
(22172, 99, 77),
(22277, 99, 78),
(22383, 99, 79),
(22490, 99, 80),
(16560, 99, 81),
(22597, 99, 82),
(22704, 99, 83),
(15785, 99, 84),
(22811, 99, 85),
(22919, 99, 86),
(15786, 99, 87),
(17838, 99, 88),
(23027, 99, 89),
(23134, 99, 90),
(23241, 99, 91),
(23349, 99, 92),
(23457, 99, 93),
(23565, 99, 94),
(23673, 99, 95),
(13913, 99, 96),
(23781, 99, 97),
(23889, 99, 98),
(7586, 99, 99),
(1875, 99, 100),
(1876, 99, 101),
(1877, 99, 102),
(1878, 99, 103),
(1879, 99, 104),
(1880, 99, 105),
(1881, 99, 106),
(1882, 99, 107),
(18524, 99, 108),
(1883, 99, 109),
(1884, 99, 110),
(1885, 99, 111),
(24074, 99, 112),
(5664, 99, 113),
(5665, 99, 114),
(5666, 99, 115),
(5667, 99, 116),
(5668, 99, 117),
(5669, 99, 118),
(5670, 99, 119),
(5671, 99, 120),
(7587, 99, 121),
(7588, 99, 122),
(7589, 99, 123),
(7590, 99, 124),
(7591, 99, 125),
(7592, 99, 126),
(7593, 99, 127),
(7594, 99, 128),
(9258, 99, 129),
(9259, 99, 130),
(9260, 99, 131),
(9261, 99, 132),
(9262, 99, 133),
(9263, 99, 134),
(10530, 99, 135),
(10531, 99, 136),
(10532, 99, 137),
(10533, 99, 138),
(10534, 99, 139),
(10535, 99, 140),
(10536, 99, 141),
(12142, 99, 142),
(12143, 99, 143),
(12144, 99, 144),
(12145, 99, 145),
(13914, 99, 146),
(13915, 99, 147),
(13916, 99, 148),
(13917, 99, 149),
(13918, 99, 150),
(13919, 99, 151),
(13920, 99, 152),
(13921, 99, 153),
(13922, 99, 154),
(15151, 99, 155),
(15152, 99, 156),
(15153, 99, 157),
(15154, 99, 158),
(15787, 99, 159),
(15788, 99, 160),
(15789, 99, 161),
(16561, 99, 162),
(17067, 99, 163),
(17068, 99, 164),
(17069, 99, 165),
(17839, 99, 166),
(1886, 99, 167),
(18156, 99, 168),
(18157, 99, 169),
(18158, 99, 170),
(5672, 100, 1);
INSERT INTO `universitymajors` (`UMID`, `UniversityID`, `MajorID`) VALUES
(5673, 100, 2),
(5674, 100, 3),
(5675, 100, 4),
(5676, 100, 5),
(5677, 100, 6),
(5678, 100, 7),
(18607, 100, 8),
(18713, 100, 9),
(18819, 100, 10),
(5679, 100, 11),
(18927, 100, 12),
(19033, 100, 13),
(1887, 100, 14),
(19119, 100, 15),
(9264, 100, 16),
(19225, 100, 17),
(9265, 100, 18),
(1888, 100, 19),
(19311, 100, 20),
(1889, 100, 21),
(1890, 100, 22),
(1891, 100, 23),
(1892, 100, 24),
(1893, 100, 25),
(1894, 100, 26),
(18525, 100, 27),
(19476, 100, 28),
(19584, 100, 29),
(19692, 100, 30),
(19800, 100, 31),
(1895, 100, 32),
(19908, 100, 33),
(10537, 100, 34),
(10538, 100, 35),
(10539, 100, 36),
(10540, 100, 37),
(20015, 100, 38),
(10541, 100, 39),
(20117, 100, 40),
(15790, 100, 41),
(20221, 100, 42),
(20329, 100, 43),
(20437, 100, 44),
(20545, 100, 45),
(7595, 100, 46),
(7596, 100, 47),
(7597, 100, 48),
(20651, 100, 49),
(20739, 100, 50),
(7598, 100, 51),
(20829, 100, 52),
(20935, 100, 53),
(7599, 100, 54),
(21042, 100, 55),
(21148, 100, 56),
(21236, 100, 57),
(21344, 100, 58),
(21450, 100, 59),
(12146, 100, 60),
(21537, 100, 61),
(21644, 100, 62),
(21752, 100, 63),
(13923, 100, 64),
(21853, 100, 65),
(21959, 100, 66),
(13924, 100, 67),
(13925, 100, 68),
(13926, 100, 69),
(13927, 100, 70),
(13928, 100, 71),
(13929, 100, 72),
(22066, 100, 73),
(17070, 100, 74),
(17071, 100, 75),
(17072, 100, 76),
(22173, 100, 77),
(22278, 100, 78),
(22384, 100, 79),
(22491, 100, 80),
(16562, 100, 81),
(22598, 100, 82),
(22705, 100, 83),
(15791, 100, 84),
(22812, 100, 85),
(22920, 100, 86),
(15792, 100, 87),
(17840, 100, 88),
(23028, 100, 89),
(23135, 100, 90),
(23242, 100, 91),
(23350, 100, 92),
(23458, 100, 93),
(23566, 100, 94),
(23674, 100, 95),
(13930, 100, 96),
(23782, 100, 97),
(23890, 100, 98),
(7600, 100, 99),
(1896, 100, 100),
(1897, 100, 101),
(1898, 100, 102),
(1899, 100, 103),
(1900, 100, 104),
(1901, 100, 105),
(1902, 100, 106),
(1903, 100, 107),
(18526, 100, 108),
(1904, 100, 109),
(1905, 100, 110),
(1906, 100, 111),
(24075, 100, 112),
(5680, 100, 113),
(5681, 100, 114),
(5682, 100, 115),
(5683, 100, 116),
(5684, 100, 117),
(5685, 100, 118),
(5686, 100, 119),
(5687, 100, 120),
(7601, 100, 121),
(7602, 100, 122),
(7603, 100, 123),
(7604, 100, 124),
(7605, 100, 125),
(7606, 100, 126),
(7607, 100, 127),
(7608, 100, 128),
(9266, 100, 129),
(9267, 100, 130),
(9268, 100, 131),
(9269, 100, 132),
(9270, 100, 133),
(9271, 100, 134),
(10542, 100, 135),
(10543, 100, 136),
(10544, 100, 137),
(10545, 100, 138),
(10546, 100, 139),
(10547, 100, 140),
(10548, 100, 141),
(12147, 100, 142),
(12148, 100, 143),
(12149, 100, 144),
(12150, 100, 145),
(13931, 100, 146),
(13932, 100, 147),
(13933, 100, 148),
(13934, 100, 149),
(13935, 100, 150),
(13936, 100, 151),
(13937, 100, 152),
(13938, 100, 153),
(13939, 100, 154),
(15155, 100, 155),
(15156, 100, 156),
(15157, 100, 157),
(15158, 100, 158),
(15793, 100, 159),
(15794, 100, 160),
(15795, 100, 161),
(16563, 100, 162),
(17073, 100, 163),
(17074, 100, 164),
(17075, 100, 165),
(17841, 100, 166),
(1907, 100, 167),
(18159, 100, 168),
(18160, 100, 169),
(18161, 100, 170),
(5688, 101, 1),
(5689, 101, 2),
(5690, 101, 3),
(5691, 101, 4),
(5692, 101, 5),
(5693, 101, 6),
(5694, 101, 7),
(18608, 101, 8),
(18714, 101, 9),
(18820, 101, 10),
(5695, 101, 11),
(18928, 101, 12),
(19034, 101, 13),
(1908, 101, 14),
(19120, 101, 15),
(9272, 101, 16),
(19226, 101, 17),
(9273, 101, 18),
(1909, 101, 19),
(19312, 101, 20),
(1910, 101, 21),
(1911, 101, 22),
(1912, 101, 23),
(1913, 101, 24),
(1914, 101, 25),
(1915, 101, 26),
(18527, 101, 27),
(19477, 101, 28),
(19585, 101, 29),
(19693, 101, 30),
(19801, 101, 31),
(1916, 101, 32),
(19909, 101, 33),
(10549, 101, 34),
(10550, 101, 35),
(10551, 101, 36),
(10552, 101, 37),
(20016, 101, 38),
(10553, 101, 39),
(20118, 101, 40),
(15796, 101, 41),
(20222, 101, 42),
(20330, 101, 43),
(20438, 101, 44),
(20546, 101, 45),
(7609, 101, 46),
(7610, 101, 47),
(7611, 101, 48),
(20652, 101, 49),
(20740, 101, 50),
(7612, 101, 51),
(20830, 101, 52),
(20936, 101, 53),
(7613, 101, 54),
(21043, 101, 55),
(21149, 101, 56),
(21237, 101, 57),
(21345, 101, 58),
(21451, 101, 59),
(12151, 101, 60),
(21538, 101, 61),
(21645, 101, 62),
(21753, 101, 63),
(13940, 101, 64),
(21854, 101, 65),
(21960, 101, 66),
(13941, 101, 67),
(13942, 101, 68),
(13943, 101, 69),
(13944, 101, 70),
(13945, 101, 71),
(13946, 101, 72),
(22067, 101, 73),
(17076, 101, 74),
(17077, 101, 75),
(17078, 101, 76),
(22174, 101, 77),
(22279, 101, 78),
(22385, 101, 79),
(22492, 101, 80),
(16564, 101, 81),
(22599, 101, 82),
(22706, 101, 83),
(15797, 101, 84),
(22813, 101, 85),
(22921, 101, 86),
(15798, 101, 87),
(17842, 101, 88),
(23029, 101, 89),
(23136, 101, 90),
(23243, 101, 91),
(23351, 101, 92),
(23459, 101, 93),
(23567, 101, 94),
(23675, 101, 95),
(13947, 101, 96),
(23783, 101, 97),
(23891, 101, 98),
(7614, 101, 99),
(1917, 101, 100),
(1918, 101, 101),
(1919, 101, 102),
(1920, 101, 103),
(1921, 101, 104),
(1922, 101, 105),
(1923, 101, 106),
(1924, 101, 107),
(18528, 101, 108),
(1925, 101, 109),
(1926, 101, 110),
(1927, 101, 111),
(24076, 101, 112),
(5696, 101, 113),
(5697, 101, 114),
(5698, 101, 115),
(5699, 101, 116),
(5700, 101, 117),
(5701, 101, 118),
(5702, 101, 119),
(5703, 101, 120),
(7615, 101, 121),
(7616, 101, 122),
(7617, 101, 123),
(7618, 101, 124),
(7619, 101, 125),
(7620, 101, 126),
(7621, 101, 127),
(7622, 101, 128),
(9274, 101, 129),
(9275, 101, 130),
(9276, 101, 131),
(9277, 101, 132),
(9278, 101, 133),
(9279, 101, 134),
(10554, 101, 135),
(10555, 101, 136),
(10556, 101, 137),
(10557, 101, 138),
(10558, 101, 139),
(10559, 101, 140),
(10560, 101, 141),
(12152, 101, 142),
(12153, 101, 143),
(12154, 101, 144),
(12155, 101, 145),
(13948, 101, 146),
(13949, 101, 147),
(13950, 101, 148),
(13951, 101, 149),
(13952, 101, 150),
(13953, 101, 151),
(13954, 101, 152),
(13955, 101, 153),
(13956, 101, 154),
(15159, 101, 155),
(15160, 101, 156),
(15161, 101, 157),
(15162, 101, 158),
(15799, 101, 159),
(15800, 101, 160),
(15801, 101, 161),
(16565, 101, 162),
(17079, 101, 163),
(17080, 101, 164),
(17081, 101, 165),
(17843, 101, 166),
(1928, 101, 167),
(18162, 101, 168),
(18163, 101, 169),
(18164, 101, 170),
(5704, 102, 1),
(5705, 102, 2),
(5706, 102, 3),
(5707, 102, 4),
(5708, 102, 5),
(5709, 102, 6),
(5710, 102, 7),
(18609, 102, 8),
(18715, 102, 9),
(18821, 102, 10),
(5711, 102, 11),
(18929, 102, 12),
(19035, 102, 13),
(1929, 102, 14),
(19121, 102, 15),
(9280, 102, 16),
(19227, 102, 17),
(9281, 102, 18),
(1930, 102, 19),
(19313, 102, 20),
(1931, 102, 21),
(1932, 102, 22),
(1933, 102, 23),
(1934, 102, 24),
(1935, 102, 25),
(1936, 102, 26),
(18529, 102, 27),
(19478, 102, 28),
(19586, 102, 29),
(19694, 102, 30),
(19802, 102, 31),
(1937, 102, 32),
(19910, 102, 33),
(10561, 102, 34),
(10562, 102, 35),
(10563, 102, 36),
(10564, 102, 37),
(20017, 102, 38),
(10565, 102, 39),
(20119, 102, 40),
(15802, 102, 41),
(20223, 102, 42),
(20331, 102, 43),
(20439, 102, 44),
(20547, 102, 45),
(7623, 102, 46),
(7624, 102, 47),
(7625, 102, 48),
(20653, 102, 49),
(20741, 102, 50),
(7626, 102, 51),
(20831, 102, 52),
(20937, 102, 53),
(7627, 102, 54),
(21044, 102, 55),
(21150, 102, 56),
(21238, 102, 57),
(21346, 102, 58),
(21452, 102, 59),
(12156, 102, 60),
(21539, 102, 61),
(21646, 102, 62),
(21754, 102, 63),
(13957, 102, 64),
(21855, 102, 65),
(21961, 102, 66),
(13958, 102, 67),
(13959, 102, 68),
(13960, 102, 69),
(13961, 102, 70),
(13962, 102, 71),
(13963, 102, 72),
(22068, 102, 73),
(17082, 102, 74),
(17083, 102, 75),
(17084, 102, 76),
(22175, 102, 77),
(22280, 102, 78),
(22386, 102, 79),
(22493, 102, 80),
(16566, 102, 81),
(22600, 102, 82),
(22707, 102, 83),
(15803, 102, 84),
(22814, 102, 85),
(22922, 102, 86),
(15804, 102, 87),
(17844, 102, 88),
(23030, 102, 89),
(23137, 102, 90),
(23244, 102, 91),
(23352, 102, 92),
(23460, 102, 93),
(23568, 102, 94),
(23676, 102, 95),
(13964, 102, 96),
(23784, 102, 97),
(23892, 102, 98),
(7628, 102, 99),
(1938, 102, 100),
(1939, 102, 101),
(1940, 102, 102),
(1941, 102, 103),
(1942, 102, 104),
(1943, 102, 105),
(1944, 102, 106),
(1945, 102, 107),
(18530, 102, 108),
(1946, 102, 109),
(1947, 102, 110),
(1948, 102, 111),
(24077, 102, 112),
(5712, 102, 113),
(5713, 102, 114),
(5714, 102, 115),
(5715, 102, 116),
(5716, 102, 117),
(5717, 102, 118),
(5718, 102, 119),
(5719, 102, 120),
(7629, 102, 121),
(7630, 102, 122),
(7631, 102, 123),
(7632, 102, 124),
(7633, 102, 125),
(7634, 102, 126),
(7635, 102, 127),
(7636, 102, 128),
(9282, 102, 129),
(9283, 102, 130),
(9284, 102, 131),
(9285, 102, 132),
(9286, 102, 133),
(9287, 102, 134),
(10566, 102, 135),
(10567, 102, 136),
(10568, 102, 137),
(10569, 102, 138),
(10570, 102, 139),
(10571, 102, 140),
(10572, 102, 141),
(12157, 102, 142),
(12158, 102, 143),
(12159, 102, 144),
(12160, 102, 145),
(13965, 102, 146),
(13966, 102, 147),
(13967, 102, 148),
(13968, 102, 149),
(13969, 102, 150),
(13970, 102, 151),
(13971, 102, 152),
(13972, 102, 153),
(13973, 102, 154),
(15163, 102, 155),
(15164, 102, 156),
(15165, 102, 157),
(15166, 102, 158),
(15805, 102, 159),
(15806, 102, 160),
(15807, 102, 161),
(16567, 102, 162),
(17085, 102, 163),
(17086, 102, 164),
(17087, 102, 165),
(17845, 102, 166),
(1949, 102, 167),
(18165, 102, 168),
(18166, 102, 169),
(18167, 102, 170),
(5720, 103, 1),
(5721, 103, 2),
(5722, 103, 3),
(5723, 103, 4),
(5724, 103, 5),
(5725, 103, 6),
(5726, 103, 7),
(18610, 103, 8),
(18716, 103, 9),
(18822, 103, 10),
(5727, 103, 11),
(18930, 103, 12),
(19036, 103, 13),
(1950, 103, 14),
(19122, 103, 15),
(9288, 103, 16),
(19228, 103, 17),
(9289, 103, 18),
(1951, 103, 19),
(19314, 103, 20),
(1952, 103, 21),
(1953, 103, 22),
(1954, 103, 23),
(1955, 103, 24),
(1956, 103, 25),
(1957, 103, 26),
(18531, 103, 27),
(19479, 103, 28),
(19587, 103, 29),
(19695, 103, 30),
(19803, 103, 31),
(1958, 103, 32),
(19911, 103, 33),
(10573, 103, 34),
(10574, 103, 35),
(10575, 103, 36),
(10576, 103, 37),
(20018, 103, 38),
(10577, 103, 39),
(20120, 103, 40),
(15808, 103, 41),
(20224, 103, 42),
(20332, 103, 43),
(20440, 103, 44),
(20548, 103, 45),
(7637, 103, 46),
(7638, 103, 47),
(7639, 103, 48),
(20654, 103, 49),
(20742, 103, 50),
(7640, 103, 51),
(20832, 103, 52),
(20938, 103, 53),
(7641, 103, 54),
(21045, 103, 55),
(21151, 103, 56),
(21239, 103, 57),
(21347, 103, 58),
(21453, 103, 59),
(12161, 103, 60),
(21540, 103, 61),
(21647, 103, 62),
(21755, 103, 63),
(13974, 103, 64),
(21856, 103, 65),
(21962, 103, 66),
(13975, 103, 67),
(13976, 103, 68),
(13977, 103, 69),
(13978, 103, 70),
(13979, 103, 71),
(13980, 103, 72),
(22069, 103, 73),
(17088, 103, 74),
(17089, 103, 75),
(17090, 103, 76),
(22176, 103, 77),
(22281, 103, 78),
(22387, 103, 79),
(22494, 103, 80),
(16568, 103, 81),
(22601, 103, 82),
(22708, 103, 83),
(15809, 103, 84),
(22815, 103, 85),
(22923, 103, 86),
(15810, 103, 87),
(17846, 103, 88),
(23031, 103, 89),
(23138, 103, 90),
(23245, 103, 91),
(23353, 103, 92),
(23461, 103, 93),
(23569, 103, 94),
(23677, 103, 95),
(13981, 103, 96),
(23785, 103, 97),
(23893, 103, 98),
(7642, 103, 99),
(1959, 103, 100),
(1960, 103, 101),
(1961, 103, 102),
(1962, 103, 103),
(1963, 103, 104),
(1964, 103, 105),
(1965, 103, 106),
(1966, 103, 107),
(18532, 103, 108),
(1967, 103, 109),
(1968, 103, 110),
(1969, 103, 111),
(24078, 103, 112),
(5728, 103, 113),
(5729, 103, 114),
(5730, 103, 115),
(5731, 103, 116),
(5732, 103, 117),
(5733, 103, 118),
(5734, 103, 119),
(5735, 103, 120),
(7643, 103, 121),
(7644, 103, 122),
(7645, 103, 123),
(7646, 103, 124),
(7647, 103, 125),
(7648, 103, 126),
(7649, 103, 127),
(7650, 103, 128),
(9290, 103, 129),
(9291, 103, 130),
(9292, 103, 131),
(9293, 103, 132),
(9294, 103, 133),
(9295, 103, 134),
(10578, 103, 135),
(10579, 103, 136),
(10580, 103, 137),
(10581, 103, 138),
(10582, 103, 139),
(10583, 103, 140),
(10584, 103, 141),
(12162, 103, 142),
(12163, 103, 143),
(12164, 103, 144),
(12165, 103, 145),
(13982, 103, 146),
(13983, 103, 147),
(13984, 103, 148),
(13985, 103, 149),
(13986, 103, 150),
(13987, 103, 151),
(13988, 103, 152),
(13989, 103, 153),
(13990, 103, 154),
(15167, 103, 155),
(15168, 103, 156),
(15169, 103, 157),
(15170, 103, 158),
(15811, 103, 159),
(15812, 103, 160),
(15813, 103, 161),
(16569, 103, 162),
(17091, 103, 163),
(17092, 103, 164),
(17093, 103, 165),
(17847, 103, 166),
(1970, 103, 167),
(18168, 103, 168),
(18169, 103, 169),
(18170, 103, 170),
(5736, 104, 1),
(5737, 104, 2),
(5738, 104, 3),
(5739, 104, 4),
(5740, 104, 5),
(5741, 104, 6),
(5742, 104, 7),
(18611, 104, 8),
(18717, 104, 9),
(18823, 104, 10),
(5743, 104, 11),
(18931, 104, 12),
(19037, 104, 13),
(1971, 104, 14),
(19123, 104, 15),
(9296, 104, 16),
(19229, 104, 17),
(9297, 104, 18),
(1972, 104, 19),
(19315, 104, 20),
(1973, 104, 21),
(1974, 104, 22),
(1975, 104, 23),
(1976, 104, 24),
(1977, 104, 25),
(1978, 104, 26),
(18533, 104, 27),
(19480, 104, 28),
(19588, 104, 29),
(19696, 104, 30),
(19804, 104, 31),
(1979, 104, 32),
(19912, 104, 33),
(10585, 104, 34),
(10586, 104, 35),
(10587, 104, 36),
(10588, 104, 37),
(20019, 104, 38),
(10589, 104, 39),
(20121, 104, 40),
(15814, 104, 41),
(20225, 104, 42),
(20333, 104, 43),
(20441, 104, 44),
(20549, 104, 45),
(7651, 104, 46),
(7652, 104, 47),
(7653, 104, 48),
(20655, 104, 49),
(20743, 104, 50),
(7654, 104, 51),
(20833, 104, 52),
(20939, 104, 53),
(7655, 104, 54),
(21046, 104, 55),
(21152, 104, 56),
(21240, 104, 57),
(21348, 104, 58),
(21454, 104, 59),
(12166, 104, 60),
(21541, 104, 61),
(21648, 104, 62),
(21756, 104, 63),
(13991, 104, 64),
(21857, 104, 65),
(21963, 104, 66),
(13992, 104, 67),
(13993, 104, 68),
(13994, 104, 69),
(13995, 104, 70),
(13996, 104, 71),
(13997, 104, 72),
(22070, 104, 73),
(17094, 104, 74),
(17095, 104, 75),
(17096, 104, 76),
(22177, 104, 77),
(22282, 104, 78),
(22388, 104, 79),
(22495, 104, 80),
(16570, 104, 81),
(22602, 104, 82),
(22709, 104, 83),
(15815, 104, 84),
(22816, 104, 85),
(22924, 104, 86),
(15816, 104, 87),
(17848, 104, 88),
(23032, 104, 89),
(23139, 104, 90),
(23246, 104, 91),
(23354, 104, 92),
(23462, 104, 93),
(23570, 104, 94),
(23678, 104, 95),
(13998, 104, 96),
(23786, 104, 97),
(23894, 104, 98),
(7656, 104, 99),
(1980, 104, 100),
(1981, 104, 101),
(1982, 104, 102),
(1983, 104, 103),
(1984, 104, 104),
(1985, 104, 105),
(1986, 104, 106),
(1987, 104, 107),
(18534, 104, 108),
(1988, 104, 109),
(1989, 104, 110),
(1990, 104, 111),
(24079, 104, 112),
(5744, 104, 113),
(5745, 104, 114),
(5746, 104, 115),
(5747, 104, 116),
(5748, 104, 117),
(5749, 104, 118),
(5750, 104, 119),
(5751, 104, 120),
(7657, 104, 121),
(7658, 104, 122),
(7659, 104, 123),
(7660, 104, 124),
(7661, 104, 125),
(7662, 104, 126),
(7663, 104, 127),
(7664, 104, 128),
(9298, 104, 129),
(9299, 104, 130),
(9300, 104, 131),
(9301, 104, 132),
(9302, 104, 133),
(9303, 104, 134),
(10590, 104, 135),
(10591, 104, 136),
(10592, 104, 137),
(10593, 104, 138),
(10594, 104, 139),
(10595, 104, 140),
(10596, 104, 141),
(12167, 104, 142),
(12168, 104, 143),
(12169, 104, 144),
(12170, 104, 145),
(13999, 104, 146),
(14000, 104, 147),
(14001, 104, 148),
(14002, 104, 149),
(14003, 104, 150),
(14004, 104, 151),
(14005, 104, 152),
(14006, 104, 153),
(14007, 104, 154),
(15171, 104, 155),
(15172, 104, 156),
(15173, 104, 157),
(15174, 104, 158),
(15817, 104, 159),
(15818, 104, 160),
(15819, 104, 161),
(16571, 104, 162),
(17097, 104, 163),
(17098, 104, 164),
(17099, 104, 165),
(17849, 104, 166),
(1991, 104, 167),
(18171, 104, 168),
(18172, 104, 169),
(18173, 104, 170),
(5752, 105, 1),
(5753, 105, 2),
(5754, 105, 3),
(5755, 105, 4),
(5756, 105, 5),
(5757, 105, 6),
(5758, 105, 7),
(18612, 105, 8),
(18718, 105, 9),
(18824, 105, 10),
(5759, 105, 11),
(18932, 105, 12),
(19038, 105, 13),
(1992, 105, 14),
(19124, 105, 15),
(9304, 105, 16),
(19230, 105, 17),
(9305, 105, 18),
(1993, 105, 19),
(19316, 105, 20),
(1994, 105, 21),
(1995, 105, 22),
(1996, 105, 23),
(1997, 105, 24),
(1998, 105, 25),
(1999, 105, 26),
(18535, 105, 27),
(19481, 105, 28),
(19589, 105, 29),
(19697, 105, 30),
(19805, 105, 31),
(2000, 105, 32),
(19913, 105, 33),
(10597, 105, 34),
(10598, 105, 35),
(10599, 105, 36),
(10600, 105, 37),
(20020, 105, 38),
(10601, 105, 39),
(20122, 105, 40),
(15820, 105, 41),
(20226, 105, 42),
(20334, 105, 43),
(20442, 105, 44),
(20550, 105, 45),
(7665, 105, 46),
(7666, 105, 47),
(7667, 105, 48),
(20656, 105, 49),
(20744, 105, 50),
(7668, 105, 51),
(20834, 105, 52),
(20940, 105, 53),
(7669, 105, 54),
(21047, 105, 55),
(21153, 105, 56),
(21241, 105, 57),
(21349, 105, 58),
(21455, 105, 59),
(12171, 105, 60),
(21542, 105, 61),
(21649, 105, 62),
(21757, 105, 63),
(14008, 105, 64),
(21858, 105, 65),
(21964, 105, 66),
(14009, 105, 67),
(14010, 105, 68),
(14011, 105, 69),
(14012, 105, 70),
(14013, 105, 71),
(14014, 105, 72),
(22071, 105, 73),
(17100, 105, 74),
(17101, 105, 75),
(17102, 105, 76),
(22178, 105, 77),
(22283, 105, 78),
(22389, 105, 79),
(22496, 105, 80),
(16572, 105, 81),
(22603, 105, 82),
(22710, 105, 83),
(15821, 105, 84),
(22817, 105, 85),
(22925, 105, 86),
(15822, 105, 87),
(17850, 105, 88),
(23033, 105, 89),
(23140, 105, 90),
(23247, 105, 91),
(23355, 105, 92),
(23463, 105, 93),
(23571, 105, 94),
(23679, 105, 95),
(14015, 105, 96),
(23787, 105, 97),
(23895, 105, 98),
(7670, 105, 99),
(2001, 105, 100),
(2002, 105, 101),
(2003, 105, 102),
(2004, 105, 103),
(2005, 105, 104),
(2006, 105, 105),
(2007, 105, 106),
(2008, 105, 107),
(18536, 105, 108),
(2009, 105, 109),
(2010, 105, 110),
(2011, 105, 111),
(24080, 105, 112),
(5760, 105, 113),
(5761, 105, 114),
(5762, 105, 115),
(5763, 105, 116),
(5764, 105, 117),
(5765, 105, 118),
(5766, 105, 119),
(5767, 105, 120),
(7671, 105, 121),
(7672, 105, 122),
(7673, 105, 123),
(7674, 105, 124),
(7675, 105, 125),
(7676, 105, 126),
(7677, 105, 127),
(7678, 105, 128),
(9306, 105, 129),
(9307, 105, 130),
(9308, 105, 131),
(9309, 105, 132),
(9310, 105, 133),
(9311, 105, 134),
(10602, 105, 135),
(10603, 105, 136),
(10604, 105, 137),
(10605, 105, 138),
(10606, 105, 139),
(10607, 105, 140),
(10608, 105, 141),
(12172, 105, 142),
(12173, 105, 143),
(12174, 105, 144),
(12175, 105, 145),
(14016, 105, 146),
(14017, 105, 147),
(14018, 105, 148),
(14019, 105, 149),
(14020, 105, 150),
(14021, 105, 151),
(14022, 105, 152),
(14023, 105, 153),
(14024, 105, 154),
(15175, 105, 155),
(15176, 105, 156),
(15177, 105, 157),
(15178, 105, 158),
(15823, 105, 159),
(15824, 105, 160),
(15825, 105, 161),
(16573, 105, 162),
(17103, 105, 163),
(17104, 105, 164),
(17105, 105, 165),
(17851, 105, 166),
(2012, 105, 167),
(18174, 105, 168),
(18175, 105, 169),
(18176, 105, 170),
(5768, 106, 1),
(5769, 106, 2),
(5770, 106, 3),
(5771, 106, 4),
(5772, 106, 5),
(5773, 106, 6),
(5774, 106, 7),
(18613, 106, 8),
(18719, 106, 9),
(18825, 106, 10),
(5775, 106, 11),
(18933, 106, 12),
(19039, 106, 13),
(2013, 106, 14),
(19125, 106, 15),
(9312, 106, 16),
(19231, 106, 17),
(9313, 106, 18),
(2014, 106, 19),
(19317, 106, 20),
(2015, 106, 21),
(2016, 106, 22),
(2017, 106, 23),
(2018, 106, 24),
(2019, 106, 25),
(2020, 106, 26),
(18537, 106, 27),
(19482, 106, 28),
(19590, 106, 29),
(19698, 106, 30),
(19806, 106, 31),
(2021, 106, 32),
(19914, 106, 33),
(10609, 106, 34),
(10610, 106, 35),
(10611, 106, 36),
(10612, 106, 37),
(20021, 106, 38),
(10613, 106, 39),
(20123, 106, 40),
(15826, 106, 41),
(20227, 106, 42),
(20335, 106, 43),
(20443, 106, 44),
(20551, 106, 45),
(7679, 106, 46),
(7680, 106, 47),
(7681, 106, 48),
(20657, 106, 49),
(20745, 106, 50),
(7682, 106, 51),
(20835, 106, 52),
(20941, 106, 53),
(7683, 106, 54),
(21048, 106, 55),
(21154, 106, 56),
(21242, 106, 57),
(21350, 106, 58),
(21456, 106, 59),
(12176, 106, 60),
(21543, 106, 61),
(21650, 106, 62),
(21758, 106, 63),
(14025, 106, 64),
(21859, 106, 65),
(21965, 106, 66),
(14026, 106, 67),
(14027, 106, 68),
(14028, 106, 69),
(14029, 106, 70),
(14030, 106, 71),
(14031, 106, 72),
(22072, 106, 73),
(17106, 106, 74),
(17107, 106, 75),
(17108, 106, 76),
(22179, 106, 77),
(22284, 106, 78),
(22390, 106, 79),
(22497, 106, 80),
(16574, 106, 81),
(22604, 106, 82),
(22711, 106, 83),
(15827, 106, 84),
(22818, 106, 85),
(22926, 106, 86),
(15828, 106, 87),
(17852, 106, 88),
(23034, 106, 89),
(23141, 106, 90),
(23248, 106, 91),
(23356, 106, 92),
(23464, 106, 93),
(23572, 106, 94),
(23680, 106, 95),
(14032, 106, 96),
(23788, 106, 97),
(23896, 106, 98),
(7684, 106, 99),
(2022, 106, 100),
(2023, 106, 101),
(2024, 106, 102),
(2025, 106, 103),
(2026, 106, 104),
(2027, 106, 105),
(2028, 106, 106),
(2029, 106, 107),
(18538, 106, 108),
(2030, 106, 109),
(2031, 106, 110),
(2032, 106, 111),
(24081, 106, 112),
(5776, 106, 113),
(5777, 106, 114),
(5778, 106, 115),
(5779, 106, 116),
(5780, 106, 117),
(5781, 106, 118),
(5782, 106, 119),
(5783, 106, 120),
(7685, 106, 121),
(7686, 106, 122),
(7687, 106, 123),
(7688, 106, 124),
(7689, 106, 125),
(7690, 106, 126),
(7691, 106, 127),
(7692, 106, 128),
(9314, 106, 129),
(9315, 106, 130),
(9316, 106, 131),
(9317, 106, 132),
(9318, 106, 133),
(9319, 106, 134),
(10614, 106, 135),
(10615, 106, 136),
(10616, 106, 137),
(10617, 106, 138),
(10618, 106, 139),
(10619, 106, 140),
(10620, 106, 141),
(12177, 106, 142),
(12178, 106, 143),
(12179, 106, 144),
(12180, 106, 145),
(14033, 106, 146),
(14034, 106, 147),
(14035, 106, 148),
(14036, 106, 149),
(14037, 106, 150),
(14038, 106, 151),
(14039, 106, 152),
(14040, 106, 153),
(14041, 106, 154),
(15179, 106, 155),
(15180, 106, 156),
(15181, 106, 157),
(15182, 106, 158),
(15829, 106, 159),
(15830, 106, 160),
(15831, 106, 161),
(16575, 106, 162),
(17109, 106, 163),
(17110, 106, 164),
(17111, 106, 165),
(17853, 106, 166),
(2033, 106, 167),
(18177, 106, 168),
(18178, 106, 169),
(18179, 106, 170),
(5784, 107, 1),
(5785, 107, 2),
(5786, 107, 3),
(5787, 107, 4),
(5788, 107, 5),
(5789, 107, 6),
(5790, 107, 7),
(18614, 107, 8),
(18720, 107, 9),
(18826, 107, 10),
(5791, 107, 11),
(18934, 107, 12),
(19040, 107, 13),
(2034, 107, 14),
(19126, 107, 15),
(9320, 107, 16),
(19232, 107, 17),
(9321, 107, 18),
(2035, 107, 19),
(19318, 107, 20),
(2036, 107, 21),
(2037, 107, 22),
(2038, 107, 23),
(2039, 107, 24),
(2040, 107, 25),
(2041, 107, 26),
(18539, 107, 27),
(19483, 107, 28),
(19591, 107, 29),
(19699, 107, 30),
(19807, 107, 31),
(2042, 107, 32),
(19915, 107, 33),
(10621, 107, 34),
(10622, 107, 35),
(10623, 107, 36),
(10624, 107, 37),
(20022, 107, 38),
(10625, 107, 39),
(20124, 107, 40),
(15832, 107, 41),
(20228, 107, 42),
(20336, 107, 43),
(20444, 107, 44),
(20552, 107, 45),
(7693, 107, 46),
(7694, 107, 47),
(7695, 107, 48),
(20658, 107, 49),
(20746, 107, 50),
(7696, 107, 51),
(20836, 107, 52),
(20942, 107, 53),
(7697, 107, 54),
(21049, 107, 55),
(21155, 107, 56),
(21243, 107, 57),
(21351, 107, 58),
(21457, 107, 59),
(12181, 107, 60),
(21544, 107, 61),
(21651, 107, 62),
(21759, 107, 63),
(14042, 107, 64),
(21860, 107, 65),
(21966, 107, 66),
(14043, 107, 67),
(14044, 107, 68),
(14045, 107, 69),
(14046, 107, 70),
(14047, 107, 71),
(14048, 107, 72),
(22073, 107, 73),
(17112, 107, 74),
(17113, 107, 75),
(17114, 107, 76),
(22180, 107, 77),
(22285, 107, 78),
(22391, 107, 79),
(22498, 107, 80),
(16576, 107, 81),
(22605, 107, 82),
(22712, 107, 83),
(15833, 107, 84),
(22819, 107, 85),
(22927, 107, 86),
(15834, 107, 87),
(17854, 107, 88),
(23035, 107, 89),
(23142, 107, 90),
(23249, 107, 91),
(23357, 107, 92),
(23465, 107, 93),
(23573, 107, 94),
(23681, 107, 95),
(14049, 107, 96),
(23789, 107, 97),
(23897, 107, 98),
(7698, 107, 99),
(2043, 107, 100),
(2044, 107, 101),
(2045, 107, 102),
(2046, 107, 103),
(2047, 107, 104),
(2048, 107, 105),
(2049, 107, 106),
(2050, 107, 107),
(18540, 107, 108),
(2051, 107, 109),
(2052, 107, 110),
(2053, 107, 111),
(24082, 107, 112),
(5792, 107, 113),
(5793, 107, 114),
(5794, 107, 115),
(5795, 107, 116),
(5796, 107, 117),
(5797, 107, 118),
(5798, 107, 119),
(5799, 107, 120),
(7699, 107, 121),
(7700, 107, 122),
(7701, 107, 123),
(7702, 107, 124),
(7703, 107, 125),
(7704, 107, 126),
(7705, 107, 127),
(7706, 107, 128),
(9322, 107, 129),
(9323, 107, 130),
(9324, 107, 131),
(9325, 107, 132),
(9326, 107, 133),
(9327, 107, 134),
(10626, 107, 135),
(10627, 107, 136),
(10628, 107, 137),
(10629, 107, 138),
(10630, 107, 139),
(10631, 107, 140),
(10632, 107, 141),
(12182, 107, 142),
(12183, 107, 143),
(12184, 107, 144),
(12185, 107, 145),
(14050, 107, 146),
(14051, 107, 147),
(14052, 107, 148),
(14053, 107, 149),
(14054, 107, 150),
(14055, 107, 151),
(14056, 107, 152),
(14057, 107, 153),
(14058, 107, 154),
(15183, 107, 155),
(15184, 107, 156),
(15185, 107, 157),
(15186, 107, 158),
(15835, 107, 159),
(15836, 107, 160),
(15837, 107, 161),
(16577, 107, 162),
(17115, 107, 163),
(17116, 107, 164),
(17117, 107, 165),
(17855, 107, 166),
(2054, 107, 167),
(18180, 107, 168),
(18181, 107, 169),
(18182, 107, 170),
(5800, 108, 1),
(5801, 108, 2),
(5802, 108, 3),
(5803, 108, 4),
(5804, 108, 5),
(5805, 108, 6),
(5806, 108, 7),
(18615, 108, 8),
(18721, 108, 9),
(18827, 108, 10),
(5807, 108, 11),
(18935, 108, 12),
(19041, 108, 13),
(2055, 108, 14),
(19127, 108, 15),
(9328, 108, 16),
(19233, 108, 17),
(9329, 108, 18),
(2056, 108, 19),
(19319, 108, 20),
(2057, 108, 21),
(2058, 108, 22),
(2059, 108, 23),
(2060, 108, 24),
(2061, 108, 25),
(2062, 108, 26),
(18541, 108, 27),
(19484, 108, 28),
(19592, 108, 29),
(19700, 108, 30),
(19808, 108, 31),
(2063, 108, 32),
(19916, 108, 33),
(10633, 108, 34),
(10634, 108, 35),
(10635, 108, 36),
(10636, 108, 37),
(20023, 108, 38),
(10637, 108, 39),
(20125, 108, 40),
(15838, 108, 41),
(20229, 108, 42),
(20337, 108, 43),
(20445, 108, 44),
(20553, 108, 45),
(7707, 108, 46),
(7708, 108, 47),
(7709, 108, 48),
(20659, 108, 49),
(20747, 108, 50),
(7710, 108, 51),
(20837, 108, 52),
(20943, 108, 53),
(7711, 108, 54),
(21050, 108, 55),
(21156, 108, 56),
(21244, 108, 57),
(21352, 108, 58),
(21458, 108, 59),
(12186, 108, 60),
(21545, 108, 61),
(21652, 108, 62),
(21760, 108, 63),
(14059, 108, 64),
(21861, 108, 65),
(21967, 108, 66),
(14060, 108, 67),
(14061, 108, 68),
(14062, 108, 69),
(14063, 108, 70),
(14064, 108, 71),
(14065, 108, 72),
(22074, 108, 73),
(17118, 108, 74),
(17119, 108, 75),
(17120, 108, 76),
(22181, 108, 77),
(22286, 108, 78),
(22392, 108, 79),
(22499, 108, 80),
(16578, 108, 81),
(22606, 108, 82),
(22713, 108, 83),
(15839, 108, 84),
(22820, 108, 85),
(22928, 108, 86),
(15840, 108, 87),
(17856, 108, 88),
(23036, 108, 89),
(23143, 108, 90),
(23250, 108, 91),
(23358, 108, 92),
(23466, 108, 93),
(23574, 108, 94),
(23682, 108, 95),
(14066, 108, 96),
(23790, 108, 97),
(23898, 108, 98),
(7712, 108, 99),
(2064, 108, 100),
(2065, 108, 101),
(2066, 108, 102),
(2067, 108, 103),
(2068, 108, 104),
(2069, 108, 105),
(2070, 108, 106),
(2071, 108, 107),
(18542, 108, 108),
(2072, 108, 109),
(2073, 108, 110),
(2074, 108, 111),
(24083, 108, 112),
(5808, 108, 113),
(5809, 108, 114),
(5810, 108, 115),
(5811, 108, 116),
(5812, 108, 117),
(5813, 108, 118),
(5814, 108, 119),
(5815, 108, 120),
(7713, 108, 121),
(7714, 108, 122),
(7715, 108, 123),
(7716, 108, 124),
(7717, 108, 125),
(7718, 108, 126),
(7719, 108, 127),
(7720, 108, 128),
(9330, 108, 129),
(9331, 108, 130),
(9332, 108, 131),
(9333, 108, 132),
(9334, 108, 133),
(9335, 108, 134),
(10638, 108, 135),
(10639, 108, 136),
(10640, 108, 137),
(10641, 108, 138),
(10642, 108, 139),
(10643, 108, 140),
(10644, 108, 141),
(12187, 108, 142),
(12188, 108, 143),
(12189, 108, 144),
(12190, 108, 145),
(14067, 108, 146),
(14068, 108, 147),
(14069, 108, 148),
(14070, 108, 149),
(14071, 108, 150),
(14072, 108, 151),
(14073, 108, 152),
(14074, 108, 153),
(14075, 108, 154),
(15187, 108, 155),
(15188, 108, 156),
(15189, 108, 157),
(15190, 108, 158),
(15841, 108, 159),
(15842, 108, 160),
(15843, 108, 161),
(16579, 108, 162),
(17121, 108, 163),
(17122, 108, 164),
(17123, 108, 165),
(17857, 108, 166),
(2075, 108, 167),
(18183, 108, 168),
(18184, 108, 169),
(18185, 108, 170);

-- --------------------------------------------------------

--
-- Table structure for table `universityusers`
--

CREATE TABLE `universityusers` (
  `UserID` int(11) NOT NULL,
  `UniversityID` int(11) NOT NULL,
  `FullName` varchar(100) COLLATE utf8mb4_unicode_ci NOT NULL,
  `Email` varchar(100) COLLATE utf8mb4_unicode_ci NOT NULL,
  `PasswordHash` varchar(255) COLLATE utf8mb4_unicode_ci NOT NULL,
  `Role` varchar(50) COLLATE utf8mb4_unicode_ci NOT NULL DEFAULT 'university_staff',
  `Position` varchar(100) COLLATE utf8mb4_unicode_ci DEFAULT NULL,
  `Phone` varchar(20) COLLATE utf8mb4_unicode_ci DEFAULT NULL,
  `IsActive` tinyint(1) DEFAULT '1',
  `IsMainAdmin` tinyint(1) DEFAULT '0',
  `CreatedAt` datetime DEFAULT CURRENT_TIMESTAMP,
  `LastLoginAt` datetime DEFAULT NULL,
  `UpdatedAt` datetime DEFAULT CURRENT_TIMESTAMP ON UPDATE CURRENT_TIMESTAMP
) ENGINE=InnoDB DEFAULT CHARSET=utf8mb4 COLLATE=utf8mb4_unicode_ci COMMENT='مستخدمي الجامعات - بيانات تسجيل الدخول';

--
-- Dumping data for table `universityusers`
--

INSERT INTO `universityusers` (`UserID`, `UniversityID`, `FullName`, `Email`, `PasswordHash`, `Role`, `Position`, `Phone`, `IsActive`, `IsMainAdmin`, `CreatedAt`, `LastLoginAt`, `UpdatedAt`) VALUES
(1, 1, 'مدير جامعة الملك سعود', 'admin@ksu.edu.sa', '$2a$10$frvwvzOIeXOwlEAfNbjmHeW3xdiKi.SFLUv8Bdvzz1Pad4YL0YD4W', 'university_admin', 'مدير الجامعة', NULL, 1, 1, '2025-11-02 08:46:48', '2025-11-09 19:46:39', '2025-11-09 19:46:39'),
(2, 1, 'مسؤول القبول', 'admissions@ksu.edu.sa', '$2a$10$rXKJqLZ1K1yLzKqLZ1K1yuHjKqLZ1K1yuHjKqLZ1K1yuHjKqLZ1K', 'admissions_officer', 'مسؤول القبول', NULL, 1, 0, '2025-11-02 08:46:48', NULL, '2025-11-02 08:46:48'),
(3, 1, 'منسق التخصصات', 'majors@ksu.edu.sa', '$2a$10$rXKJqLZ1K1yLzKqLZ1K1yuHjKqLZ1K1yuHjKqLZ1K1yuHjKqLZ1K', 'university_staff', 'منسق التخصصات', NULL, 1, 0, '2025-11-02 08:46:48', NULL, '2025-11-02 08:46:48'),
(4, 2, 'مدير جامعة الملك عبد العزيز', 'admin@kau.edu.sa', '$2a$10$rXKJqLZ1K1yLzKqLZ1K1yuHjKqLZ1K1yuHjKqLZ1K1yuHjKqLZ1K', 'university_admin', 'مدير الجامعة', NULL, 1, 1, '2025-11-02 08:46:48', NULL, '2025-11-02 08:46:48'),
(5, 2, 'مسؤول القبول', 'admissions@kau.edu.sa', '$2a$10$rXKJqLZ1K1yLzKqLZ1K1yuHjKqLZ1K1yuHjKqLZ1K1yuHjKqLZ1K', 'admissions_officer', 'مسؤول القبول', NULL, 1, 0, '2025-11-02 08:46:48', NULL, '2025-11-02 08:46:48'),
(6, 3, 'مدير جامعة الملك فهد للبترول والمعادن', 'admin@kfupm.edu.sa', '$2a$10$rXKJqLZ1K1yLzKqLZ1K1yuHjKqLZ1K1yuHjKqLZ1K1yuHjKqLZ1K', 'university_admin', 'مدير الجامعة', NULL, 1, 1, '2025-11-02 08:46:48', NULL, '2025-11-02 08:46:48');

-- --------------------------------------------------------

--
-- Table structure for table `userroles`
--

CREATE TABLE `userroles` (
  `UserRoleID` int(11) NOT NULL,
  `UserID` int(11) NOT NULL,
  `UserType` enum('student','teacher','admin','university') COLLATE utf8mb4_unicode_ci NOT NULL,
  `RoleID` int(11) NOT NULL,
  `AssignedAt` datetime DEFAULT CURRENT_TIMESTAMP,
  `AssignedBy` int(11) DEFAULT NULL
) ENGINE=InnoDB DEFAULT CHARSET=utf8mb4 COLLATE=utf8mb4_unicode_ci;

--
-- Indexes for dumped tables
--

--
-- Indexes for table `admins`
--
ALTER TABLE `admins`
  ADD PRIMARY KEY (`AdminID`),
  ADD UNIQUE KEY `Email` (`Email`),
  ADD KEY `idx_email` (`Email`),
  ADD KEY `idx_active` (`IsActive`);

--
-- Indexes for table `aisettings`
--
ALTER TABLE `aisettings`
  ADD PRIMARY KEY (`SettingID`),
  ADD KEY `idx_provider` (`Provider`);

--
-- Indexes for table `answers`
--
ALTER TABLE `answers`
  ADD PRIMARY KEY (`AnswerID`),
  ADD UNIQUE KEY `uq_student_question` (`StudentID`,`QuestionID`),
  ADD KEY `QuestionID` (`QuestionID`);

--
-- Indexes for table `applications`
--
ALTER TABLE `applications`
  ADD PRIMARY KEY (`ApplicationID`),
  ADD UNIQUE KEY `uq_application` (`StudentID`,`UniversityID`,`MajorID`),
  ADD KEY `UniversityID` (`UniversityID`),
  ADD KEY `MajorID` (`MajorID`),
  ADD KEY `idx_status` (`Status`),
  ADD KEY `idx_applied_at` (`AppliedAt`);

--
-- Indexes for table `auditlogs`
--
ALTER TABLE `auditlogs`
  ADD PRIMARY KEY (`LogID`),
  ADD KEY `idx_user_action` (`UserID`,`Action`),
  ADD KEY `idx_entity` (`Entity`),
  ADD KEY `idx_created_at` (`CreatedAt`);

--
-- Indexes for table `backuprecords`
--
ALTER TABLE `backuprecords`
  ADD PRIMARY KEY (`BackupID`),
  ADD KEY `idx_status` (`Status`),
  ADD KEY `idx_created_at` (`CreatedAt`);

--
-- Indexes for table `calendarevents`
--
ALTER TABLE `calendarevents`
  ADD PRIMARY KEY (`EventID`),
  ADD KEY `idx_user_type` (`UserID`,`UserType`),
  ADD KEY `idx_event_date` (`EventDate`),
  ADD KEY `RelatedStudentID` (`RelatedStudentID`);

--
-- Indexes for table `content`
--
ALTER TABLE `content`
  ADD PRIMARY KEY (`ContentID`),
  ADD KEY `idx_content_type_status` (`ContentType`,`Status`);

--
-- Indexes for table `conversations`
--
ALTER TABLE `conversations`
  ADD PRIMARY KEY (`ConversationID`),
  ADD UNIQUE KEY `uq_conversation` (`Participant1ID`,`Participant1Type`,`Participant2ID`,`Participant2Type`),
  ADD KEY `idx_participants` (`Participant1ID`,`Participant2ID`),
  ADD KEY `idx_last_message` (`LastMessageAt`);

--
-- Indexes for table `interactions`
--
ALTER TABLE `interactions`
  ADD PRIMARY KEY (`InteractionID`),
  ADD KEY `StudentID` (`StudentID`);

--
-- Indexes for table `interviews`
--
ALTER TABLE `interviews`
  ADD PRIMARY KEY (`InterviewID`),
  ADD KEY `idx_application` (`ApplicationID`),
  ADD KEY `idx_student_status` (`StudentID`,`Status`),
  ADD KEY `idx_interview_date` (`InterviewDate`);

--
-- Indexes for table `learningstyles`
--
ALTER TABLE `learningstyles`
  ADD PRIMARY KEY (`StyleID`),
  ADD UNIQUE KEY `StudentID` (`StudentID`);

--
-- Indexes for table `majors`
--
ALTER TABLE `majors`
  ADD PRIMARY KEY (`MajorID`);

--
-- Indexes for table `messages`
--
ALTER TABLE `messages`
  ADD PRIMARY KEY (`MessageID`),
  ADD KEY `idx_conversation` (`ConversationID`),
  ADD KEY `idx_receiver_read` (`ReceiverID`,`IsRead`),
  ADD KEY `idx_created_at` (`CreatedAt`);

--
-- Indexes for table `monitors`
--
ALTER TABLE `monitors`
  ADD PRIMARY KEY (`MonitorID`),
  ADD UNIQUE KEY `uq_monitor` (`TeacherID`,`StudentID`),
  ADD KEY `StudentID` (`StudentID`);

--
-- Indexes for table `permissions`
--
ALTER TABLE `permissions`
  ADD PRIMARY KEY (`PermissionID`),
  ADD UNIQUE KEY `uq_module_action` (`Module`,`Action`),
  ADD KEY `idx_module` (`Module`);

--
-- Indexes for table `questions`
--
ALTER TABLE `questions`
  ADD PRIMARY KEY (`QuestionID`);

--
-- Indexes for table `recommendations`
--
ALTER TABLE `recommendations`
  ADD PRIMARY KEY (`RecommendationID`),
  ADD KEY `MajorID` (`MajorID`),
  ADD KEY `idx_student_confidence` (`StudentID`,`ConfidenceScore`),
  ADD KEY `idx_feedback` (`Feedback`);

--
-- Indexes for table `reports`
--
ALTER TABLE `reports`
  ADD PRIMARY KEY (`ReportID`),
  ADD KEY `idx_report_type` (`ReportType`),
  ADD KEY `idx_generated_at` (`GeneratedAt`);

--
-- Indexes for table `rolepermissions`
--
ALTER TABLE `rolepermissions`
  ADD PRIMARY KEY (`RolePermissionID`),
  ADD UNIQUE KEY `uq_role_permission` (`RoleID`,`PermissionID`),
  ADD KEY `idx_role` (`RoleID`),
  ADD KEY `idx_permission` (`PermissionID`);

--
-- Indexes for table `roles`
--
ALTER TABLE `roles`
  ADD PRIMARY KEY (`RoleID`),
  ADD UNIQUE KEY `Name` (`Name`),
  ADD KEY `idx_default` (`IsDefault`);

--
-- Indexes for table `semesters`
--
ALTER TABLE `semesters`
  ADD PRIMARY KEY (`SemesterID`),
  ADD UNIQUE KEY `uq_semester` (`UniversityID`,`Name`,`Year`),
  ADD KEY `idx_university_status` (`UniversityID`,`Status`);

--
-- Indexes for table `students`
--
ALTER TABLE `students`
  ADD PRIMARY KEY (`StudentID`);

--
-- Indexes for table `systemnotifications`
--
ALTER TABLE `systemnotifications`
  ADD PRIMARY KEY (`NotificationID`),
  ADD KEY `idx_user_read` (`UserID`,`IsRead`),
  ADD KEY `idx_created_at` (`CreatedAt`);

--
-- Indexes for table `systemsettings`
--
ALTER TABLE `systemsettings`
  ADD PRIMARY KEY (`SettingID`);

--
-- Indexes for table `teachers`
--
ALTER TABLE `teachers`
  ADD PRIMARY KEY (`TeacherID`),
  ADD KEY `UniversityID` (`UniversityID`);

--
-- Indexes for table `trackingnotes`
--
ALTER TABLE `trackingnotes`
  ADD PRIMARY KEY (`NoteID`),
  ADD KEY `TeacherID` (`TeacherID`),
  ADD KEY `idx_student_teacher` (`StudentID`,`TeacherID`),
  ADD KEY `idx_created_at` (`CreatedAt`);

--
-- Indexes for table `universities`
--
ALTER TABLE `universities`
  ADD PRIMARY KEY (`UniversityID`),
  ADD KEY `idx_account_status` (`AccountStatus`),
  ADD KEY `idx_active_status` (`ActiveStatus`),
  ADD KEY `idx_created_at` (`CreatedAt`);

--
-- Indexes for table `universitymajors`
--
ALTER TABLE `universitymajors`
  ADD PRIMARY KEY (`UMID`),
  ADD UNIQUE KEY `uq_university_major` (`UniversityID`,`MajorID`),
  ADD KEY `MajorID` (`MajorID`);

--
-- Indexes for table `universityusers`
--
ALTER TABLE `universityusers`
  ADD PRIMARY KEY (`UserID`),
  ADD UNIQUE KEY `Email` (`Email`),
  ADD UNIQUE KEY `uq_email` (`Email`),
  ADD KEY `idx_email` (`Email`),
  ADD KEY `idx_university` (`UniversityID`),
  ADD KEY `idx_active` (`IsActive`),
  ADD KEY `idx_role` (`Role`);

--
-- Indexes for table `userroles`
--
ALTER TABLE `userroles`
  ADD PRIMARY KEY (`UserRoleID`),
  ADD KEY `idx_user` (`UserID`,`UserType`),
  ADD KEY `idx_role` (`RoleID`);

--
-- AUTO_INCREMENT for dumped tables
--

--
-- AUTO_INCREMENT for table `admins`
--
ALTER TABLE `admins`
  MODIFY `AdminID` int(11) NOT NULL AUTO_INCREMENT, AUTO_INCREMENT=4;

--
-- AUTO_INCREMENT for table `answers`
--
ALTER TABLE `answers`
  MODIFY `AnswerID` int(11) NOT NULL AUTO_INCREMENT, AUTO_INCREMENT=21;

--
-- AUTO_INCREMENT for table `applications`
--
ALTER TABLE `applications`
  MODIFY `ApplicationID` int(11) NOT NULL AUTO_INCREMENT, AUTO_INCREMENT=9;

--
-- AUTO_INCREMENT for table `auditlogs`
--
ALTER TABLE `auditlogs`
  MODIFY `LogID` int(11) NOT NULL AUTO_INCREMENT, AUTO_INCREMENT=112;

--
-- AUTO_INCREMENT for table `backuprecords`
--
ALTER TABLE `backuprecords`
  MODIFY `BackupID` int(11) NOT NULL AUTO_INCREMENT, AUTO_INCREMENT=4;

--
-- AUTO_INCREMENT for table `calendarevents`
--
ALTER TABLE `calendarevents`
  MODIFY `EventID` int(11) NOT NULL AUTO_INCREMENT, AUTO_INCREMENT=4;

--
-- AUTO_INCREMENT for table `content`
--
ALTER TABLE `content`
  MODIFY `ContentID` int(11) NOT NULL AUTO_INCREMENT, AUTO_INCREMENT=5;

--
-- AUTO_INCREMENT for table `conversations`
--
ALTER TABLE `conversations`
  MODIFY `ConversationID` int(11) NOT NULL AUTO_INCREMENT, AUTO_INCREMENT=4;

--
-- AUTO_INCREMENT for table `interactions`
--
ALTER TABLE `interactions`
  MODIFY `InteractionID` int(11) NOT NULL AUTO_INCREMENT, AUTO_INCREMENT=6;

--
-- AUTO_INCREMENT for table `interviews`
--
ALTER TABLE `interviews`
  MODIFY `InterviewID` int(11) NOT NULL AUTO_INCREMENT, AUTO_INCREMENT=4;

--
-- AUTO_INCREMENT for table `learningstyles`
--
ALTER TABLE `learningstyles`
  MODIFY `StyleID` int(11) NOT NULL AUTO_INCREMENT, AUTO_INCREMENT=7;

--
-- AUTO_INCREMENT for table `majors`
--
ALTER TABLE `majors`
  MODIFY `MajorID` int(11) NOT NULL AUTO_INCREMENT, AUTO_INCREMENT=171;

--
-- AUTO_INCREMENT for table `messages`
--
ALTER TABLE `messages`
  MODIFY `MessageID` int(11) NOT NULL AUTO_INCREMENT, AUTO_INCREMENT=15;

--
-- AUTO_INCREMENT for table `monitors`
--
ALTER TABLE `monitors`
  MODIFY `MonitorID` int(11) NOT NULL AUTO_INCREMENT, AUTO_INCREMENT=13;

--
-- AUTO_INCREMENT for table `permissions`
--
ALTER TABLE `permissions`
  MODIFY `PermissionID` int(11) NOT NULL AUTO_INCREMENT, AUTO_INCREMENT=17;

--
-- AUTO_INCREMENT for table `questions`
--
ALTER TABLE `questions`
  MODIFY `QuestionID` int(11) NOT NULL AUTO_INCREMENT, AUTO_INCREMENT=21;

--
-- AUTO_INCREMENT for table `recommendations`
--
ALTER TABLE `recommendations`
  MODIFY `RecommendationID` int(11) NOT NULL AUTO_INCREMENT, AUTO_INCREMENT=8;

--
-- AUTO_INCREMENT for table `reports`
--
ALTER TABLE `reports`
  MODIFY `ReportID` int(11) NOT NULL AUTO_INCREMENT, AUTO_INCREMENT=4;

--
-- AUTO_INCREMENT for table `rolepermissions`
--
ALTER TABLE `rolepermissions`
  MODIFY `RolePermissionID` int(11) NOT NULL AUTO_INCREMENT, AUTO_INCREMENT=45;

--
-- AUTO_INCREMENT for table `roles`
--
ALTER TABLE `roles`
  MODIFY `RoleID` int(11) NOT NULL AUTO_INCREMENT, AUTO_INCREMENT=5;

--
-- AUTO_INCREMENT for table `semesters`
--
ALTER TABLE `semesters`
  MODIFY `SemesterID` int(11) NOT NULL AUTO_INCREMENT, AUTO_INCREMENT=5;

--
-- AUTO_INCREMENT for table `students`
--
ALTER TABLE `students`
  MODIFY `StudentID` int(11) NOT NULL AUTO_INCREMENT, AUTO_INCREMENT=9;

--
-- AUTO_INCREMENT for table `systemnotifications`
--
ALTER TABLE `systemnotifications`
  MODIFY `NotificationID` int(11) NOT NULL AUTO_INCREMENT, AUTO_INCREMENT=5;

--
-- AUTO_INCREMENT for table `teachers`
--
ALTER TABLE `teachers`
  MODIFY `TeacherID` int(11) NOT NULL AUTO_INCREMENT, AUTO_INCREMENT=6;

--
-- AUTO_INCREMENT for table `trackingnotes`
--
ALTER TABLE `trackingnotes`
  MODIFY `NoteID` int(11) NOT NULL AUTO_INCREMENT, AUTO_INCREMENT=8;

--
-- AUTO_INCREMENT for table `universities`
--
ALTER TABLE `universities`
  MODIFY `UniversityID` int(11) NOT NULL AUTO_INCREMENT, AUTO_INCREMENT=109;

--
-- AUTO_INCREMENT for table `universitymajors`
--
ALTER TABLE `universitymajors`
  MODIFY `UMID` int(11) NOT NULL AUTO_INCREMENT, AUTO_INCREMENT=26735;

--
-- AUTO_INCREMENT for table `universityusers`
--
ALTER TABLE `universityusers`
  MODIFY `UserID` int(11) NOT NULL AUTO_INCREMENT, AUTO_INCREMENT=7;

--
-- AUTO_INCREMENT for table `userroles`
--
ALTER TABLE `userroles`
  MODIFY `UserRoleID` int(11) NOT NULL AUTO_INCREMENT;

--
-- Constraints for dumped tables
--

--
-- Constraints for table `answers`
--
ALTER TABLE `answers`
  ADD CONSTRAINT `answers_ibfk_1` FOREIGN KEY (`StudentID`) REFERENCES `students` (`StudentID`),
  ADD CONSTRAINT `answers_ibfk_2` FOREIGN KEY (`QuestionID`) REFERENCES `questions` (`QuestionID`);

--
-- Constraints for table `applications`
--
ALTER TABLE `applications`
  ADD CONSTRAINT `applications_ibfk_1` FOREIGN KEY (`StudentID`) REFERENCES `students` (`StudentID`),
  ADD CONSTRAINT `applications_ibfk_2` FOREIGN KEY (`UniversityID`) REFERENCES `universities` (`UniversityID`),
  ADD CONSTRAINT `applications_ibfk_3` FOREIGN KEY (`MajorID`) REFERENCES `majors` (`MajorID`);

--
-- Constraints for table `calendarevents`
--
ALTER TABLE `calendarevents`
  ADD CONSTRAINT `calendarevents_ibfk_1` FOREIGN KEY (`RelatedStudentID`) REFERENCES `students` (`StudentID`) ON DELETE SET NULL;

--
-- Constraints for table `interactions`
--
ALTER TABLE `interactions`
  ADD CONSTRAINT `interactions_ibfk_1` FOREIGN KEY (`StudentID`) REFERENCES `students` (`StudentID`);

--
-- Constraints for table `interviews`
--
ALTER TABLE `interviews`
  ADD CONSTRAINT `interviews_ibfk_1` FOREIGN KEY (`ApplicationID`) REFERENCES `applications` (`ApplicationID`),
  ADD CONSTRAINT `interviews_ibfk_2` FOREIGN KEY (`StudentID`) REFERENCES `students` (`StudentID`);

--
-- Constraints for table `learningstyles`
--
ALTER TABLE `learningstyles`
  ADD CONSTRAINT `learningstyles_ibfk_1` FOREIGN KEY (`StudentID`) REFERENCES `students` (`StudentID`);

--
-- Constraints for table `monitors`
--
ALTER TABLE `monitors`
  ADD CONSTRAINT `monitors_ibfk_1` FOREIGN KEY (`TeacherID`) REFERENCES `teachers` (`TeacherID`),
  ADD CONSTRAINT `monitors_ibfk_2` FOREIGN KEY (`StudentID`) REFERENCES `students` (`StudentID`);

--
-- Constraints for table `recommendations`
--
ALTER TABLE `recommendations`
  ADD CONSTRAINT `recommendations_ibfk_1` FOREIGN KEY (`StudentID`) REFERENCES `students` (`StudentID`),
  ADD CONSTRAINT `recommendations_ibfk_2` FOREIGN KEY (`MajorID`) REFERENCES `majors` (`MajorID`);

--
-- Constraints for table `rolepermissions`
--
ALTER TABLE `rolepermissions`
  ADD CONSTRAINT `rolepermissions_ibfk_1` FOREIGN KEY (`RoleID`) REFERENCES `roles` (`RoleID`) ON DELETE CASCADE,
  ADD CONSTRAINT `rolepermissions_ibfk_2` FOREIGN KEY (`PermissionID`) REFERENCES `permissions` (`PermissionID`) ON DELETE CASCADE;

--
-- Constraints for table `semesters`
--
ALTER TABLE `semesters`
  ADD CONSTRAINT `semesters_ibfk_1` FOREIGN KEY (`UniversityID`) REFERENCES `universities` (`UniversityID`);

--
-- Constraints for table `teachers`
--
ALTER TABLE `teachers`
  ADD CONSTRAINT `teachers_ibfk_1` FOREIGN KEY (`UniversityID`) REFERENCES `universities` (`UniversityID`);

--
-- Constraints for table `trackingnotes`
--
ALTER TABLE `trackingnotes`
  ADD CONSTRAINT `trackingnotes_ibfk_1` FOREIGN KEY (`StudentID`) REFERENCES `students` (`StudentID`),
  ADD CONSTRAINT `trackingnotes_ibfk_2` FOREIGN KEY (`TeacherID`) REFERENCES `teachers` (`TeacherID`);

--
-- Constraints for table `universitymajors`
--
ALTER TABLE `universitymajors`
  ADD CONSTRAINT `universitymajors_ibfk_1` FOREIGN KEY (`UniversityID`) REFERENCES `universities` (`UniversityID`),
  ADD CONSTRAINT `universitymajors_ibfk_2` FOREIGN KEY (`MajorID`) REFERENCES `majors` (`MajorID`);

--
-- Constraints for table `universityusers`
--
ALTER TABLE `universityusers`
  ADD CONSTRAINT `universityusers_ibfk_1` FOREIGN KEY (`UniversityID`) REFERENCES `universities` (`UniversityID`) ON DELETE CASCADE;

--
-- Constraints for table `userroles`
--
ALTER TABLE `userroles`
  ADD CONSTRAINT `userroles_ibfk_1` FOREIGN KEY (`RoleID`) REFERENCES `roles` (`RoleID`) ON DELETE CASCADE;
COMMIT;

/*!40101 SET CHARACTER_SET_CLIENT=@OLD_CHARACTER_SET_CLIENT */;
/*!40101 SET CHARACTER_SET_RESULTS=@OLD_CHARACTER_SET_RESULTS */;
/*!40101 SET COLLATION_CONNECTION=@OLD_COLLATION_CONNECTION */;
